-- -------------------------------------------------------------
-- TablePlus 5.9.6(546)
--
-- https://tableplus.com/
--
-- Database: snam
-- Generation Time: 2024-04-10 17:52:58.3510
-- -------------------------------------------------------------


/*!40101 SET @OLD_CHARACTER_SET_CLIENT=@@CHARACTER_SET_CLIENT */;
/*!40101 SET @OLD_CHARACTER_SET_RESULTS=@@CHARACTER_SET_RESULTS */;
/*!40101 SET @OLD_COLLATION_CONNECTION=@@COLLATION_CONNECTION */;
/*!40101 SET NAMES utf8mb4 */;
/*!40014 SET @OLD_UNIQUE_CHECKS=@@UNIQUE_CHECKS, UNIQUE_CHECKS=0 */;
/*!40014 SET @OLD_FOREIGN_KEY_CHECKS=@@FOREIGN_KEY_CHECKS, FOREIGN_KEY_CHECKS=0 */;
/*!40101 SET @OLD_SQL_MODE=@@SQL_MODE, SQL_MODE='NO_AUTO_VALUE_ON_ZERO' */;
/*!40111 SET @OLD_SQL_NOTES=@@SQL_NOTES, SQL_NOTES=0 */;


DROP TABLE IF EXISTS `sys_business_perm`;
CREATE TABLE `sys_business_perm` (
  `id` varchar(20) CHARACTER SET utf8mb4 COLLATE utf8mb4_0900_ai_ci NOT NULL DEFAULT '' COMMENT '主键ID',
  `menu_id` varchar(20) CHARACTER SET utf8mb4 COLLATE utf8mb4_0900_ai_ci DEFAULT NULL COMMENT '菜单ID',
  `button_id` varchar(50) CHARACTER SET utf8mb4 COLLATE utf8mb4_0900_ai_ci DEFAULT NULL COMMENT '功能按钮ID',
  `perm_name` varchar(20) CHARACTER SET utf8mb4 COLLATE utf8mb4_0900_ai_ci DEFAULT NULL COMMENT '权限名称',
  `perm_action` varchar(50) CHARACTER SET utf8mb4 COLLATE utf8mb4_0900_ai_ci DEFAULT NULL COMMENT '权限动作(标记)',
  `req_url` varchar(255) CHARACTER SET utf8mb4 COLLATE utf8mb4_0900_ai_ci DEFAULT NULL COMMENT '请求URL',
  `req_method` varchar(20) CHARACTER SET utf8mb4 COLLATE utf8mb4_0900_ai_ci DEFAULT 'GET' COMMENT '请求方法',
  `note` varchar(200) CHARACTER SET utf8mb4 COLLATE utf8mb4_0900_ai_ci DEFAULT NULL COMMENT '备注',
  `create_time` timestamp NOT NULL DEFAULT CURRENT_TIMESTAMP COMMENT '创建时间',
  `create_user` varchar(20) CHARACTER SET utf8mb4 COLLATE utf8mb4_0900_ai_ci DEFAULT NULL COMMENT '创建人',
  `update_user` varchar(20) CHARACTER SET utf8mb4 COLLATE utf8mb4_0900_ai_ci DEFAULT NULL COMMENT '更新人',
  `update_time` timestamp NOT NULL DEFAULT CURRENT_TIMESTAMP ON UPDATE CURRENT_TIMESTAMP COMMENT '更新时间',
  `create_user_cn_name` varchar(50) CHARACTER SET utf8mb4 COLLATE utf8mb4_0900_ai_ci DEFAULT NULL COMMENT '创建人姓名',
  `update_user_cn_name` varchar(50) CHARACTER SET utf8mb4 COLLATE utf8mb4_0900_ai_ci DEFAULT NULL COMMENT '更新人姓名',
  `action_ref` varchar(50) DEFAULT NULL COMMENT '引用Action',
  PRIMARY KEY (`id`) USING BTREE,
  KEY `INDEX_URL_METHOD` (`req_url`,`req_method`) USING BTREE,
  KEY `INDEX_ACTION` (`perm_action`) USING BTREE
) ENGINE=InnoDB DEFAULT CHARSET=utf8mb4 COLLATE=utf8mb4_0900_ai_ci ROW_FORMAT=DYNAMIC COMMENT='系统-业务权限定义';

DROP TABLE IF EXISTS `sys_button`;
CREATE TABLE `sys_button` (
  `id` varchar(50) CHARACTER SET utf8mb4 COLLATE utf8mb4_0900_ai_ci NOT NULL DEFAULT '' COMMENT 'id-编码',
  `button_name` varchar(50) CHARACTER SET utf8mb4 COLLATE utf8mb4_0900_ai_ci DEFAULT NULL COMMENT '按钮名称',
  `menu_id` varchar(20) CHARACTER SET utf8mb4 COLLATE utf8mb4_0900_ai_ci NOT NULL DEFAULT '' COMMENT '菜单ID',
  `note` varchar(50) CHARACTER SET utf8mb4 COLLATE utf8mb4_0900_ai_ci DEFAULT NULL COMMENT '备注',
  `create_time` timestamp NOT NULL DEFAULT CURRENT_TIMESTAMP COMMENT '创建时间',
  `create_user` varchar(20) CHARACTER SET utf8mb4 COLLATE utf8mb4_0900_ai_ci DEFAULT NULL COMMENT '创建人',
  `update_user` varchar(20) CHARACTER SET utf8mb4 COLLATE utf8mb4_0900_ai_ci DEFAULT NULL COMMENT '更新人',
  `update_time` timestamp NOT NULL DEFAULT CURRENT_TIMESTAMP ON UPDATE CURRENT_TIMESTAMP COMMENT '更新时间',
  `be_unauth` tinyint(1) NOT NULL DEFAULT '0' COMMENT '不需要权限控制',
  `create_user_cn_name` varchar(50) CHARACTER SET utf8mb4 COLLATE utf8mb4_0900_ai_ci DEFAULT NULL COMMENT '创建人姓名',
  `update_user_cn_name` varchar(50) CHARACTER SET utf8mb4 COLLATE utf8mb4_0900_ai_ci DEFAULT NULL COMMENT '更新人姓名',
  `sub_menu` varchar(50) CHARACTER SET utf8mb4 COLLATE utf8mb4_0900_ai_ci DEFAULT NULL COMMENT '子菜单名称',
  `group_id` varchar(20) DEFAULT NULL COMMENT '组织ID',
  `be_lock` tinyint(1) DEFAULT '0',
  PRIMARY KEY (`id`) USING BTREE
) ENGINE=InnoDB DEFAULT CHARSET=utf8mb4 COLLATE=utf8mb4_0900_ai_ci ROW_FORMAT=DYNAMIC COMMENT='系统-按钮定义';

DROP TABLE IF EXISTS `sys_cell_meta`;
CREATE TABLE `sys_cell_meta` (
  `id` varchar(20) CHARACTER SET utf8mb4 COLLATE utf8mb4_0900_ai_ci NOT NULL DEFAULT '',
  `resource_id` varchar(20) CHARACTER SET utf8mb4 COLLATE utf8mb4_0900_ai_ci DEFAULT NULL COMMENT '资源ID',
  `resource_type` varchar(20) CHARACTER SET utf8mb4 COLLATE utf8mb4_0900_ai_ci DEFAULT NULL COMMENT '资源类型',
  `cell_meta_name` varchar(50) CHARACTER SET utf8mb4 COLLATE utf8mb4_0900_ai_ci DEFAULT NULL COMMENT '列名',
  `cell_comment` varchar(100) CHARACTER SET utf8mb4 COLLATE utf8mb4_0900_ai_ci DEFAULT NULL COMMENT '列名描述',
  `cell_meta_type` varchar(50) CHARACTER SET utf8mb4 COLLATE utf8mb4_0900_ai_ci DEFAULT NULL COMMENT '列名数据类型',
  `create_time` timestamp NOT NULL DEFAULT CURRENT_TIMESTAMP COMMENT '创建时间',
  `create_user` varchar(20) CHARACTER SET utf8mb4 COLLATE utf8mb4_0900_ai_ci DEFAULT NULL COMMENT '创建人',
  `update_user` varchar(20) CHARACTER SET utf8mb4 COLLATE utf8mb4_0900_ai_ci DEFAULT NULL COMMENT '更新人',
  `update_time` timestamp NOT NULL DEFAULT CURRENT_TIMESTAMP ON UPDATE CURRENT_TIMESTAMP COMMENT '更新时间',
  `create_user_cn_name` varchar(50) CHARACTER SET utf8mb4 COLLATE utf8mb4_0900_ai_ci DEFAULT NULL COMMENT '创建人姓名',
  `update_user_cn_name` varchar(50) CHARACTER SET utf8mb4 COLLATE utf8mb4_0900_ai_ci DEFAULT NULL COMMENT '更新人姓名',
  PRIMARY KEY (`id`) USING BTREE
) ENGINE=InnoDB DEFAULT CHARSET=utf8mb4 COLLATE=utf8mb4_0900_ai_ci ROW_FORMAT=DYNAMIC COMMENT='系统-元素资源-列定义';

DROP TABLE IF EXISTS `sys_column_meta`;
CREATE TABLE `sys_column_meta` (
  `id` varchar(20) CHARACTER SET utf8mb4 COLLATE utf8mb4_0900_ai_ci NOT NULL DEFAULT '' COMMENT 'ID',
  `column_name` varchar(40) CHARACTER SET utf8mb4 COLLATE utf8mb4_0900_ai_ci DEFAULT NULL COMMENT '列名-',
  `column_type` varchar(30) CHARACTER SET utf8mb4 COLLATE utf8mb4_0900_ai_ci DEFAULT NULL COMMENT '列类型',
  `column_comment` varchar(100) CHARACTER SET utf8mb4 COLLATE utf8mb4_0900_ai_ci DEFAULT NULL COMMENT '列注解',
  PRIMARY KEY (`id`) USING BTREE
) ENGINE=InnoDB DEFAULT CHARSET=utf8mb4 COLLATE=utf8mb4_0900_ai_ci ROW_FORMAT=DYNAMIC COMMENT='系统-列定义';

DROP TABLE IF EXISTS `sys_data_perm_column`;
CREATE TABLE `sys_data_perm_column` (
  `id` varchar(30) NOT NULL DEFAULT '',
  `column_name` varchar(40) DEFAULT NULL COMMENT '列名',
  `table_name` varchar(50) DEFAULT NULL COMMENT '表名',
  `table_comment` varchar(100) DEFAULT NULL COMMENT '表注解',
  `column_type` varchar(30) DEFAULT NULL COMMENT '列类型',
  `column_comment` varchar(100) DEFAULT NULL COMMENT '列注解',
  `create_time` timestamp NOT NULL DEFAULT CURRENT_TIMESTAMP COMMENT '创建时间',
  `create_user` varchar(20) DEFAULT NULL COMMENT '创建人',
  `update_user` varchar(20) DEFAULT NULL COMMENT '更新人',
  `update_time` timestamp NOT NULL DEFAULT CURRENT_TIMESTAMP ON UPDATE CURRENT_TIMESTAMP COMMENT '更新时间',
  `create_user_cn_name` varchar(50) DEFAULT NULL COMMENT '创建人姓名',
  `update_user_cn_name` varchar(50) DEFAULT NULL COMMENT '更新人姓名',
  `group_id` varchar(20) DEFAULT NULL,
  PRIMARY KEY (`id`)
) ENGINE=InnoDB DEFAULT CHARSET=utf8mb4 COLLATE=utf8mb4_0900_ai_ci;

DROP TABLE IF EXISTS `sys_dict_child`;
CREATE TABLE `sys_dict_child` (
  `id` varchar(20) CHARACTER SET utf8mb4 COLLATE utf8mb4_0900_ai_ci NOT NULL,
  `dict_code` varchar(50) CHARACTER SET utf8mb4 COLLATE utf8mb4_0900_ai_ci DEFAULT NULL COMMENT '编号',
  `dict_name` varchar(80) CHARACTER SET utf8mb4 COLLATE utf8mb4_0900_ai_ci DEFAULT NULL COMMENT '名称',
  `priority` int DEFAULT NULL COMMENT '优先级(顺序)',
  `state` varchar(20) CHARACTER SET utf8mb4 COLLATE utf8mb4_0900_ai_ci DEFAULT NULL COMMENT '状态',
  `be_delete` tinyint(1) NOT NULL DEFAULT '0' COMMENT '是否删除',
  `parent_id` varchar(20) CHARACTER SET utf8mb4 COLLATE utf8mb4_0900_ai_ci DEFAULT NULL COMMENT '父ID',
  `create_time` timestamp NOT NULL DEFAULT CURRENT_TIMESTAMP COMMENT '创建时间',
  `create_user` varchar(20) CHARACTER SET utf8mb4 COLLATE utf8mb4_0900_ai_ci DEFAULT NULL COMMENT '创建人',
  `update_user` varchar(20) CHARACTER SET utf8mb4 COLLATE utf8mb4_0900_ai_ci DEFAULT NULL COMMENT '更新人',
  `update_time` timestamp NOT NULL DEFAULT CURRENT_TIMESTAMP ON UPDATE CURRENT_TIMESTAMP COMMENT '更新时间',
  `group_id` varchar(20) CHARACTER SET utf8mb4 COLLATE utf8mb4_0900_ai_ci DEFAULT NULL COMMENT '组织ID',
  `create_user_cn_name` varchar(50) CHARACTER SET utf8mb4 COLLATE utf8mb4_0900_ai_ci DEFAULT NULL COMMENT '创建人姓名',
  `update_user_cn_name` varchar(50) CHARACTER SET utf8mb4 COLLATE utf8mb4_0900_ai_ci DEFAULT NULL COMMENT '更新人姓名',
  `be_lock` tinyint(1) DEFAULT '0',
  PRIMARY KEY (`id`),
  KEY `saerch_index` (`dict_code`,`dict_name`,`state`,`parent_id`) USING BTREE
) ENGINE=InnoDB DEFAULT CHARSET=utf8mb4 COLLATE=utf8mb4_0900_ai_ci COMMENT='系统-字典-子项';

DROP TABLE IF EXISTS `sys_dictionary`;
CREATE TABLE `sys_dictionary` (
  `id` varchar(20) CHARACTER SET utf8mb4 COLLATE utf8mb4_0900_ai_ci NOT NULL,
  `dict_code` varchar(50) CHARACTER SET utf8mb4 COLLATE utf8mb4_0900_ai_ci DEFAULT NULL COMMENT '编号',
  `dict_name` varchar(80) CHARACTER SET utf8mb4 COLLATE utf8mb4_0900_ai_ci DEFAULT NULL COMMENT '名称',
  `dict_type` varchar(20) CHARACTER SET utf8mb4 COLLATE utf8mb4_0900_ai_ci DEFAULT NULL COMMENT '类型(系统SYSTEM|业务BUSINESS)',
  `priority` int DEFAULT NULL COMMENT '优先级(顺序)',
  `state` varchar(20) CHARACTER SET utf8mb4 COLLATE utf8mb4_0900_ai_ci DEFAULT NULL COMMENT '状态',
  `be_delete` tinyint(1) NOT NULL DEFAULT '0' COMMENT '是否删除',
  `create_time` timestamp NOT NULL DEFAULT CURRENT_TIMESTAMP COMMENT '创建时间',
  `create_user` varchar(20) CHARACTER SET utf8mb4 COLLATE utf8mb4_0900_ai_ci DEFAULT NULL COMMENT '创建人',
  `update_user` varchar(20) CHARACTER SET utf8mb4 COLLATE utf8mb4_0900_ai_ci DEFAULT NULL COMMENT '更新人',
  `update_time` timestamp NOT NULL DEFAULT CURRENT_TIMESTAMP ON UPDATE CURRENT_TIMESTAMP COMMENT '更新时间',
  `group_id` varchar(20) CHARACTER SET utf8mb4 COLLATE utf8mb4_0900_ai_ci DEFAULT NULL COMMENT '组织ID',
  `create_user_cn_name` varchar(50) CHARACTER SET utf8mb4 COLLATE utf8mb4_0900_ai_ci DEFAULT NULL COMMENT '创建人姓名',
  `update_user_cn_name` varchar(50) CHARACTER SET utf8mb4 COLLATE utf8mb4_0900_ai_ci DEFAULT NULL COMMENT '更新人姓名',
  `be_lock` tinyint(1) DEFAULT '0',
  PRIMARY KEY (`id`),
  KEY `search_index` (`dict_code`,`dict_name`,`state`) USING BTREE
) ENGINE=InnoDB DEFAULT CHARSET=utf8mb4 COLLATE=utf8mb4_0900_ai_ci COMMENT='系统-字典项';

DROP TABLE IF EXISTS `sys_dynamic_data_source`;
CREATE TABLE `sys_dynamic_data_source` (
  `id` varchar(20) NOT NULL DEFAULT '',
  `name` varchar(50) DEFAULT NULL COMMENT '名称',
  `driver_class_name` varchar(200) DEFAULT NULL COMMENT '驱动类名称',
  `url` varchar(500) DEFAULT NULL COMMENT 'url名称',
  `user_name` varchar(50) DEFAULT NULL COMMENT '用户名',
  `password` varchar(200) DEFAULT NULL COMMENT '密码',
  `create_time` timestamp NOT NULL DEFAULT CURRENT_TIMESTAMP COMMENT '创建时间',
  `create_user` varchar(20) DEFAULT NULL COMMENT '创建人',
  `update_user` varchar(20) DEFAULT NULL COMMENT '更新人',
  `update_time` timestamp NOT NULL DEFAULT CURRENT_TIMESTAMP ON UPDATE CURRENT_TIMESTAMP COMMENT '更新时间',
  `create_user_cn_name` varchar(50) DEFAULT NULL COMMENT '创建人姓名',
  `update_user_cn_name` varchar(50) DEFAULT NULL COMMENT '更新人姓名',
  PRIMARY KEY (`id`)
) ENGINE=InnoDB DEFAULT CHARSET=utf8mb4 COLLATE=utf8mb4_0900_ai_ci;

DROP TABLE IF EXISTS `sys_gate_limit`;
CREATE TABLE `sys_gate_limit` (
  `id` varchar(30) NOT NULL DEFAULT '',
  `name` varchar(50) CHARACTER SET utf8mb4 COLLATE utf8mb4_0900_ai_ci DEFAULT NULL COMMENT '名称',
  `rule_user` varchar(30) CHARACTER SET utf8mb4 COLLATE utf8mb4_0900_ai_ci DEFAULT NULL COMMENT '用户名规则',
  `rule_system_tag` varchar(30) DEFAULT NULL COMMENT '系统TAG规则',
  `rule_user_tag` varchar(30) DEFAULT NULL COMMENT '用户TAG规则',
  `rule_url` varchar(30) DEFAULT NULL COMMENT 'URL规则',
  `create_time` timestamp NOT NULL DEFAULT CURRENT_TIMESTAMP COMMENT '创建时间',
  `create_user` varchar(20) DEFAULT NULL COMMENT '创建人',
  `update_user` varchar(20) DEFAULT NULL COMMENT '更新人',
  `update_time` timestamp NOT NULL DEFAULT CURRENT_TIMESTAMP ON UPDATE CURRENT_TIMESTAMP COMMENT '更新时间',
  `create_user_cn_name` varchar(50) DEFAULT NULL COMMENT '创建人姓名',
  `update_user_cn_name` varchar(50) DEFAULT NULL COMMENT '更新人姓名',
  `group_id` varchar(20) DEFAULT NULL COMMENT '组织ID',
  `state` varchar(30) DEFAULT NULL COMMENT '状态',
  `duration_in_second` int DEFAULT NULL COMMENT '持续时间',
  `allow_volume` int DEFAULT NULL COMMENT '流量',
  `speed_in_second` int DEFAULT NULL COMMENT '增速',
  PRIMARY KEY (`id`)
) ENGINE=InnoDB DEFAULT CHARSET=utf8mb4 COLLATE=utf8mb4_0900_ai_ci;

DROP TABLE IF EXISTS `sys_gate_limit_request`;
CREATE TABLE `sys_gate_limit_request` (
  `id` varchar(30) NOT NULL DEFAULT '',
  `url` varchar(100) DEFAULT NULL COMMENT '匹配URL',
  `method` varchar(20) DEFAULT NULL COMMENT '请求方法',
  `ip` text CHARACTER SET utf8mb4 COLLATE utf8mb4_0900_ai_ci COMMENT '请求IP',
  `limit_id` varchar(30) DEFAULT NULL,
  `create_time` timestamp NOT NULL DEFAULT CURRENT_TIMESTAMP COMMENT '创建时间',
  `create_user` varchar(20) DEFAULT NULL COMMENT '创建人',
  `update_user` varchar(20) DEFAULT NULL COMMENT '更新人',
  `update_time` timestamp NOT NULL DEFAULT CURRENT_TIMESTAMP ON UPDATE CURRENT_TIMESTAMP COMMENT '更新时间',
  `create_user_cn_name` varchar(50) DEFAULT NULL COMMENT '创建人姓名',
  `update_user_cn_name` varchar(50) DEFAULT NULL COMMENT '更新人姓名',
  `group_id` varchar(20) DEFAULT NULL COMMENT '组织ID',
  `resource_id` varchar(30) CHARACTER SET utf8mb4 COLLATE utf8mb4_0900_ai_ci DEFAULT NULL,
  `resource_name` varchar(50) CHARACTER SET utf8mb4 COLLATE utf8mb4_0900_ai_ci DEFAULT NULL COMMENT '按钮名称',
  `limit_type` varchar(20) DEFAULT NULL COMMENT '类型',
  `priority` int DEFAULT NULL COMMENT '优先级',
  PRIMARY KEY (`id`)
) ENGINE=InnoDB DEFAULT CHARSET=utf8mb4 COLLATE=utf8mb4_0900_ai_ci;

DROP TABLE IF EXISTS `sys_gate_limit_stag`;
CREATE TABLE `sys_gate_limit_stag` (
  `id` varchar(30) NOT NULL DEFAULT '',
  `system_name` varchar(50) CHARACTER SET utf8mb4 COLLATE utf8mb4_0900_ai_ci DEFAULT NULL COMMENT '系统端',
  `system_tag` varchar(30) CHARACTER SET utf8mb4 COLLATE utf8mb4_0900_ai_ci DEFAULT NULL COMMENT '系统端名称',
  `limit_id` varchar(30) DEFAULT NULL,
  `create_time` timestamp NOT NULL DEFAULT CURRENT_TIMESTAMP COMMENT '创建时间',
  `create_user` varchar(20) DEFAULT NULL COMMENT '创建人',
  `update_user` varchar(20) DEFAULT NULL COMMENT '更新人',
  `update_time` timestamp NOT NULL DEFAULT CURRENT_TIMESTAMP ON UPDATE CURRENT_TIMESTAMP COMMENT '更新时间',
  `create_user_cn_name` varchar(50) DEFAULT NULL COMMENT '创建人姓名',
  `update_user_cn_name` varchar(50) DEFAULT NULL COMMENT '更新人姓名',
  `group_id` varchar(20) DEFAULT NULL COMMENT '组织ID',
  PRIMARY KEY (`id`)
) ENGINE=InnoDB DEFAULT CHARSET=utf8mb4 COLLATE=utf8mb4_0900_ai_ci;

DROP TABLE IF EXISTS `sys_gate_limit_user`;
CREATE TABLE `sys_gate_limit_user` (
  `id` varchar(30) NOT NULL DEFAULT '',
  `user_id` varchar(30) CHARACTER SET utf8mb4 COLLATE utf8mb4_0900_ai_ci DEFAULT NULL,
  `user_real_cn_name` varchar(50) DEFAULT NULL COMMENT '用户中文名',
  `limit_id` varchar(30) DEFAULT NULL,
  `create_time` timestamp NOT NULL DEFAULT CURRENT_TIMESTAMP COMMENT '创建时间',
  `create_user` varchar(20) DEFAULT NULL COMMENT '创建人',
  `update_user` varchar(20) DEFAULT NULL COMMENT '更新人',
  `update_time` timestamp NOT NULL DEFAULT CURRENT_TIMESTAMP ON UPDATE CURRENT_TIMESTAMP COMMENT '更新时间',
  `create_user_cn_name` varchar(50) DEFAULT NULL COMMENT '创建人姓名',
  `update_user_cn_name` varchar(50) DEFAULT NULL COMMENT '更新人姓名',
  `group_id` varchar(20) DEFAULT NULL COMMENT '组织ID',
  PRIMARY KEY (`id`)
) ENGINE=InnoDB DEFAULT CHARSET=utf8mb4 COLLATE=utf8mb4_0900_ai_ci;

DROP TABLE IF EXISTS `sys_gate_limit_utag`;
CREATE TABLE `sys_gate_limit_utag` (
  `id` varchar(30) NOT NULL DEFAULT '',
  `tag_code` varchar(30) DEFAULT NULL COMMENT 'TAG编码',
  `tag_name` varchar(50) DEFAULT NULL COMMENT 'TAG名称',
  `limit_id` varchar(30) DEFAULT NULL,
  `create_time` timestamp NOT NULL DEFAULT CURRENT_TIMESTAMP COMMENT '创建时间',
  `create_user` varchar(20) DEFAULT NULL COMMENT '创建人',
  `update_user` varchar(20) DEFAULT NULL COMMENT '更新人',
  `update_time` timestamp NOT NULL DEFAULT CURRENT_TIMESTAMP ON UPDATE CURRENT_TIMESTAMP COMMENT '更新时间',
  `create_user_cn_name` varchar(50) DEFAULT NULL COMMENT '创建人姓名',
  `update_user_cn_name` varchar(50) DEFAULT NULL COMMENT '更新人姓名',
  `group_id` varchar(20) DEFAULT NULL COMMENT '组织ID',
  PRIMARY KEY (`id`)
) ENGINE=InnoDB DEFAULT CHARSET=utf8mb4 COLLATE=utf8mb4_0900_ai_ci;

DROP TABLE IF EXISTS `sys_group`;
CREATE TABLE `sys_group` (
  `id` varchar(20) CHARACTER SET utf8mb4 COLLATE utf8mb4_0900_ai_ci NOT NULL DEFAULT '' COMMENT 'ID',
  `grht` int DEFAULT NULL COMMENT '右节点',
  `glft` int DEFAULT NULL COMMENT '左节点',
  `group_name` varchar(50) CHARACTER SET utf8mb4 COLLATE utf8mb4_0900_ai_ci DEFAULT NULL COMMENT '组织名称',
  `parent_id` varchar(20) CHARACTER SET utf8mb4 COLLATE utf8mb4_0900_ai_ci DEFAULT NULL COMMENT '父组织ID',
  `group_level` int DEFAULT NULL COMMENT '组织层级',
  `be_deleted` tinyint(1) NOT NULL DEFAULT '0' COMMENT '是否删除（0：未删除，1：已删除）',
  `create_time` timestamp NOT NULL DEFAULT CURRENT_TIMESTAMP COMMENT '创建时间',
  `create_user` varchar(20) CHARACTER SET utf8mb4 COLLATE utf8mb4_0900_ai_ci DEFAULT NULL COMMENT '创建人',
  `update_user` varchar(20) CHARACTER SET utf8mb4 COLLATE utf8mb4_0900_ai_ci DEFAULT NULL COMMENT '更新人',
  `update_time` timestamp NOT NULL DEFAULT CURRENT_TIMESTAMP ON UPDATE CURRENT_TIMESTAMP COMMENT '更新时间',
  `group_id` varchar(20) CHARACTER SET utf8mb4 COLLATE utf8mb4_0900_ai_ci DEFAULT NULL,
  `create_user_cn_name` varchar(50) CHARACTER SET utf8mb4 COLLATE utf8mb4_0900_ai_ci DEFAULT NULL COMMENT '创建人姓名',
  `update_user_cn_name` varchar(50) CHARACTER SET utf8mb4 COLLATE utf8mb4_0900_ai_ci DEFAULT NULL COMMENT '更新人姓名',
  `be_lock` tinyint(1) DEFAULT '0',
  PRIMARY KEY (`id`) USING BTREE,
  UNIQUE KEY `UNIQUE` (`group_name`,`parent_id`) USING BTREE
) ENGINE=InnoDB DEFAULT CHARSET=utf8mb4 COLLATE=utf8mb4_0900_ai_ci ROW_FORMAT=DYNAMIC COMMENT='系统-架构组织定义';

DROP TABLE IF EXISTS `sys_group_entrust`;
CREATE TABLE `sys_group_entrust` (
  `id` varchar(20) CHARACTER SET utf8mb4 COLLATE utf8mb4_0900_ai_ci NOT NULL DEFAULT '' COMMENT '主键ID',
  `user_id` varchar(20) CHARACTER SET utf8mb4 COLLATE utf8mb4_0900_ai_ci DEFAULT NULL COMMENT '用户ID',
  `perm_id` varchar(20) CHARACTER SET utf8mb4 COLLATE utf8mb4_0900_ai_ci DEFAULT NULL COMMENT '权限ID',
  `group_entrust_id` varchar(20) CHARACTER SET utf8mb4 COLLATE utf8mb4_0900_ai_ci DEFAULT NULL COMMENT '代理组织ID',
  `create_time` timestamp NOT NULL DEFAULT CURRENT_TIMESTAMP COMMENT '创建时间',
  `create_user` varchar(20) CHARACTER SET utf8mb4 COLLATE utf8mb4_0900_ai_ci DEFAULT NULL COMMENT '创建人',
  `update_user` varchar(20) CHARACTER SET utf8mb4 COLLATE utf8mb4_0900_ai_ci DEFAULT NULL COMMENT '更新人',
  `update_time` timestamp NOT NULL DEFAULT CURRENT_TIMESTAMP ON UPDATE CURRENT_TIMESTAMP COMMENT '更新时间',
  `create_user_cn_name` varchar(50) CHARACTER SET utf8mb4 COLLATE utf8mb4_0900_ai_ci DEFAULT NULL COMMENT '创建人姓名',
  `update_user_cn_name` varchar(50) CHARACTER SET utf8mb4 COLLATE utf8mb4_0900_ai_ci DEFAULT NULL COMMENT '更新人姓名',
  `org_id` varchar(20) CHARACTER SET utf8mb4 COLLATE utf8mb4_0900_ai_ci DEFAULT NULL COMMENT '组织ID(用户所在的组织)',
  PRIMARY KEY (`id`) USING BTREE,
  KEY `INDEX_PERM_USER` (`perm_id`,`user_id`) USING BTREE
) ENGINE=InnoDB DEFAULT CHARSET=utf8mb4 COLLATE=utf8mb4_0900_ai_ci ROW_FORMAT=DYNAMIC COMMENT='系统-数据资源-组织委托';

DROP TABLE IF EXISTS `sys_group_except_entrust`;
CREATE TABLE `sys_group_except_entrust` (
  `id` varchar(30) NOT NULL DEFAULT '',
  `group_except_entrust_id` varchar(20) DEFAULT NULL COMMENT '代理组织ID',
  `user_id` varchar(20) DEFAULT NULL COMMENT '用户ID',
  `perm_id` varchar(20) DEFAULT NULL COMMENT '权限ID',
  `create_time` timestamp NOT NULL DEFAULT CURRENT_TIMESTAMP COMMENT '创建时间',
  `create_user` varchar(20) DEFAULT NULL COMMENT '创建人',
  `update_user` varchar(20) DEFAULT NULL COMMENT '更新人',
  `update_time` timestamp NOT NULL DEFAULT CURRENT_TIMESTAMP ON UPDATE CURRENT_TIMESTAMP COMMENT '更新时间',
  `create_user_cn_name` varchar(50) DEFAULT NULL COMMENT '创建人姓名',
  `update_user_cn_name` varchar(50) DEFAULT NULL COMMENT '更新人姓名',
  `org_id` varchar(20) DEFAULT NULL COMMENT '组织ID(用户所在的组织)',
  PRIMARY KEY (`id`),
  KEY `INDEX_PERM_USER` (`perm_id`,`user_id`) USING BTREE
) ENGINE=InnoDB DEFAULT CHARSET=utf8mb4 COLLATE=utf8mb4_0900_ai_ci;

DROP TABLE IF EXISTS `sys_hmac_log`;
CREATE TABLE `sys_hmac_log` (
  `id` varchar(20) NOT NULL,
  `data_from` varchar(50) DEFAULT NULL COMMENT '数据来源',
  `data_to` varchar(50) DEFAULT NULL COMMENT '数据目的地',
  `data_content` text COMMENT '数据内容',
  `exchange_url` varchar(500) DEFAULT NULL COMMENT '传输地址',
  `exchange_method` varchar(30) DEFAULT NULL COMMENT '传输方法',
  `exchange_param` text COMMENT '参数名称',
  `exchange_name` varchar(50) DEFAULT NULL COMMENT '传输名称',
  `exchange_time` timestamp NULL DEFAULT NULL COMMENT '传输时间',
  `exception_msg` text COMMENT '异常信息',
  `state` varchar(30) DEFAULT NULL COMMENT '传输状态',
  `ip_address` varchar(20) DEFAULT NULL COMMENT 'IP地址',
  `create_user_cn_name` varchar(50) CHARACTER SET utf8mb4 COLLATE utf8mb4_0900_ai_ci DEFAULT NULL COMMENT '创建人姓名',
  `update_user_cn_name` varchar(50) CHARACTER SET utf8mb4 COLLATE utf8mb4_0900_ai_ci DEFAULT NULL COMMENT '更新人姓名',
  `create_time` timestamp NOT NULL DEFAULT CURRENT_TIMESTAMP COMMENT '创建时间',
  `create_user` varchar(20) DEFAULT NULL COMMENT '创建人',
  `update_user` varchar(20) DEFAULT NULL COMMENT '更新人',
  `update_time` timestamp NOT NULL DEFAULT CURRENT_TIMESTAMP ON UPDATE CURRENT_TIMESTAMP COMMENT '更新时间',
  PRIMARY KEY (`id`)
) ENGINE=InnoDB DEFAULT CHARSET=utf8mb4 COLLATE=utf8mb4_0900_ai_ci COMMENT='系统-对外接口-日志';

DROP TABLE IF EXISTS `sys_hmac_user`;
CREATE TABLE `sys_hmac_user` (
  `id` varchar(20) NOT NULL,
  `system_name` varchar(80) DEFAULT NULL COMMENT '外部系统名称',
  `app_id` varchar(30) DEFAULT NULL COMMENT '外部应用ID',
  `app_key` varchar(30) DEFAULT NULL COMMENT '秘钥',
  `expire_date` timestamp NULL DEFAULT NULL COMMENT '过期时间',
  `user_id` varchar(20) DEFAULT NULL COMMENT '用户ID',
  `white_ips` varchar(200) DEFAULT NULL COMMENT '白名单IP列表(以逗号间隔)',
  `state` varchar(30) DEFAULT 'ACTIVE' COMMENT '状态',
  `create_time` timestamp NOT NULL DEFAULT CURRENT_TIMESTAMP COMMENT '创建时间',
  `create_user` varchar(20) DEFAULT NULL COMMENT '创建人',
  `update_user` varchar(20) DEFAULT NULL COMMENT '更新人',
  `update_time` timestamp NOT NULL DEFAULT CURRENT_TIMESTAMP ON UPDATE CURRENT_TIMESTAMP COMMENT '更新时间',
  `create_user_cn_name` varchar(50) CHARACTER SET utf8mb4 COLLATE utf8mb4_0900_ai_ci DEFAULT NULL COMMENT '创建人姓名',
  `update_user_cn_name` varchar(50) CHARACTER SET utf8mb4 COLLATE utf8mb4_0900_ai_ci DEFAULT NULL COMMENT '更新人姓名',
  `note` text COMMENT '备注',
  `org_id` varchar(20) CHARACTER SET utf8mb4 COLLATE utf8mb4_0900_ai_ci DEFAULT NULL COMMENT '用户对应的组织',
  PRIMARY KEY (`id`),
  KEY `appid_index` (`app_id`) USING BTREE
) ENGINE=InnoDB DEFAULT CHARSET=utf8mb4 COLLATE=utf8mb4_0900_ai_ci COMMENT='系统-对外接口-用户';

DROP TABLE IF EXISTS `sys_menu`;
CREATE TABLE `sys_menu` (
  `id` varchar(20) CHARACTER SET utf8mb4 COLLATE utf8mb4_0900_ai_ci NOT NULL DEFAULT '' COMMENT 'id-编码',
  `menu_name` varchar(50) CHARACTER SET utf8mb4 COLLATE utf8mb4_0900_ai_ci DEFAULT NULL COMMENT '菜单名称',
  `entitle` varchar(50) CHARACTER SET utf8mb4 COLLATE utf8mb4_0900_ai_ci DEFAULT NULL COMMENT '英文名称',
  `menu_type` varchar(30) CHARACTER SET utf8mb4 COLLATE utf8mb4_0900_ai_ci DEFAULT NULL COMMENT '菜单类型',
  `be_unauth` tinyint(1) NOT NULL DEFAULT '0' COMMENT '不需要权限控制',
  `parent_id` varchar(20) CHARACTER SET utf8mb4 COLLATE utf8mb4_0900_ai_ci DEFAULT NULL COMMENT '上级菜单',
  `priority` smallint DEFAULT NULL COMMENT '优先级',
  `redirect` varchar(50) CHARACTER SET utf8mb4 COLLATE utf8mb4_0900_ai_ci DEFAULT NULL COMMENT '跳转链接',
  `icon` varchar(30) CHARACTER SET utf8mb4 COLLATE utf8mb4_0900_ai_ci DEFAULT NULL COMMENT '图标类名',
  `be_hidden` tinyint(1) DEFAULT '0' COMMENT '是否隐藏',
  `create_time` timestamp NOT NULL DEFAULT CURRENT_TIMESTAMP COMMENT '创建时间',
  `create_user` varchar(20) CHARACTER SET utf8mb4 COLLATE utf8mb4_0900_ai_ci DEFAULT NULL COMMENT '创建人',
  `update_user` varchar(20) CHARACTER SET utf8mb4 COLLATE utf8mb4_0900_ai_ci DEFAULT NULL COMMENT '更新人',
  `update_time` timestamp NOT NULL DEFAULT CURRENT_TIMESTAMP ON UPDATE CURRENT_TIMESTAMP COMMENT '更新时间',
  `create_user_cn_name` varchar(50) CHARACTER SET utf8mb4 COLLATE utf8mb4_0900_ai_ci DEFAULT NULL COMMENT '创建人姓名',
  `update_user_cn_name` varchar(50) CHARACTER SET utf8mb4 COLLATE utf8mb4_0900_ai_ci DEFAULT NULL COMMENT '更新人姓名',
  `group_id` varchar(20) DEFAULT NULL COMMENT '组织ID',
  `be_lock` tinyint(1) DEFAULT '0',
  PRIMARY KEY (`id`) USING BTREE
) ENGINE=InnoDB DEFAULT CHARSET=utf8mb4 COLLATE=utf8mb4_0900_ai_ci ROW_FORMAT=DYNAMIC COMMENT='系统-菜单定义';

DROP TABLE IF EXISTS `sys_message`;
CREATE TABLE `sys_message` (
  `id` varchar(20) CHARACTER SET utf8mb4 COLLATE utf8mb4_0900_ai_ci NOT NULL DEFAULT '' COMMENT 'id',
  `message` text CHARACTER SET utf8mb4 COLLATE utf8mb4_0900_ai_ci COMMENT '消息内容',
  `receive_user_no` varchar(20) CHARACTER SET utf8mb4 COLLATE utf8mb4_0900_ai_ci DEFAULT NULL COMMENT '接收用户账号',
  `state` varchar(20) CHARACTER SET utf8mb4 COLLATE utf8mb4_0900_ai_ci NOT NULL DEFAULT 'UNREAD' COMMENT '状态(未读UNREAD/已读READED)',
  `create_time` timestamp NOT NULL DEFAULT CURRENT_TIMESTAMP COMMENT '创建时间',
  `create_user` varchar(20) CHARACTER SET utf8mb4 COLLATE utf8mb4_0900_ai_ci DEFAULT NULL COMMENT '创建人',
  `update_user` varchar(20) CHARACTER SET utf8mb4 COLLATE utf8mb4_0900_ai_ci DEFAULT NULL COMMENT '更新人',
  `update_time` timestamp NOT NULL DEFAULT CURRENT_TIMESTAMP ON UPDATE CURRENT_TIMESTAMP COMMENT '更新时间',
  `group_id` varchar(20) CHARACTER SET utf8mb4 COLLATE utf8mb4_0900_ai_ci DEFAULT NULL COMMENT '组织ID',
  `create_user_cn_name` varchar(50) CHARACTER SET utf8mb4 COLLATE utf8mb4_0900_ai_ci DEFAULT NULL COMMENT '创建人姓名',
  `update_user_cn_name` varchar(50) CHARACTER SET utf8mb4 COLLATE utf8mb4_0900_ai_ci DEFAULT NULL COMMENT '更新人姓名',
  `title` varchar(50) DEFAULT NULL COMMENT '消息主题',
  `message_type` varchar(30) CHARACTER SET utf8mb4 COLLATE utf8mb4_0900_ai_ci DEFAULT '待办' COMMENT '消息类型(系统/提单/...)',
  `avatar` varchar(100) CHARACTER SET utf8mb4 COLLATE utf8mb4_0900_ai_ci DEFAULT NULL COMMENT '图片',
  `to_url` varchar(500) CHARACTER SET utf8mb4 COLLATE utf8mb4_0900_ai_ci DEFAULT NULL COMMENT '跳转url',
  `to_title` varchar(255) DEFAULT NULL COMMENT '跳转标题',
  PRIMARY KEY (`id`) USING BTREE
) ENGINE=InnoDB DEFAULT CHARSET=utf8mb4 COLLATE=utf8mb4_0900_ai_ci COMMENT='系统-消息';

DROP TABLE IF EXISTS `sys_param`;
CREATE TABLE `sys_param` (
  `id` varchar(20) CHARACTER SET utf8mb4 COLLATE utf8mb4_0900_ai_ci NOT NULL,
  `param_name` varchar(100) CHARACTER SET utf8mb4 COLLATE utf8mb4_0900_ai_ci DEFAULT NULL COMMENT '参数名称',
  `param_code` varchar(50) CHARACTER SET utf8mb4 COLLATE utf8mb4_0900_ai_ci DEFAULT NULL COMMENT '参数编码',
  `param_value` varchar(50) CHARACTER SET utf8mb4 COLLATE utf8mb4_0900_ai_ci DEFAULT NULL COMMENT '参数值',
  `be_delete` tinyint(1) DEFAULT '0' COMMENT '是否删除',
  `create_time` timestamp NOT NULL DEFAULT CURRENT_TIMESTAMP COMMENT '创建时间',
  `create_user` varchar(20) CHARACTER SET utf8mb4 COLLATE utf8mb4_0900_ai_ci DEFAULT NULL COMMENT '创建人',
  `update_user` varchar(20) CHARACTER SET utf8mb4 COLLATE utf8mb4_0900_ai_ci DEFAULT NULL COMMENT '更新人',
  `update_time` timestamp NOT NULL DEFAULT CURRENT_TIMESTAMP ON UPDATE CURRENT_TIMESTAMP COMMENT '更新时间',
  `group_id` varchar(20) CHARACTER SET utf8mb4 COLLATE utf8mb4_0900_ai_ci DEFAULT NULL COMMENT '组织ID',
  `create_user_cn_name` varchar(50) CHARACTER SET utf8mb4 COLLATE utf8mb4_0900_ai_ci DEFAULT NULL COMMENT '创建人姓名',
  `update_user_cn_name` varchar(50) CHARACTER SET utf8mb4 COLLATE utf8mb4_0900_ai_ci DEFAULT NULL COMMENT '更新人姓名',
  `note` text COMMENT '备注',
  `be_lock` tinyint(1) DEFAULT '0',
  PRIMARY KEY (`id`)
) ENGINE=InnoDB DEFAULT CHARSET=utf8mb4 COLLATE=utf8mb4_0900_ai_ci COMMENT='系统-参数定义';

DROP TABLE IF EXISTS `sys_position`;
CREATE TABLE `sys_position` (
  `id` varchar(20) CHARACTER SET utf8mb4 COLLATE utf8mb4_0900_ai_ci NOT NULL,
  `post_name` varchar(50) CHARACTER SET utf8mb4 COLLATE utf8mb4_0900_ai_ci DEFAULT NULL COMMENT '职位名称',
  `org_id` varchar(20) CHARACTER SET utf8mb4 COLLATE utf8mb4_0900_ai_ci DEFAULT NULL COMMENT '对应的组织',
  `be_manager` tinyint(1) NOT NULL DEFAULT '0' COMMENT '是否为主管',
  `note` varchar(50) CHARACTER SET utf8mb4 COLLATE utf8mb4_0900_ai_ci DEFAULT NULL COMMENT '备注',
  `state` varchar(20) CHARACTER SET utf8mb4 COLLATE utf8mb4_0900_ai_ci DEFAULT 'ACTIVE' COMMENT '状态',
  `create_time` timestamp NULL DEFAULT CURRENT_TIMESTAMP COMMENT '创建时间',
  `create_user` varchar(20) CHARACTER SET utf8mb4 COLLATE utf8mb4_0900_ai_ci DEFAULT NULL COMMENT '创建人',
  `update_user` varchar(20) CHARACTER SET utf8mb4 COLLATE utf8mb4_0900_ai_ci DEFAULT NULL COMMENT '更新时间',
  `update_time` timestamp NOT NULL DEFAULT CURRENT_TIMESTAMP ON UPDATE CURRENT_TIMESTAMP COMMENT '更新人',
  `group_id` varchar(20) CHARACTER SET utf8mb4 COLLATE utf8mb4_0900_ai_ci DEFAULT NULL COMMENT '组织ID',
  `perm_scope` varchar(30) CHARACTER SET utf8mb4 COLLATE utf8mb4_0900_ai_ci DEFAULT NULL COMMENT '权限范围',
  `create_user_cn_name` varchar(50) CHARACTER SET utf8mb4 COLLATE utf8mb4_0900_ai_ci DEFAULT NULL COMMENT '创建人姓名',
  `update_user_cn_name` varchar(50) CHARACTER SET utf8mb4 COLLATE utf8mb4_0900_ai_ci DEFAULT NULL COMMENT '更新人姓名',
  `be_lock` tinyint(1) DEFAULT '0',
  PRIMARY KEY (`id`) USING BTREE
) ENGINE=InnoDB DEFAULT CHARSET=utf8mb4 COLLATE=utf8mb4_0900_ai_ci COMMENT='系统-岗位定义';

DROP TABLE IF EXISTS `sys_position_group_entrust`;
CREATE TABLE `sys_position_group_entrust` (
  `id` varchar(20) CHARACTER SET utf8mb4 COLLATE utf8mb4_0900_ai_ci NOT NULL,
  `position_id` varchar(20) CHARACTER SET utf8mb4 COLLATE utf8mb4_0900_ai_ci DEFAULT NULL COMMENT '职位ID',
  `group_entrust_id` varchar(20) CHARACTER SET utf8mb4 COLLATE utf8mb4_0900_ai_ci DEFAULT NULL COMMENT '代理组织ID',
  `create_time` timestamp NULL DEFAULT CURRENT_TIMESTAMP COMMENT '创建时间',
  `create_user` varchar(20) CHARACTER SET utf8mb4 COLLATE utf8mb4_0900_ai_ci DEFAULT NULL COMMENT '创建人',
  `update_user` varchar(20) CHARACTER SET utf8mb4 COLLATE utf8mb4_0900_ai_ci DEFAULT NULL COMMENT '更新时间',
  `update_time` timestamp NOT NULL DEFAULT CURRENT_TIMESTAMP ON UPDATE CURRENT_TIMESTAMP COMMENT '更新人',
  `group_id` varchar(20) CHARACTER SET utf8mb4 COLLATE utf8mb4_0900_ai_ci DEFAULT NULL COMMENT '组织ID',
  `create_user_cn_name` varchar(50) CHARACTER SET utf8mb4 COLLATE utf8mb4_0900_ai_ci DEFAULT NULL COMMENT '创建人姓名',
  `update_user_cn_name` varchar(50) CHARACTER SET utf8mb4 COLLATE utf8mb4_0900_ai_ci DEFAULT NULL COMMENT '更新人姓名',
  PRIMARY KEY (`id`),
  KEY `INDEX_POSITION` (`position_id`) USING BTREE
) ENGINE=InnoDB DEFAULT CHARSET=utf8mb4 COLLATE=utf8mb4_0900_ai_ci COMMENT='系统-数据资源-岗位委托';

DROP TABLE IF EXISTS `sys_position_role`;
CREATE TABLE `sys_position_role` (
  `id` varchar(20) CHARACTER SET utf8mb4 COLLATE utf8mb4_0900_ai_ci NOT NULL,
  `role_id` varchar(20) CHARACTER SET utf8mb4 COLLATE utf8mb4_0900_ai_ci DEFAULT NULL COMMENT '角色ID',
  `position_id` varchar(20) CHARACTER SET utf8mb4 COLLATE utf8mb4_0900_ai_ci DEFAULT NULL COMMENT '职位ID',
  `create_time` timestamp NULL DEFAULT CURRENT_TIMESTAMP COMMENT '创建时间',
  `create_user` varchar(20) CHARACTER SET utf8mb4 COLLATE utf8mb4_0900_ai_ci DEFAULT NULL COMMENT '创建人',
  `update_user` varchar(20) CHARACTER SET utf8mb4 COLLATE utf8mb4_0900_ai_ci DEFAULT NULL COMMENT '更新时间',
  `update_time` timestamp NOT NULL DEFAULT CURRENT_TIMESTAMP ON UPDATE CURRENT_TIMESTAMP COMMENT '更新人',
  `group_id` varchar(20) CHARACTER SET utf8mb4 COLLATE utf8mb4_0900_ai_ci DEFAULT NULL COMMENT '组织ID',
  `create_user_cn_name` varchar(50) CHARACTER SET utf8mb4 COLLATE utf8mb4_0900_ai_ci DEFAULT NULL COMMENT '创建人姓名',
  `update_user_cn_name` varchar(50) CHARACTER SET utf8mb4 COLLATE utf8mb4_0900_ai_ci DEFAULT NULL COMMENT '更新人姓名',
  PRIMARY KEY (`id`),
  KEY `INDEX_POSITION` (`position_id`) USING BTREE
) ENGINE=InnoDB DEFAULT CHARSET=utf8mb4 COLLATE=utf8mb4_0900_ai_ci COMMENT='系统-岗位-角色关系';

DROP TABLE IF EXISTS `sys_position_user_entrust`;
CREATE TABLE `sys_position_user_entrust` (
  `id` varchar(20) CHARACTER SET utf8mb4 COLLATE utf8mb4_0900_ai_ci NOT NULL,
  `position_id` varchar(20) CHARACTER SET utf8mb4 COLLATE utf8mb4_0900_ai_ci DEFAULT NULL COMMENT '职位ID',
  `user_id` varchar(20) CHARACTER SET utf8mb4 COLLATE utf8mb4_0900_ai_ci DEFAULT NULL COMMENT '用户ID',
  `create_time` timestamp NULL DEFAULT CURRENT_TIMESTAMP COMMENT '创建时间',
  `create_user` varchar(20) CHARACTER SET utf8mb4 COLLATE utf8mb4_0900_ai_ci DEFAULT NULL COMMENT '创建人',
  `update_user` varchar(20) CHARACTER SET utf8mb4 COLLATE utf8mb4_0900_ai_ci DEFAULT NULL COMMENT '更新时间',
  `update_time` timestamp NOT NULL DEFAULT CURRENT_TIMESTAMP ON UPDATE CURRENT_TIMESTAMP COMMENT '更新人',
  `group_id` varchar(20) CHARACTER SET utf8mb4 COLLATE utf8mb4_0900_ai_ci DEFAULT NULL COMMENT '组织ID',
  `create_user_cn_name` varchar(50) CHARACTER SET utf8mb4 COLLATE utf8mb4_0900_ai_ci DEFAULT NULL COMMENT '创建人姓名',
  `update_user_cn_name` varchar(50) CHARACTER SET utf8mb4 COLLATE utf8mb4_0900_ai_ci DEFAULT NULL COMMENT '更新人姓名',
  PRIMARY KEY (`id`),
  KEY `INDEX_POSITION` (`position_id`) USING BTREE
) ENGINE=InnoDB DEFAULT CHARSET=utf8mb4 COLLATE=utf8mb4_0900_ai_ci COMMENT='系统-数据资源-岗位人员委托';

DROP TABLE IF EXISTS `sys_resource_api`;
CREATE TABLE `sys_resource_api` (
  `id` varchar(20) CHARACTER SET utf8mb4 COLLATE utf8mb4_0900_ai_ci NOT NULL DEFAULT '',
  `resource_id` varchar(50) CHARACTER SET utf8mb4 COLLATE utf8mb4_0900_ai_ci DEFAULT NULL COMMENT '资源ID',
  `resource_type` varchar(20) CHARACTER SET utf8mb4 COLLATE utf8mb4_0900_ai_ci DEFAULT 'MENU' COMMENT '资源类型',
  `req_url` varchar(255) CHARACTER SET utf8mb4 COLLATE utf8mb4_0900_ai_ci DEFAULT NULL COMMENT '请求URL',
  `req_method` varchar(20) CHARACTER SET utf8mb4 COLLATE utf8mb4_0900_ai_ci DEFAULT 'GET' COMMENT '请求方法',
  `state` varchar(30) CHARACTER SET utf8mb4 COLLATE utf8mb4_0900_ai_ci DEFAULT 'ACTIVE' COMMENT '状态',
  `create_time` timestamp NOT NULL DEFAULT CURRENT_TIMESTAMP COMMENT '创建时间',
  `create_user` varchar(20) CHARACTER SET utf8mb4 COLLATE utf8mb4_0900_ai_ci DEFAULT NULL COMMENT '创建人',
  `update_user` varchar(20) CHARACTER SET utf8mb4 COLLATE utf8mb4_0900_ai_ci DEFAULT NULL COMMENT '更新人',
  `update_time` timestamp NOT NULL DEFAULT CURRENT_TIMESTAMP ON UPDATE CURRENT_TIMESTAMP COMMENT '更新时间',
  `create_user_cn_name` varchar(50) CHARACTER SET utf8mb4 COLLATE utf8mb4_0900_ai_ci DEFAULT NULL COMMENT '创建人姓名',
  `update_user_cn_name` varchar(50) CHARACTER SET utf8mb4 COLLATE utf8mb4_0900_ai_ci DEFAULT NULL COMMENT '更新人姓名',
  PRIMARY KEY (`id`) USING BTREE,
  UNIQUE KEY `UNIQUE` (`resource_id`,`resource_type`) USING BTREE,
  KEY `INDEX_URL_METHOD` (`req_url`,`req_method`) USING BTREE
) ENGINE=InnoDB DEFAULT CHARSET=utf8mb4 COLLATE=utf8mb4_0900_ai_ci ROW_FORMAT=DYNAMIC COMMENT='系统-元素资源-API定义';

DROP TABLE IF EXISTS `sys_role`;
CREATE TABLE `sys_role` (
  `id` varchar(20) CHARACTER SET utf8mb4 COLLATE utf8mb4_0900_ai_ci NOT NULL DEFAULT '' COMMENT 'id',
  `role_name` varchar(50) CHARACTER SET utf8mb4 COLLATE utf8mb4_0900_ai_ci DEFAULT NULL COMMENT '角色名称',
  `note` varchar(255) CHARACTER SET utf8mb4 COLLATE utf8mb4_0900_ai_ci DEFAULT NULL COMMENT '备注',
  `state` varchar(20) CHARACTER SET utf8mb4 COLLATE utf8mb4_0900_ai_ci DEFAULT 'ACTIVE' COMMENT '状态',
  `create_time` timestamp NULL DEFAULT CURRENT_TIMESTAMP COMMENT '创建时间',
  `create_user` varchar(20) CHARACTER SET utf8mb4 COLLATE utf8mb4_0900_ai_ci DEFAULT NULL COMMENT '创建人',
  `update_user` varchar(20) CHARACTER SET utf8mb4 COLLATE utf8mb4_0900_ai_ci DEFAULT NULL COMMENT '更新时间',
  `update_time` timestamp NOT NULL DEFAULT CURRENT_TIMESTAMP ON UPDATE CURRENT_TIMESTAMP COMMENT '更新人',
  `group_id` varchar(20) CHARACTER SET utf8mb4 COLLATE utf8mb4_0900_ai_ci DEFAULT NULL COMMENT '组织ID',
  `be_super` tinyint(1) DEFAULT '0' COMMENT '是否超级管理员',
  `create_user_cn_name` varchar(50) CHARACTER SET utf8mb4 COLLATE utf8mb4_0900_ai_ci DEFAULT NULL COMMENT '创建人姓名',
  `update_user_cn_name` varchar(50) CHARACTER SET utf8mb4 COLLATE utf8mb4_0900_ai_ci DEFAULT NULL COMMENT '更新人姓名',
  `be_lock` tinyint(1) DEFAULT '0',
  PRIMARY KEY (`id`) USING BTREE
) ENGINE=InnoDB DEFAULT CHARSET=utf8mb4 COLLATE=utf8mb4_0900_ai_ci ROW_FORMAT=DYNAMIC COMMENT='系统-角色定义';

DROP TABLE IF EXISTS `sys_role_resource`;
CREATE TABLE `sys_role_resource` (
  `id` varchar(20) CHARACTER SET utf8mb4 COLLATE utf8mb4_0900_ai_ci NOT NULL DEFAULT '' COMMENT '角色资源关系id',
  `resource_id` varchar(50) CHARACTER SET utf8mb4 COLLATE utf8mb4_0900_ai_ci NOT NULL DEFAULT '' COMMENT '资源id',
  `role_id` varchar(20) CHARACTER SET utf8mb4 COLLATE utf8mb4_0900_ai_ci NOT NULL DEFAULT '' COMMENT '角色id',
  `resource_type` varchar(50) CHARACTER SET utf8mb4 COLLATE utf8mb4_0900_ai_ci NOT NULL COMMENT '资源类型',
  `create_time` timestamp NOT NULL DEFAULT CURRENT_TIMESTAMP COMMENT '创建时间',
  `update_time` timestamp NOT NULL DEFAULT CURRENT_TIMESTAMP COMMENT '更新时间',
  `create_user` varchar(20) CHARACTER SET utf8mb4 COLLATE utf8mb4_0900_ai_ci DEFAULT NULL COMMENT '创建人',
  `update_user` varchar(20) CHARACTER SET utf8mb4 COLLATE utf8mb4_0900_ai_ci DEFAULT NULL COMMENT '更新人',
  `create_user_cn_name` varchar(50) CHARACTER SET utf8mb4 COLLATE utf8mb4_0900_ai_ci DEFAULT NULL COMMENT '创建人姓名',
  `update_user_cn_name` varchar(50) CHARACTER SET utf8mb4 COLLATE utf8mb4_0900_ai_ci DEFAULT NULL COMMENT '更新人姓名',
  PRIMARY KEY (`id`) USING BTREE,
  UNIQUE KEY `UNIQUE` (`resource_id`,`role_id`,`resource_type`) USING BTREE,
  KEY `INDEX_ROLE` (`role_id`) USING BTREE
) ENGINE=InnoDB DEFAULT CHARSET=utf8mb4 COLLATE=utf8mb4_0900_ai_ci ROW_FORMAT=DYNAMIC COMMENT='系统-角色-资源关系';

DROP TABLE IF EXISTS `sys_user`;
CREATE TABLE `sys_user` (
  `id` varchar(20) CHARACTER SET utf8mb4 COLLATE utf8mb4_0900_ai_ci NOT NULL DEFAULT '' COMMENT 'id',
  `user_no` varchar(20) CHARACTER SET utf8mb4 COLLATE utf8mb4_0900_ai_ci DEFAULT NULL COMMENT '工号',
  `user_sex` varchar(4) CHARACTER SET utf8mb4 COLLATE utf8mb4_0900_ai_ci DEFAULT NULL COMMENT '性别',
  `user_passwd` varchar(50) CHARACTER SET utf8mb4 COLLATE utf8mb4_0900_ai_ci DEFAULT NULL COMMENT '密码',
  `user_mobile` varchar(20) CHARACTER SET utf8mb4 COLLATE utf8mb4_0900_ai_ci DEFAULT NULL COMMENT '联系方式',
  `line_phone` varchar(20) CHARACTER SET utf8mb4 COLLATE utf8mb4_0900_ai_ci DEFAULT NULL COMMENT '联系方式',
  `user_real_en_name` varchar(16) CHARACTER SET utf8mb4 COLLATE utf8mb4_0900_ai_ci DEFAULT NULL COMMENT '英文名',
  `user_real_cn_name` varchar(10) CHARACTER SET utf8mb4 COLLATE utf8mb4_0900_ai_ci DEFAULT NULL COMMENT '中文名',
  `user_email` varchar(50) CHARACTER SET utf8mb4 COLLATE utf8mb4_0900_ai_ci DEFAULT NULL COMMENT '邮箱',
  `expire_time` timestamp NULL DEFAULT NULL COMMENT '过期时间',
  `create_time` timestamp NOT NULL DEFAULT CURRENT_TIMESTAMP COMMENT '创建时间',
  `create_user` varchar(20) CHARACTER SET utf8mb4 COLLATE utf8mb4_0900_ai_ci DEFAULT NULL COMMENT '创建人',
  `update_user` varchar(20) CHARACTER SET utf8mb4 COLLATE utf8mb4_0900_ai_ci DEFAULT NULL COMMENT '更新人',
  `update_time` timestamp NOT NULL DEFAULT CURRENT_TIMESTAMP ON UPDATE CURRENT_TIMESTAMP COMMENT '更新时间',
  `secret_key` mediumtext CHARACTER SET utf8mb4 COLLATE utf8mb4_0900_ai_ci COMMENT '公钥',
  `avatar` varchar(200) CHARACTER SET utf8mb4 COLLATE utf8mb4_0900_ai_ci DEFAULT NULL COMMENT '头像',
  `state` varchar(30) CHARACTER SET utf8mb4 COLLATE utf8mb4_0900_ai_ci DEFAULT 'UNACTIVE' COMMENT '状态',
  `note` varchar(500) CHARACTER SET utf8mb4 COLLATE utf8mb4_0900_ai_ci DEFAULT NULL COMMENT '备注',
  `qq` varchar(20) CHARACTER SET utf8mb4 COLLATE utf8mb4_0900_ai_ci DEFAULT NULL COMMENT 'QQ ',
  `weixin` varchar(50) CHARACTER SET utf8mb4 COLLATE utf8mb4_0900_ai_ci DEFAULT NULL COMMENT '微信',
  `user_tag` mediumtext CHARACTER SET utf8mb4 COLLATE utf8mb4_0900_ai_ci,
  `create_user_cn_name` varchar(50) CHARACTER SET utf8mb4 COLLATE utf8mb4_0900_ai_ci DEFAULT NULL COMMENT '创建人姓名',
  `update_user_cn_name` varchar(50) CHARACTER SET utf8mb4 COLLATE utf8mb4_0900_ai_ci DEFAULT NULL COMMENT '更新人姓名',
  `pin_yin` varchar(100) CHARACTER SET utf8mb4 COLLATE utf8mb4_0900_ai_ci DEFAULT NULL COMMENT '拼音简称',
  `be_search` tinyint(1) NOT NULL DEFAULT '1' COMMENT '是否可以被搜索',
  `user_email_pwd` varchar(50) DEFAULT NULL COMMENT '邮箱密码',
  `user_email_host` varchar(50) DEFAULT NULL COMMENT '邮箱服务器',
  `user_email_protocol` varchar(50) DEFAULT NULL COMMENT '邮箱协议',
  `full_pin_yin` varchar(100) CHARACTER SET utf8mb4 COLLATE utf8mb4_0900_ai_ci DEFAULT NULL,
  `job_no` varchar(50) DEFAULT NULL COMMENT '工号',
  `auth_pass` varchar(50) DEFAULT NULL COMMENT '授权码',
  `auth_pass_start` timestamp NULL DEFAULT NULL COMMENT '授权码生效起始时间',
  `auth_pass_end` timestamp NULL DEFAULT NULL COMMENT '授权码生效结束时间',
  `work_no` varchar(20) DEFAULT NULL COMMENT '工号',
  `be_multi_login` tinyint(1) DEFAULT '0' COMMENT '是否多点登录',
  `expire_policy` varchar(30) DEFAULT NULL COMMENT '过期策略(固定/最后访问)',
  `be_lock` tinyint(1) DEFAULT '0',
  PRIMARY KEY (`id`) USING BTREE,
  UNIQUE KEY `unique_user_no` (`user_no`) USING BTREE
) ENGINE=InnoDB DEFAULT CHARSET=utf8mb4 COLLATE=utf8mb4_0900_ai_ci ROW_FORMAT=DYNAMIC COMMENT='系统-用户定义';

DROP TABLE IF EXISTS `sys_user_business_perm`;
CREATE TABLE `sys_user_business_perm` (
  `id` varchar(20) CHARACTER SET utf8mb4 COLLATE utf8mb4_0900_ai_ci NOT NULL DEFAULT '' COMMENT '主键ID',
  `user_id` varchar(20) CHARACTER SET utf8mb4 COLLATE utf8mb4_0900_ai_ci DEFAULT NULL COMMENT '用户ID',
  `perm_id` varchar(20) CHARACTER SET utf8mb4 COLLATE utf8mb4_0900_ai_ci DEFAULT NULL COMMENT '权限ID',
  `perm_scope` varchar(30) CHARACTER SET utf8mb4 COLLATE utf8mb4_0900_ai_ci DEFAULT NULL COMMENT '权限范围',
  `perm_start_time` timestamp NULL DEFAULT NULL COMMENT '权限失效开始',
  `perm_end_time` timestamp NULL DEFAULT NULL COMMENT '权限失效结束',
  `create_time` timestamp NOT NULL DEFAULT CURRENT_TIMESTAMP COMMENT '创建时间',
  `create_user` varchar(20) CHARACTER SET utf8mb4 COLLATE utf8mb4_0900_ai_ci DEFAULT NULL COMMENT '创建人',
  `update_user` varchar(20) CHARACTER SET utf8mb4 COLLATE utf8mb4_0900_ai_ci DEFAULT NULL COMMENT '更新人',
  `update_time` timestamp NOT NULL DEFAULT CURRENT_TIMESTAMP ON UPDATE CURRENT_TIMESTAMP COMMENT '更新时间',
  `create_user_cn_name` varchar(50) CHARACTER SET utf8mb4 COLLATE utf8mb4_0900_ai_ci DEFAULT NULL COMMENT '创建人姓名',
  `update_user_cn_name` varchar(50) CHARACTER SET utf8mb4 COLLATE utf8mb4_0900_ai_ci DEFAULT NULL COMMENT '更新人姓名',
  `org_id` varchar(20) CHARACTER SET utf8mb4 COLLATE utf8mb4_0900_ai_ci DEFAULT NULL COMMENT '组织ID(用户所在的组织)',
  PRIMARY KEY (`id`) USING BTREE,
  KEY `INDEX_PERM_USER` (`perm_id`,`user_id`) USING BTREE
) ENGINE=InnoDB DEFAULT CHARSET=utf8mb4 COLLATE=utf8mb4_0900_ai_ci ROW_FORMAT=DYNAMIC COMMENT='系统-数据资源-用户业务权限关系';

DROP TABLE IF EXISTS `sys_user_column_perm`;
CREATE TABLE `sys_user_column_perm` (
  `id` varchar(30) NOT NULL DEFAULT '',
  `column_express` text CHARACTER SET utf8mb4 COLLATE utf8mb4_0900_ai_ci COMMENT '权限列,以逗号间隔',
  `user_id` varchar(30) DEFAULT NULL COMMENT '用户ID',
  `perm_id` varchar(30) DEFAULT NULL COMMENT '权限ID',
  `org_id` varchar(20) DEFAULT '',
  `perm_start_time` timestamp NULL DEFAULT NULL COMMENT '开始时间',
  `perm_end_time` timestamp NULL DEFAULT NULL COMMENT '结束时间',
  `create_time` timestamp NOT NULL DEFAULT CURRENT_TIMESTAMP COMMENT '创建时间',
  `create_user` varchar(20) DEFAULT NULL COMMENT '创建人',
  `update_user` varchar(20) DEFAULT NULL COMMENT '更新人',
  `update_time` timestamp NOT NULL DEFAULT CURRENT_TIMESTAMP ON UPDATE CURRENT_TIMESTAMP COMMENT '更新时间',
  `create_user_cn_name` varchar(50) DEFAULT NULL COMMENT '创建人姓名',
  `update_user_cn_name` varchar(50) DEFAULT NULL COMMENT '更新人姓名',
  PRIMARY KEY (`id`)
) ENGINE=InnoDB DEFAULT CHARSET=utf8mb4 COLLATE=utf8mb4_0900_ai_ci;

DROP TABLE IF EXISTS `sys_user_data_perm`;
CREATE TABLE `sys_user_data_perm` (
  `id` varchar(30) NOT NULL DEFAULT '',
  `user_id` varchar(30) DEFAULT NULL COMMENT '用户ID',
  `perm_id` varchar(30) DEFAULT NULL COMMENT '权限ID',
  `org_id` varchar(20) DEFAULT '',
  `perm_start_time` timestamp NULL DEFAULT NULL COMMENT '开始时间',
  `perm_end_time` timestamp NULL DEFAULT NULL COMMENT '结束时间',
  `perm_express` text CHARACTER SET utf8mb4 COLLATE utf8mb4_0900_ai_ci COMMENT '表达式',
  `create_time` timestamp NOT NULL DEFAULT CURRENT_TIMESTAMP COMMENT '创建时间',
  `create_user` varchar(20) DEFAULT NULL COMMENT '创建人',
  `update_user` varchar(20) DEFAULT NULL COMMENT '更新人',
  `update_time` timestamp NOT NULL DEFAULT CURRENT_TIMESTAMP ON UPDATE CURRENT_TIMESTAMP COMMENT '更新时间',
  `create_user_cn_name` varchar(50) DEFAULT NULL COMMENT '创建人姓名',
  `update_user_cn_name` varchar(50) DEFAULT NULL COMMENT '更新人姓名',
  `be_or_condition` tinyint(1) DEFAULT '0',
  `be_force_condition` tinyint(1) DEFAULT '0' COMMENT '原始SQL有相同条件时忽略',
  PRIMARY KEY (`id`)
) ENGINE=InnoDB DEFAULT CHARSET=utf8mb4 COLLATE=utf8mb4_0900_ai_ci;

DROP TABLE IF EXISTS `sys_user_entrust`;
CREATE TABLE `sys_user_entrust` (
  `id` varchar(20) CHARACTER SET utf8mb4 COLLATE utf8mb4_0900_ai_ci NOT NULL COMMENT '主键ID',
  `user_id` varchar(20) CHARACTER SET utf8mb4 COLLATE utf8mb4_0900_ai_ci DEFAULT NULL COMMENT '用户ID',
  `user_entrust_id` varchar(20) CHARACTER SET utf8mb4 COLLATE utf8mb4_0900_ai_ci DEFAULT NULL COMMENT '代理用户ID',
  `create_time` timestamp NOT NULL DEFAULT CURRENT_TIMESTAMP COMMENT '创建时间',
  `create_user` varchar(20) CHARACTER SET utf8mb4 COLLATE utf8mb4_0900_ai_ci DEFAULT NULL COMMENT '创建人',
  `update_user` varchar(20) CHARACTER SET utf8mb4 COLLATE utf8mb4_0900_ai_ci DEFAULT NULL COMMENT '更新人',
  `update_time` timestamp NOT NULL DEFAULT CURRENT_TIMESTAMP ON UPDATE CURRENT_TIMESTAMP COMMENT '更新时间',
  `perm_id` varchar(20) CHARACTER SET utf8mb4 COLLATE utf8mb4_0900_ai_ci DEFAULT NULL COMMENT '业务权限id',
  `create_user_cn_name` varchar(50) CHARACTER SET utf8mb4 COLLATE utf8mb4_0900_ai_ci DEFAULT NULL COMMENT '创建人姓名',
  `update_user_cn_name` varchar(50) CHARACTER SET utf8mb4 COLLATE utf8mb4_0900_ai_ci DEFAULT NULL COMMENT '更新人姓名',
  `org_id` varchar(20) CHARACTER SET utf8mb4 COLLATE utf8mb4_0900_ai_ci DEFAULT NULL COMMENT '组织ID(用户所在的组织)',
  PRIMARY KEY (`id`) USING BTREE,
  KEY `INDEX_PERM_USER` (`perm_id`,`user_id`) USING BTREE
) ENGINE=InnoDB DEFAULT CHARSET=utf8mb4 COLLATE=utf8mb4_0900_ai_ci ROW_FORMAT=DYNAMIC COMMENT='系统-数据资源-用户委托';

DROP TABLE IF EXISTS `sys_user_except_entrust`;
CREATE TABLE `sys_user_except_entrust` (
  `id` varchar(30) NOT NULL DEFAULT '',
  `user_except_entrust_id` varchar(20) DEFAULT NULL COMMENT '代理用户ID',
  `user_id` varchar(20) DEFAULT NULL COMMENT '用户ID',
  `create_time` timestamp NOT NULL DEFAULT CURRENT_TIMESTAMP COMMENT '创建时间',
  `create_user` varchar(20) DEFAULT NULL COMMENT '创建人',
  `update_user` varchar(20) DEFAULT NULL COMMENT '更新人',
  `update_time` timestamp NOT NULL DEFAULT CURRENT_TIMESTAMP ON UPDATE CURRENT_TIMESTAMP COMMENT '更新时间',
  `perm_id` varchar(20) DEFAULT NULL COMMENT '业务权限id',
  `create_user_cn_name` varchar(50) DEFAULT NULL COMMENT '创建人姓名',
  `update_user_cn_name` varchar(50) DEFAULT NULL COMMENT '更新人姓名',
  `org_id` varchar(20) DEFAULT NULL COMMENT '组织ID(用户所在的组织)',
  PRIMARY KEY (`id`),
  KEY `INDEX_PERM_USER` (`perm_id`,`user_id`) USING BTREE
) ENGINE=InnoDB DEFAULT CHARSET=utf8mb4 COLLATE=utf8mb4_0900_ai_ci;

DROP TABLE IF EXISTS `sys_user_group`;
CREATE TABLE `sys_user_group` (
  `id` varchar(20) CHARACTER SET utf8mb4 COLLATE utf8mb4_0900_ai_ci NOT NULL,
  `user_id` varchar(20) CHARACTER SET utf8mb4 COLLATE utf8mb4_0900_ai_ci DEFAULT NULL COMMENT '用户ID',
  `group_id` varchar(20) CHARACTER SET utf8mb4 COLLATE utf8mb4_0900_ai_ci DEFAULT NULL COMMENT '组织ID',
  `create_time` timestamp NULL DEFAULT CURRENT_TIMESTAMP COMMENT '创建时间',
  `create_user` varchar(20) CHARACTER SET utf8mb4 COLLATE utf8mb4_0900_ai_ci DEFAULT NULL COMMENT '创建人',
  `update_user` varchar(20) CHARACTER SET utf8mb4 COLLATE utf8mb4_0900_ai_ci DEFAULT NULL COMMENT '更新时间',
  `update_time` timestamp NOT NULL DEFAULT CURRENT_TIMESTAMP ON UPDATE CURRENT_TIMESTAMP COMMENT '更新人',
  `create_user_cn_name` varchar(50) CHARACTER SET utf8mb4 COLLATE utf8mb4_0900_ai_ci DEFAULT NULL COMMENT '创建人姓名',
  `update_user_cn_name` varchar(50) CHARACTER SET utf8mb4 COLLATE utf8mb4_0900_ai_ci DEFAULT NULL COMMENT '更新人姓名',
  `org_id` varchar(20) CHARACTER SET utf8mb4 COLLATE utf8mb4_0900_ai_ci DEFAULT NULL COMMENT '组织ID(用户所在的组织)',
  PRIMARY KEY (`id`),
  KEY `INDEX_USER` (`user_id`) USING BTREE
) ENGINE=InnoDB DEFAULT CHARSET=utf8mb4 COLLATE=utf8mb4_0900_ai_ci COMMENT='系统-用户-组织关系';

DROP TABLE IF EXISTS `sys_user_log`;
CREATE TABLE `sys_user_log` (
  `id` varchar(20) CHARACTER SET utf8mb4 COLLATE utf8mb4_0900_ai_ci NOT NULL,
  `exchange_url` varchar(500) CHARACTER SET utf8mb4 COLLATE utf8mb4_0900_ai_ci DEFAULT NULL COMMENT '传输地址',
  `exchange_method` varchar(30) CHARACTER SET utf8mb4 COLLATE utf8mb4_0900_ai_ci DEFAULT NULL COMMENT '传输方法',
  `exchange_param` mediumtext CHARACTER SET utf8mb4 COLLATE utf8mb4_0900_ai_ci COMMENT '参数名称',
  `exchange_name` varchar(50) CHARACTER SET utf8mb4 COLLATE utf8mb4_0900_ai_ci DEFAULT NULL COMMENT '传输名称',
  `exchange_time` timestamp NULL DEFAULT NULL COMMENT '传输时间',
  `exception_msg` mediumtext CHARACTER SET utf8mb4 COLLATE utf8mb4_0900_ai_ci COMMENT '异常信息',
  `state` varchar(30) CHARACTER SET utf8mb4 COLLATE utf8mb4_0900_ai_ci DEFAULT NULL COMMENT '传输状态',
  `ip_address` varchar(55) CHARACTER SET utf8mb4 COLLATE utf8mb4_0900_ai_ci DEFAULT NULL COMMENT 'IP地址',
  `create_user_cn_name` varchar(50) CHARACTER SET utf8mb4 COLLATE utf8mb4_0900_ai_ci DEFAULT NULL COMMENT '创建人姓名',
  `update_user_cn_name` varchar(50) CHARACTER SET utf8mb4 COLLATE utf8mb4_0900_ai_ci DEFAULT NULL COMMENT '更新人姓名',
  `create_time` timestamp NOT NULL DEFAULT CURRENT_TIMESTAMP COMMENT '创建时间',
  `create_user` varchar(20) CHARACTER SET utf8mb4 COLLATE utf8mb4_0900_ai_ci DEFAULT NULL COMMENT '创建人',
  `update_user` varchar(20) CHARACTER SET utf8mb4 COLLATE utf8mb4_0900_ai_ci DEFAULT NULL COMMENT '更新人',
  `update_time` timestamp NOT NULL DEFAULT CURRENT_TIMESTAMP ON UPDATE CURRENT_TIMESTAMP COMMENT '更新时间',
  `execute_method` varchar(100) CHARACTER SET utf8mb4 COLLATE utf8mb4_0900_ai_ci DEFAULT NULL COMMENT '执行方法',
  `execute_timer` int DEFAULT NULL COMMENT '耗时[秒]',
  `execute_module_name` varchar(30) CHARACTER SET utf8mb4 COLLATE utf8mb4_0900_ai_ci DEFAULT NULL COMMENT '微服务名称',
  `log_type_code` varchar(30) CHARACTER SET utf8mb4 COLLATE utf8mb4_0900_ai_ci DEFAULT NULL COMMENT '日志类型编码',
  `browser` varchar(100) CHARACTER SET utf8mb4 COLLATE utf8mb4_0900_ai_ci DEFAULT NULL COMMENT 'web浏览器+版本',
  `os` varchar(100) CHARACTER SET utf8mb4 COLLATE utf8mb4_0900_ai_ci DEFAULT NULL COMMENT '操作系统+版本',
  `response_data` text COMMENT '返回信息',
  `system_tag` varchar(30) CHARACTER SET utf8mb4 COLLATE utf8mb4_0900_ai_ci DEFAULT NULL COMMENT '登录的系统',
  PRIMARY KEY (`id`) USING BTREE
) ENGINE=InnoDB DEFAULT CHARSET=utf8mb4 COLLATE=utf8mb4_0900_ai_ci COMMENT='系统-用户-操作日志';

DROP TABLE IF EXISTS `sys_user_position`;
CREATE TABLE `sys_user_position` (
  `id` varchar(20) CHARACTER SET utf8mb4 COLLATE utf8mb4_0900_ai_ci NOT NULL,
  `user_id` varchar(20) CHARACTER SET utf8mb4 COLLATE utf8mb4_0900_ai_ci DEFAULT NULL COMMENT '用户ID',
  `position_id` varchar(20) CHARACTER SET utf8mb4 COLLATE utf8mb4_0900_ai_ci DEFAULT NULL COMMENT '职位ID',
  `create_time` timestamp NULL DEFAULT CURRENT_TIMESTAMP COMMENT '创建时间',
  `create_user` varchar(20) CHARACTER SET utf8mb4 COLLATE utf8mb4_0900_ai_ci DEFAULT NULL COMMENT '创建人',
  `update_user` varchar(20) CHARACTER SET utf8mb4 COLLATE utf8mb4_0900_ai_ci DEFAULT NULL COMMENT '更新时间',
  `update_time` timestamp NOT NULL DEFAULT CURRENT_TIMESTAMP ON UPDATE CURRENT_TIMESTAMP COMMENT '更新人',
  `create_user_cn_name` varchar(50) CHARACTER SET utf8mb4 COLLATE utf8mb4_0900_ai_ci DEFAULT NULL COMMENT '创建人姓名',
  `update_user_cn_name` varchar(50) CHARACTER SET utf8mb4 COLLATE utf8mb4_0900_ai_ci DEFAULT NULL COMMENT '更新人姓名',
  `group_id` varchar(20) CHARACTER SET utf8mb4 COLLATE utf8mb4_0900_ai_ci DEFAULT NULL COMMENT '组织ID',
  PRIMARY KEY (`id`),
  KEY `INDEX_USER` (`user_id`) USING BTREE
) ENGINE=InnoDB DEFAULT CHARSET=utf8mb4 COLLATE=utf8mb4_0900_ai_ci COMMENT='系统-用户-职位关系';

DROP TABLE IF EXISTS `sys_user_role`;
CREATE TABLE `sys_user_role` (
  `user_id` varchar(20) CHARACTER SET utf8mb4 COLLATE utf8mb4_0900_ai_ci NOT NULL COMMENT '用户ID',
  `role_id` varchar(20) CHARACTER SET utf8mb4 COLLATE utf8mb4_0900_ai_ci NOT NULL COMMENT '角色ID',
  `id` varchar(20) CHARACTER SET utf8mb4 COLLATE utf8mb4_0900_ai_ci NOT NULL COMMENT 'id',
  `org_id` varchar(20) CHARACTER SET utf8mb4 COLLATE utf8mb4_0900_ai_ci DEFAULT NULL COMMENT '组织ID',
  PRIMARY KEY (`id`) USING BTREE,
  KEY `INDEX_USER` (`user_id`) USING BTREE
) ENGINE=InnoDB DEFAULT CHARSET=utf8mb4 COLLATE=utf8mb4_0900_ai_ci ROW_FORMAT=DYNAMIC COMMENT='系统-用户-角色关系';

DROP TABLE IF EXISTS `sys_user_uset`;
CREATE TABLE `sys_user_uset` (
  `id` varchar(20) NOT NULL DEFAULT '',
  `uset_id` varchar(20) CHARACTER SET utf8mb4 COLLATE utf8mb4_0900_ai_ci DEFAULT NULL COMMENT '用户组ID',
  `user_id` varchar(20) CHARACTER SET utf8mb4 COLLATE utf8mb4_0900_ai_ci DEFAULT NULL COMMENT '用户ID',
  `org_id` varchar(20) DEFAULT NULL COMMENT '组织ID(用户所在的组织)',
  PRIMARY KEY (`id`)
) ENGINE=InnoDB DEFAULT CHARSET=utf8mb4 COLLATE=utf8mb4_0900_ai_ci;

DROP TABLE IF EXISTS `sys_uset`;
CREATE TABLE `sys_uset` (
  `id` varchar(20) NOT NULL DEFAULT '',
  `uset_name` varchar(50) DEFAULT NULL COMMENT '用户组名称',
  `note` varchar(255) DEFAULT NULL COMMENT '备注',
  `state` varchar(20) DEFAULT 'ACTIVE' COMMENT '状态',
  `create_time` timestamp NULL DEFAULT CURRENT_TIMESTAMP COMMENT '创建时间',
  `create_user` varchar(20) DEFAULT NULL COMMENT '创建人',
  `update_user` varchar(20) DEFAULT NULL COMMENT '更新时间',
  `update_time` timestamp NOT NULL DEFAULT CURRENT_TIMESTAMP ON UPDATE CURRENT_TIMESTAMP COMMENT '更新人',
  `group_id` varchar(20) DEFAULT NULL COMMENT '组织ID',
  `create_user_cn_name` varchar(50) DEFAULT NULL COMMENT '创建人姓名',
  `update_user_cn_name` varchar(50) DEFAULT NULL COMMENT '更新人姓名',
  `be_lock` tinyint(1) DEFAULT '0',
  PRIMARY KEY (`id`)
) ENGINE=InnoDB DEFAULT CHARSET=utf8mb4 COLLATE=utf8mb4_0900_ai_ci;

DROP TABLE IF EXISTS `sys_uset_business_perm`;
CREATE TABLE `sys_uset_business_perm` (
  `id` varchar(20) NOT NULL DEFAULT '',
  `uset_id` varchar(20) DEFAULT NULL COMMENT '用户组ID',
  `perm_id` varchar(20) DEFAULT NULL COMMENT '权限ID',
  `perm_scope` varchar(30) DEFAULT NULL COMMENT '权限范围',
  `perm_start_time` timestamp NULL DEFAULT NULL COMMENT '权限失效开始',
  `perm_end_time` timestamp NULL DEFAULT NULL COMMENT '权限失效结束',
  `create_time` timestamp NOT NULL DEFAULT CURRENT_TIMESTAMP COMMENT '创建时间',
  `create_user` varchar(20) DEFAULT NULL COMMENT '创建人',
  `update_user` varchar(20) DEFAULT NULL COMMENT '更新人',
  `update_time` timestamp NOT NULL DEFAULT CURRENT_TIMESTAMP ON UPDATE CURRENT_TIMESTAMP COMMENT '更新时间',
  `create_user_cn_name` varchar(50) DEFAULT NULL COMMENT '创建人姓名',
  `update_user_cn_name` varchar(50) DEFAULT NULL COMMENT '更新人姓名',
  PRIMARY KEY (`id`)
) ENGINE=InnoDB DEFAULT CHARSET=utf8mb4 COLLATE=utf8mb4_0900_ai_ci;

DROP TABLE IF EXISTS `sys_uset_column_perm`;
CREATE TABLE `sys_uset_column_perm` (
  `id` varchar(30) NOT NULL DEFAULT '',
  `column_express` text CHARACTER SET utf8mb4 COLLATE utf8mb4_0900_ai_ci COMMENT '表达式',
  `uset_id` varchar(30) DEFAULT NULL COMMENT '用户组ID',
  `perm_id` varchar(30) DEFAULT NULL COMMENT '权限ID',
  `perm_start_time` timestamp NULL DEFAULT NULL COMMENT '开始时间',
  `perm_end_time` timestamp NULL DEFAULT NULL COMMENT '结束时间',
  `create_time` timestamp NOT NULL DEFAULT CURRENT_TIMESTAMP COMMENT '创建时间',
  `create_user` varchar(20) DEFAULT NULL COMMENT '创建人',
  `update_user` varchar(20) DEFAULT NULL COMMENT '更新人',
  `update_time` timestamp NOT NULL DEFAULT CURRENT_TIMESTAMP ON UPDATE CURRENT_TIMESTAMP COMMENT '更新时间',
  `create_user_cn_name` varchar(50) DEFAULT NULL COMMENT '创建人姓名',
  `update_user_cn_name` varchar(50) DEFAULT NULL COMMENT '更新人姓名',
  PRIMARY KEY (`id`)
) ENGINE=InnoDB DEFAULT CHARSET=utf8mb4 COLLATE=utf8mb4_0900_ai_ci;

DROP TABLE IF EXISTS `sys_uset_data_perm`;
CREATE TABLE `sys_uset_data_perm` (
  `id` varchar(30) NOT NULL DEFAULT '',
  `uset_id` varchar(30) DEFAULT NULL COMMENT '用户组ID',
  `perm_id` varchar(30) DEFAULT NULL COMMENT '权限ID',
  `perm_start_time` timestamp NULL DEFAULT NULL COMMENT '开始时间',
  `perm_end_time` timestamp NULL DEFAULT NULL COMMENT '结束时间',
  `perm_express` text COMMENT '表达式',
  `create_time` timestamp NOT NULL DEFAULT CURRENT_TIMESTAMP COMMENT '创建时间',
  `create_user` varchar(20) DEFAULT NULL COMMENT '创建人',
  `update_user` varchar(20) DEFAULT NULL COMMENT '更新人',
  `update_time` timestamp NOT NULL DEFAULT CURRENT_TIMESTAMP ON UPDATE CURRENT_TIMESTAMP COMMENT '更新时间',
  `create_user_cn_name` varchar(50) DEFAULT NULL COMMENT '创建人姓名',
  `update_user_cn_name` varchar(50) DEFAULT NULL COMMENT '更新人姓名',
  `be_or_condition` tinyint(1) DEFAULT '0',
  `be_force_condition` tinyint(1) DEFAULT '0' COMMENT '原始SQL有相同条件时忽略',
  PRIMARY KEY (`id`)
) ENGINE=InnoDB DEFAULT CHARSET=utf8mb4 COLLATE=utf8mb4_0900_ai_ci;

DROP TABLE IF EXISTS `sys_uset_group_entrust`;
CREATE TABLE `sys_uset_group_entrust` (
  `id` varchar(20) NOT NULL DEFAULT '',
  `group_entrust_id` varchar(20) DEFAULT NULL COMMENT '代理组织ID',
  `create_time` timestamp NULL DEFAULT CURRENT_TIMESTAMP COMMENT '创建时间',
  `create_user` varchar(20) DEFAULT NULL COMMENT '创建人',
  `update_user` varchar(20) DEFAULT NULL COMMENT '更新时间',
  `update_time` timestamp NOT NULL DEFAULT CURRENT_TIMESTAMP ON UPDATE CURRENT_TIMESTAMP COMMENT '更新人',
  `group_id` varchar(20) DEFAULT NULL COMMENT '组织ID',
  `create_user_cn_name` varchar(50) DEFAULT NULL COMMENT '创建人姓名',
  `update_user_cn_name` varchar(50) DEFAULT NULL COMMENT '更新人姓名',
  `uset_id` varchar(20) DEFAULT NULL COMMENT '用户组ID',
  `perm_id` varchar(20) DEFAULT NULL COMMENT '业务权限id',
  PRIMARY KEY (`id`)
) ENGINE=InnoDB DEFAULT CHARSET=utf8mb4 COLLATE=utf8mb4_0900_ai_ci;

DROP TABLE IF EXISTS `sys_uset_group_except_entrust`;
CREATE TABLE `sys_uset_group_except_entrust` (
  `id` varchar(30) NOT NULL DEFAULT '',
  `group_except_entrust_id` varchar(20) DEFAULT NULL COMMENT '代理组织ID',
  `create_time` timestamp NULL DEFAULT CURRENT_TIMESTAMP COMMENT '创建时间',
  `create_user` varchar(20) DEFAULT NULL COMMENT '创建人',
  `update_user` varchar(20) DEFAULT NULL COMMENT '更新时间',
  `update_time` timestamp NOT NULL DEFAULT CURRENT_TIMESTAMP ON UPDATE CURRENT_TIMESTAMP COMMENT '更新人',
  `group_id` varchar(20) DEFAULT NULL COMMENT '组织ID',
  `create_user_cn_name` varchar(50) DEFAULT NULL COMMENT '创建人姓名',
  `update_user_cn_name` varchar(50) DEFAULT NULL COMMENT '更新人姓名',
  `uset_id` varchar(20) DEFAULT NULL COMMENT '用户组ID',
  `perm_id` varchar(20) DEFAULT NULL COMMENT '业务权限id',
  PRIMARY KEY (`id`)
) ENGINE=InnoDB DEFAULT CHARSET=utf8mb4 COLLATE=utf8mb4_0900_ai_ci;

DROP TABLE IF EXISTS `sys_uset_role`;
CREATE TABLE `sys_uset_role` (
  `id` varchar(20) NOT NULL DEFAULT '',
  `uset_id` varchar(20) DEFAULT NULL,
  `role_id` varchar(20) DEFAULT NULL,
  PRIMARY KEY (`id`)
) ENGINE=InnoDB DEFAULT CHARSET=utf8mb4 COLLATE=utf8mb4_0900_ai_ci;

DROP TABLE IF EXISTS `sys_uset_user_entrust`;
CREATE TABLE `sys_uset_user_entrust` (
  `id` varchar(20) NOT NULL DEFAULT '',
  `user_entrust_id` varchar(20) CHARACTER SET utf8mb4 COLLATE utf8mb4_0900_ai_ci DEFAULT NULL COMMENT '代理用户ID',
  `create_time` timestamp NULL DEFAULT CURRENT_TIMESTAMP COMMENT '创建时间',
  `create_user` varchar(20) DEFAULT NULL COMMENT '创建人',
  `update_user` varchar(20) DEFAULT NULL COMMENT '更新时间',
  `update_time` timestamp NOT NULL DEFAULT CURRENT_TIMESTAMP ON UPDATE CURRENT_TIMESTAMP COMMENT '更新人',
  `group_id` varchar(20) DEFAULT NULL COMMENT '组织ID',
  `create_user_cn_name` varchar(50) DEFAULT NULL COMMENT '创建人姓名',
  `update_user_cn_name` varchar(50) DEFAULT NULL COMMENT '更新人姓名',
  `uset_id` varchar(20) DEFAULT NULL COMMENT '用户组ID',
  `perm_id` varchar(20) DEFAULT NULL COMMENT '业务权限id',
  PRIMARY KEY (`id`)
) ENGINE=InnoDB DEFAULT CHARSET=utf8mb4 COLLATE=utf8mb4_0900_ai_ci;

DROP TABLE IF EXISTS `sys_uset_user_except_entrust`;
CREATE TABLE `sys_uset_user_except_entrust` (
  `id` varchar(30) NOT NULL DEFAULT '',
  `user_except_entrust_id` varchar(20) DEFAULT NULL COMMENT '代理用户ID',
  `create_time` timestamp NULL DEFAULT CURRENT_TIMESTAMP COMMENT '创建时间',
  `create_user` varchar(20) DEFAULT NULL COMMENT '创建人',
  `update_user` varchar(20) DEFAULT NULL COMMENT '更新时间',
  `update_time` timestamp NOT NULL DEFAULT CURRENT_TIMESTAMP ON UPDATE CURRENT_TIMESTAMP COMMENT '更新人',
  `group_id` varchar(20) DEFAULT NULL COMMENT '组织ID',
  `create_user_cn_name` varchar(50) DEFAULT NULL COMMENT '创建人姓名',
  `update_user_cn_name` varchar(50) DEFAULT NULL COMMENT '更新人姓名',
  `uset_id` varchar(20) DEFAULT NULL COMMENT '用户组ID',
  `perm_id` varchar(20) DEFAULT NULL COMMENT '业务权限id',
  PRIMARY KEY (`id`)
) ENGINE=InnoDB DEFAULT CHARSET=utf8mb4 COLLATE=utf8mb4_0900_ai_ci;

DROP TABLE IF EXISTS `wms_class`;
CREATE TABLE `wms_class` (
  `id` varchar(30) NOT NULL DEFAULT '',
  `class_name` varchar(50) DEFAULT NULL COMMENT '分类名称',
  `parent_id` varchar(30) DEFAULT NULL COMMENT '父分类',
  `note` text COMMENT '分类备注',
  `group_id` varchar(30) DEFAULT NULL,
  `create_user_cn_name` varchar(50) DEFAULT NULL COMMENT '创建人姓名',
  `update_user_cn_name` varchar(50) DEFAULT NULL COMMENT '更新人姓名',
  `create_time` timestamp NULL DEFAULT CURRENT_TIMESTAMP COMMENT '创建时间',
  `create_user` varchar(20) DEFAULT NULL COMMENT '创建人',
  `update_user` varchar(20) DEFAULT NULL COMMENT '更新时间',
  `update_time` timestamp NOT NULL DEFAULT CURRENT_TIMESTAMP ON UPDATE CURRENT_TIMESTAMP COMMENT '更新人',
  `class_code` varchar(30) DEFAULT NULL COMMENT '分类编码',
  PRIMARY KEY (`id`)
) ENGINE=InnoDB DEFAULT CHARSET=utf8mb4 COLLATE=utf8mb4_0900_ai_ci COMMENT='商品分类';

DROP TABLE IF EXISTS `wms_item`;
CREATE TABLE `wms_item` (
  `id` varchar(30) NOT NULL DEFAULT '',
  `code` varchar(30) DEFAULT NULL COMMENT '编码',
  `name` varchar(100) CHARACTER SET utf8mb4 COLLATE utf8mb4_0900_ai_ci DEFAULT NULL COMMENT '名称',
  `class_id` varchar(30) DEFAULT NULL COMMENT '分类ID',
  `class_name` varchar(100) DEFAULT NULL COMMENT '分类名称',
  `provider_id` varchar(30) CHARACTER SET utf8mb4 COLLATE utf8mb4_0900_ai_ci DEFAULT NULL COMMENT '供应商ID',
  `provider_name` varchar(100) CHARACTER SET utf8mb4 COLLATE utf8mb4_0900_ai_ci DEFAULT NULL COMMENT '供应商简称',
  `group_id` varchar(30) DEFAULT NULL,
  `quantity` decimal(12,2) DEFAULT NULL COMMENT '数量',
  `product_time` timestamp NULL DEFAULT NULL COMMENT '生产时间',
  `expire_time` timestamp NULL DEFAULT NULL COMMENT '过期时间',
  `create_user_cn_name` varchar(50) DEFAULT NULL COMMENT '创建人姓名',
  `update_user_cn_name` varchar(50) DEFAULT NULL COMMENT '更新人姓名',
  `create_time` timestamp NULL DEFAULT CURRENT_TIMESTAMP COMMENT '创建时间',
  `create_user` varchar(20) DEFAULT NULL COMMENT '创建人',
  `update_user` varchar(20) DEFAULT NULL COMMENT '更新时间',
  `update_time` timestamp NOT NULL DEFAULT CURRENT_TIMESTAMP ON UPDATE CURRENT_TIMESTAMP COMMENT '更新人',
  `note` text COMMENT '备注',
  `keeper` varchar(50) DEFAULT NULL COMMENT '库管',
  `keeper_code` varchar(30) DEFAULT NULL COMMENT '库管编码',
  PRIMARY KEY (`id`)
) ENGINE=InnoDB DEFAULT CHARSET=utf8mb4 COLLATE=utf8mb4_0900_ai_ci COMMENT='商品项';

DROP TABLE IF EXISTS `wms_order`;
CREATE TABLE `wms_order` (
  `id` varchar(30) NOT NULL DEFAULT '',
  `code` varchar(20) DEFAULT NULL COMMENT '编号',
  `seller_code` varchar(30) DEFAULT NULL COMMENT '销售编码',
  `seller` varchar(50) DEFAULT NULL COMMENT '销售',
  `service_code` varchar(30) CHARACTER SET utf8mb4 COLLATE utf8mb4_0900_ai_ci DEFAULT NULL COMMENT '客服编码',
  `service` varchar(50) CHARACTER SET utf8mb4 COLLATE utf8mb4_0900_ai_ci DEFAULT NULL COMMENT '客服名称',
  `item_id` varchar(30) DEFAULT NULL COMMENT '商品ID',
  `item_name` varchar(100) DEFAULT NULL COMMENT '商品名称',
  `quantity` decimal(12,2) DEFAULT NULL COMMENT '数量',
  `price` decimal(12,2) DEFAULT NULL COMMENT '单价',
  `money` decimal(12,2) DEFAULT NULL COMMENT '总金额',
  `buyer` varchar(30) DEFAULT NULL COMMENT '购买人',
  `buyer_address` varchar(200) DEFAULT NULL COMMENT '购买人地址',
  `buyer_tel` varchar(30) DEFAULT NULL COMMENT '购买人电话',
  `create_user_cn_name` varchar(50) DEFAULT NULL COMMENT '创建人姓名',
  `update_user_cn_name` varchar(50) DEFAULT NULL COMMENT '更新人姓名',
  `create_time` timestamp NULL DEFAULT CURRENT_TIMESTAMP COMMENT '创建时间',
  `create_user` varchar(20) DEFAULT NULL COMMENT '创建人',
  `update_user` varchar(20) DEFAULT NULL COMMENT '更新时间',
  `update_time` timestamp NOT NULL DEFAULT CURRENT_TIMESTAMP ON UPDATE CURRENT_TIMESTAMP COMMENT '更新人',
  `note` text COMMENT '备注',
  `group_id` varchar(30) DEFAULT NULL,
  `unit` varchar(30) DEFAULT NULL COMMENT '单位',
  PRIMARY KEY (`id`)
) ENGINE=InnoDB DEFAULT CHARSET=utf8mb4 COLLATE=utf8mb4_0900_ai_ci;

DROP TABLE IF EXISTS `wms_provider`;
CREATE TABLE `wms_provider` (
  `id` varchar(30) NOT NULL DEFAULT '',
  `code` varchar(30) CHARACTER SET utf8mb4 COLLATE utf8mb4_0900_ai_ci DEFAULT NULL COMMENT '编码',
  `name` varchar(100) CHARACTER SET utf8mb4 COLLATE utf8mb4_0900_ai_ci DEFAULT NULL COMMENT '名称',
  `simple_name` varchar(50) CHARACTER SET utf8mb4 COLLATE utf8mb4_0900_ai_ci DEFAULT NULL COMMENT '简称',
  `link_man` varchar(30) CHARACTER SET utf8mb4 COLLATE utf8mb4_0900_ai_ci DEFAULT NULL COMMENT '联系人',
  `link_phone` varchar(20) CHARACTER SET utf8mb4 COLLATE utf8mb4_0900_ai_ci DEFAULT NULL COMMENT '联系电话',
  `group_id` varchar(30) DEFAULT NULL,
  `create_user_cn_name` varchar(50) DEFAULT NULL COMMENT '创建人姓名',
  `update_user_cn_name` varchar(50) DEFAULT NULL COMMENT '更新人姓名',
  `create_time` timestamp NULL DEFAULT CURRENT_TIMESTAMP COMMENT '创建时间',
  `create_user` varchar(20) DEFAULT NULL COMMENT '创建人',
  `update_user` varchar(20) DEFAULT NULL COMMENT '更新时间',
  `update_time` timestamp NOT NULL DEFAULT CURRENT_TIMESTAMP ON UPDATE CURRENT_TIMESTAMP COMMENT '更新人',
  `note` text COMMENT '备注',
  PRIMARY KEY (`id`)
) ENGINE=InnoDB DEFAULT CHARSET=utf8mb4 COLLATE=utf8mb4_0900_ai_ci COMMENT='供应商';

INSERT INTO `sys_business_perm` (`id`, `menu_id`, `button_id`, `perm_name`, `perm_action`, `req_url`, `req_method`, `note`, `create_time`, `create_user`, `update_user`, `update_time`, `create_user_cn_name`, `update_user_cn_name`, `action_ref`) VALUES
('100073372712473757', 'user', 'user:listByTagAndKeywordOfAgent', '根据用户属性和关键字获取分部用户', 'USER_LISTBYTAGANDKEYWORDOFAGENT', '/api/user/listByTagAndKeyWordOfAgent', 'GET', NULL, '2023-01-10 16:53:24', NULL, NULL, '2023-01-10 16:53:24', NULL, NULL, NULL),
('100073372712473758', 'user', 'user:listByUserNoStrOfAgent', '分部用户账号查询', 'USER_LISTBYUSERNOSTROFAGENT', '/api/user/listByUserNoStrOfAgent/{}', 'GET', NULL, '2023-01-10 16:53:24', NULL, NULL, '2023-01-10 16:53:24', NULL, NULL, NULL),
('100073372712477925', 'user', 'user:listByTagAndKeywordOfCompany', '根据用户属性和关键字获取分公司用户', 'USER_LISTBYTAGANDKEYWORDOFCOMPANY', '/api/user/listByTagAndKeyWordOfCompany', 'GET', NULL, '2023-01-13 14:44:09', NULL, NULL, '2023-01-13 14:44:09', NULL, NULL, NULL),
('100073372712651760', 'resource', 'resource:fetchActionMapperByPerm', '根据权限获取对应的表格信息', 'RESOURCE_FETCHACTIONMAPPERBYPERM', '/api/resource/fetchActionMapperByPerm', 'GET', NULL, '2023-04-23 15:37:51', NULL, NULL, '2023-04-23 15:37:51', NULL, NULL, NULL),
('100073372712651761', 'resource', 'resource:fetchColumnByTable', '根据表格获取列信息', 'RESOURCE_FETCHCOLUMNBYTABLE', '/api/resource/fetchColumnByTable', 'GET', NULL, '2023-04-23 15:37:51', NULL, NULL, '2023-04-23 15:37:51', NULL, NULL, NULL),
('100073372712651783', 'user', 'user:listByUserCnNames', '根据用户中文名查询用户', 'USER_LISTBYUSERCNNAMES', '/api/user/listByUserCnNames', 'GET', NULL, '2023-04-23 15:37:51', NULL, NULL, '2023-04-23 15:37:51', NULL, NULL, NULL),
('100073372712651784', 'user', 'user:listByUserCnNamesOfAgent', '跨系统根据用户中文名获取用户', 'USER_LISTBYUSERCNNAMESOFAGENT', '/api/user/listByUserCnNamesOfAgent', 'GET', NULL, '2023-04-23 15:37:51', NULL, NULL, '2023-04-23 15:37:51', NULL, NULL, NULL),
('100073372712662871', 'resource', 'resource:listUserDataPerm', '获取用户数据权限', 'RESOURCE_LISTUSERDATAPERM', '/api/resource/listUserDataPerm', 'GET', NULL, '2023-04-28 14:17:37', NULL, NULL, '2023-04-28 14:17:37', NULL, NULL, NULL),
('100073372712662872', 'resource', 'resource:saveDataPerm', '保存数据权限', 'RESOURCE_SAVEDATAPERM', '/api/resource/saveDataPerm', 'POST', NULL, '2023-04-28 14:17:37', NULL, NULL, '2023-04-28 14:17:37', NULL, NULL, NULL),
('1665717620565106690', 'item', 'item:search', '查询', 'ITEM_SEARCH', '/api/item/search', 'POST', NULL, '2023-06-05 21:50:03', 'frog', 'frog', '2023-06-05 21:50:03', '大青蛙', '大青蛙', NULL),
('1665717927059677185', 'item', 'item:update', '更新', 'ITEM_UPDATE', '/api/item', 'PUT', NULL, '2023-06-05 21:51:16', 'frog', 'frog', '2023-06-05 21:51:16', '大青蛙', '大青蛙', NULL),
('1665721672472506369', 'item', 'item:delete', '删除', 'ITEM_DELETE', '/api/item', 'DELETE', NULL, '2023-06-05 22:06:09', 'frog', 'frog', '2023-06-05 22:06:09', '大青蛙', '大青蛙', NULL),
('1679400338383187969', 'order', 'order:search', '查询', 'ORDER_SEARCH', '/api/order/search', 'POST', NULL, '2023-07-13 16:00:17', 'frog', 'frog', '2023-07-13 16:00:17', '大青蛙', '大青蛙', NULL),
('1679400595716321282', 'order', 'order:delete', '删除', 'ORDER_DELETE', '/api/order', 'DELETE', NULL, '2023-07-13 16:01:18', 'frog', 'frog', '2023-07-13 16:02:38', '大青蛙', '大青蛙', NULL),
('1679401001418764289', 'order', 'order:update', '更新', 'ORDER_UPDATE', '/api/order', 'PUT', NULL, '2023-07-13 16:02:55', 'frog', 'frog', '2023-07-13 16:02:55', '大青蛙', '大青蛙', NULL),
('99861473169329434', 'dictionary', 'dictChild:delete', '删除', 'DICTCHILD_DELETE', '/api/dictionaryChild', 'DELETE', NULL, '2022-10-17 17:36:42', NULL, NULL, '2022-10-17 17:36:42', NULL, NULL, NULL),
('99861473169329435', 'dictionary', 'dictChild:get', '明细', 'DICTCHILD_GET', '/api/dictionaryChild/{}', 'GET', NULL, '2022-10-17 17:36:42', NULL, NULL, '2022-10-17 17:36:42', NULL, NULL, NULL),
('99861473169329436', 'dictionary', 'dictChild:listByParentCode', '字典关联字典项列表', 'DICTCHILD_LISTBYPARENTCODE', '/api/dictionaryChild/listByParentCode', 'GET', NULL, '2022-10-17 17:36:42', NULL, NULL, '2022-10-17 17:36:42', NULL, NULL, NULL),
('99861473169329437', 'dictionary', 'dictChild:listByParentCodes', '字典列表关联字典项列表', 'DICTCHILD_LISTBYPARENTCODES', '/api/dictionaryChild/listByParentCodes', 'POST', NULL, '2022-10-17 17:36:42', NULL, NULL, '2022-10-17 17:36:42', NULL, NULL, NULL),
('99861473169329438', 'dictionary', 'dictChild:save', '保存', 'DICTCHILD_SAVE', '/api/dictionaryChild', 'POST', NULL, '2022-10-17 17:36:42', NULL, NULL, '2022-10-17 17:36:42', NULL, NULL, NULL),
('99861473169329439', 'dictionary', 'dictChild:search', '查询', 'DICTCHILD_SEARCH', '/api/dictionaryChild/search', 'POST', NULL, '2022-10-17 17:36:42', NULL, NULL, '2022-10-17 17:36:42', NULL, NULL, NULL),
('99861473169329440', 'dictionary', 'dictChild:stop', '禁用', 'DICTCHILD_STOP', '/api/dictionaryChild/stop', 'POST', NULL, '2022-10-17 17:36:42', NULL, NULL, '2022-10-17 17:36:42', NULL, NULL, NULL),
('99861473169329441', 'dictionary', 'dictChild:update', '更新', 'DICTCHILD_UPDATE', '/api/dictionaryChild', 'PUT', NULL, '2022-10-17 17:36:42', NULL, NULL, '2022-10-17 17:36:42', NULL, NULL, NULL),
('99861473169329442', 'dictionary', 'dictChild:use', '启用', 'DICTCHILD_USE', '/api/dictionaryChild/use', 'POST', NULL, '2022-10-17 17:36:42', NULL, NULL, '2022-10-17 17:36:42', NULL, NULL, NULL),
('99861473169329443', 'dictionary', 'dictionary:delete', '删除', 'DICTIONARY_DELETE', '/api/dictionary', 'DELETE', NULL, '2022-10-17 17:36:42', NULL, NULL, '2022-10-17 17:36:42', NULL, NULL, NULL),
('99861473169329444', 'dictionary', 'dictionary:get', '明细', 'DICTIONARY_GET', '/api/dictionary/{}', 'GET', NULL, '2022-10-17 17:36:42', NULL, NULL, '2022-10-17 17:36:42', NULL, NULL, NULL),
('99861473169329445', 'dictionary', 'dictionary:save', '保存', 'DICTIONARY_SAVE', '/api/dictionary', 'POST', NULL, '2022-10-17 17:36:42', NULL, NULL, '2022-10-17 17:36:42', NULL, NULL, NULL),
('99861473169329446', 'dictionary', 'dictionary:search', '查询', 'DICTIONARY_SEARCH', '/api/dictionary/search', 'POST', NULL, '2022-10-17 17:36:42', NULL, NULL, '2022-10-17 17:36:42', NULL, NULL, NULL),
('99861473169329447', 'dictionary', 'dictionary:stop', '禁用', 'DICTIONARY_STOP', '/api/dictionary/stop', 'POST', NULL, '2022-10-17 17:36:42', NULL, NULL, '2022-10-17 17:36:42', NULL, NULL, NULL),
('99861473169329448', 'dictionary', 'dictionary:update', '更新', 'DICTIONARY_UPDATE', '/api/dictionary', 'PUT', NULL, '2022-10-17 17:36:42', NULL, NULL, '2022-10-17 17:36:42', NULL, NULL, NULL),
('99861473169329449', 'dictionary', 'dictionary:use', '启用', 'DICTIONARY_USE', '/api/dictionary/use', 'POST', NULL, '2022-10-17 17:36:42', NULL, NULL, '2022-10-17 17:36:42', NULL, NULL, NULL),
('99861473169329514', 'group', 'group:addCompany', '添加分公司', 'GROUP_ADDCOMPANY', '/api/group/addCompany', 'POST', NULL, '2022-10-17 17:36:42', NULL, NULL, '2022-10-17 17:36:42', NULL, NULL, NULL),
('99861473169329515', 'group', 'group:addDepartment', '添加子部门', 'GROUP_ADDDEPARTMENT', '/api/group/addDepartment', 'POST', NULL, '2022-10-17 17:36:42', NULL, NULL, '2022-10-17 17:36:42', NULL, NULL, NULL),
('99861473169329516', 'group', 'group:addUsers', '添加成员', 'GROUP_ADDUSERS', '/api/group/addUsers', 'POST', NULL, '2022-10-17 17:36:42', NULL, NULL, '2022-10-17 17:36:42', NULL, NULL, NULL),
('99861473169329517', 'group', 'group:listUserGroupByUserNos', '根据用户编号列表获取用户组织列表', 'GROUP_LIST_USER_BY_NOS', '/api/group/listUserGroupByUserNos', 'POST', NULL, '2022-10-17 17:36:42', NULL, 'frog', '2023-07-16 22:06:27', NULL, '大青蛙', NULL),
('99861473169329518', 'group', 'group:delete', '删除', 'GROUP_DELETE', '/api/group', 'DELETE', NULL, '2022-10-17 17:36:42', NULL, NULL, '2022-10-17 17:36:42', NULL, NULL, NULL),
('99861473169329519', 'user', 'group:getListBranchCompanines', '获取分公司列表', 'GROUP_GETLISTBRANCHCOMPANINES', '/api/group/getListBranchCompanines', 'GET', NULL, '2022-10-17 17:36:42', NULL, NULL, '2022-10-17 17:36:42', NULL, NULL, NULL),
('99861473169329520', 'group', 'group:moveUsers', '移动成员', 'GROUP_MOVEUSERS', '/api/group/moveUsers', 'POST', NULL, '2022-10-17 17:36:42', NULL, NULL, '2022-10-17 17:36:42', NULL, NULL, NULL),
('99861473169329521', 'group', 'group:removeUsers', '删除成员', 'GROUP_REMOVEUSERS', '/api/group/removeUsers', 'POST', NULL, '2022-10-17 17:36:42', NULL, NULL, '2022-10-17 17:36:42', NULL, NULL, NULL),
('99861473169329522', 'group', 'group:save', '添加', 'GROUP_SAVE', '/api/group', 'POST', NULL, '2022-10-17 17:36:42', NULL, NULL, '2022-10-17 17:36:42', NULL, NULL, NULL),
('99861473169329523', 'group', 'group:searchNotAssignUser', '查询未分配组织用户', 'GROUP_SEARCHNOTASSIGNUSER', '/api/group/searchNotAssignUser', 'POST', NULL, '2022-10-17 17:36:42', NULL, NULL, '2022-10-17 17:36:42', NULL, NULL, NULL),
('99861473169329524', 'group', 'group:searchUser', '查询用户', 'GROUP_SEARCHUSER', '/api/group/searchUser', 'POST', NULL, '2022-10-17 17:36:42', NULL, NULL, '2022-10-17 17:36:42', NULL, NULL, NULL),
('99861473169329525', 'group', 'group:treeAllGroups', '树方式获取所有组织', 'GROUP_TREEALLGROUPS', '/api/group/treeAllGroups', 'GET', NULL, '2022-10-17 17:36:42', NULL, NULL, '2022-10-17 17:36:42', NULL, NULL, NULL),
('99861473169329526', 'group', 'group:treeAllGroupsAndPositions', '树方式获取所有组织及职位', 'GROUP_TREEALLGROUPSANDPOSITIONS', '/api/group/treeAllGroupsAndPositions', 'GET', NULL, '2022-10-17 17:36:42', NULL, NULL, '2022-10-17 17:36:42', NULL, NULL, NULL),
('99861473169329527', 'group', 'group:treeAllGroupsAndUsers', '树方式获取所有组织及用户', 'GROUP_TREEALLGROUPSANDUSERS', '/api/group/treeAllGroupsAndUsers', 'GET', NULL, '2022-10-17 17:36:42', NULL, NULL, '2022-10-17 17:36:42', NULL, NULL, NULL),
('99861473169329528', 'group', 'group:update', '编辑', 'GROUP_UPDATE', '/api/group', 'PUT', NULL, '2022-10-17 17:36:42', NULL, NULL, '2022-10-17 17:36:42', NULL, NULL, NULL),
('99861473169329529', 'group', 'group:userDepartments', '用户组织列表', 'GROUP_USERDEPARTMENTS', '/api/group/userDepartments', 'POST', NULL, '2022-10-17 17:36:42', NULL, NULL, '2022-10-17 17:36:42', NULL, NULL, NULL),
('99861473169329530', 'group', 'group:userDetail', '成员明细', 'GROUP_USERDETAIL', '/api/group/userDetail', 'POST', NULL, '2022-10-17 17:36:42', NULL, NULL, '2022-10-17 17:36:42', NULL, NULL, NULL),
('99861473169329611', 'logger', 'logger:search', '查询', 'LOGGER_SEARCH', '/api/userLog/search', 'POST', NULL, '2022-10-17 17:36:42', NULL, NULL, '2022-10-17 17:36:42', NULL, NULL, NULL),
('99861473169329612', 'menu', 'menu:delete', '更新菜单', 'MENU_DELETE', '/api/menu', 'DELETE', NULL, '2022-10-17 17:36:42', NULL, NULL, '2022-10-17 17:36:42', NULL, NULL, NULL),
('99861473169329613', 'menu', 'menu:deleteButton', '删除按钮', 'MENU_DELETEBUTTON', '/api/button', 'DELETE', NULL, '2022-10-17 17:36:42', NULL, NULL, '2022-10-17 17:36:42', NULL, NULL, NULL),
('99861473169329614', 'menu', 'menu:saveOrUpdate', '保存或更新菜单', 'MENU_SAVEORUPDATE', '/api/menu/saveOrUpdateMenu', 'POST', NULL, '2022-10-17 17:36:42', NULL, NULL, '2022-10-17 17:36:42', NULL, NULL, NULL),
('99861473169329615', 'menu', 'menu:saveOrUpdateButton', '保存或更新按钮', 'MENU_SAVEORUPDATEBUTTON', '/api/button/saveOrUpdate', 'POST', NULL, '2022-10-17 17:36:42', NULL, NULL, '2022-10-17 17:36:42', NULL, NULL, NULL),
('99861473169329616', 'menu', 'menu:searchButtonsAndApiByMenu', '菜单对应按钮列表', 'MENU_SEARCHBUTTONSANDAPIBYMENU', '/api/button/searchButtonsAndApiByMenu', 'POST', NULL, '2022-10-17 17:36:42', NULL, NULL, '2022-10-17 17:36:42', NULL, NULL, NULL),
('99861473169329617', 'menu', 'menu:treeAllMenus', '菜单列表', 'MENU_TREEALLMENUS', '/api/menu/treeAllMenus', 'GET', NULL, '2022-10-17 17:36:42', NULL, NULL, '2022-10-17 17:36:42', NULL, NULL, NULL),
('99861473169329656', 'param', 'param:delete', '删除', 'PARAM_DELETE', '/api/param', 'DELETE', NULL, '2022-10-17 17:36:42', NULL, NULL, '2022-10-17 17:36:42', NULL, NULL, NULL),
('99861473169329657', 'param', 'param:get', '明细', 'PARAM_GET', '/api/param/{}', 'GET', NULL, '2022-10-17 17:36:42', NULL, NULL, '2022-10-17 17:36:42', NULL, NULL, NULL),
('99861473169329658', 'param', 'param:save', '保存', 'PARAM_SAVE', '/api/param', 'POST', NULL, '2022-10-17 17:36:42', NULL, NULL, '2022-10-17 17:36:42', NULL, NULL, NULL),
('99861473169329659', 'param', 'param:search', '查询', 'PARAM_SEARCH', '/api/param/search', 'POST', NULL, '2022-10-17 17:36:42', NULL, NULL, '2022-10-17 17:36:42', NULL, NULL, NULL),
('99861473169329660', 'param', 'param:update', '更新', 'PARAM_UPDATE', '/api/param', 'PUT', NULL, '2022-10-17 17:36:42', NULL, NULL, '2022-10-17 17:36:42', NULL, NULL, NULL),
('99861473169329757', 'position', 'position:delete', '删除', 'POSITION_DELETE', '/api/position', 'DELETE', NULL, '2022-10-17 17:36:42', NULL, NULL, '2022-10-17 17:36:42', NULL, NULL, NULL),
('99861473169329758', 'position', 'position:get', '明细', 'POSITION_GET', '/api/position/{}', 'GET', NULL, '2022-10-17 17:36:42', NULL, NULL, '2022-10-17 17:36:42', NULL, NULL, NULL),
('99861473169329759', 'position', 'position:listActiveByGroup', '组织生效列表', 'POSITION_LISTACTIVEBYGROUP', '/api/position/listActiveByGroup', 'GET', NULL, '2022-10-17 17:36:42', NULL, NULL, '2022-10-17 17:36:42', NULL, NULL, NULL),
('99861473169329760', 'position', 'position:listByGroup', '组织职位列表查询', 'POSITION_LISTBYGROUP', '/api/position/listByGroup', 'GET', NULL, '2022-10-17 17:36:42', NULL, NULL, '2022-10-17 17:36:42', NULL, NULL, NULL),
('99861473169329761', 'position', 'position:listEntrusIdsByPosition', '获取委托列表', 'POSITION_LISTENTRUSIDSBYPOSITION', '/api/position/listEntrusIdsByPosition', 'GET', NULL, '2022-10-17 17:36:42', NULL, NULL, '2022-10-17 17:36:42', NULL, NULL, NULL),
('99861473169329762', 'position', 'position:save', '新增', 'POSITION_SAVE', '/api/position', 'POST', NULL, '2022-10-17 17:36:42', NULL, NULL, '2022-10-17 17:36:42', NULL, NULL, NULL),
('99861473169329763', 'position', 'position:savePositionRole', '分配角色', 'POSITION_SAVEPOSITIONROLE', '/api/position/savePositionRole', 'POST', NULL, '2022-10-17 17:36:42', NULL, NULL, '2022-10-17 17:36:42', NULL, NULL, NULL),
('99861473169329764', 'position', 'position:search', '查询', 'POSITION_SEARCH', '/api/position/search', 'POST', NULL, '2022-10-17 17:36:42', NULL, NULL, '2022-10-17 17:36:42', NULL, NULL, NULL),
('99861473169329765', 'position', 'position:stop', '停用', 'POSITION_STOP', '/api/position/stop', 'POST', NULL, '2022-10-17 17:36:42', NULL, NULL, '2022-10-17 17:36:42', NULL, NULL, NULL),
('99861473169329766', 'position', 'position:update', '修改', 'POSITION_UPDATE', '/api/position', 'PUT', NULL, '2022-10-17 17:36:42', NULL, NULL, '2022-10-17 17:36:42', NULL, NULL, NULL),
('99861473169329767', 'position', 'position:use', '启用', 'POSITION_USE', '/api/position/use', 'POST', NULL, '2022-10-17 17:36:42', NULL, NULL, '2022-10-17 17:36:42', NULL, NULL, NULL),
('99861473169329824', 'resource', 'resource:listBPermResources', '获取用户可授权业务权限资源', 'RESOURCE_LISTBPERMRESOURCES', '/api/resource/listResourcesForBPermByUser', 'GET', NULL, '2022-10-17 17:36:42', NULL, NULL, '2022-10-17 17:36:42', NULL, NULL, NULL),
('99861473169329825', 'resource', 'resource:listPermEntrustsByUser', '获取用户业务权限', 'RESOURCE_LISTPERMENTRUSTSBYUSER', '/api/resource/listPermEntrustsByUser', 'GET', NULL, '2022-10-17 17:36:42', NULL, NULL, '2022-10-17 17:36:42', NULL, NULL, NULL),
('99861473169329826', 'resource', 'resource:saveBusinessPerm', '保存用户业务权限', 'RESOURCE_SAVEBUSINESSPERM', '/api/resource/saveBusinessPerm', 'POST', NULL, '2022-10-17 17:36:42', NULL, NULL, '2022-10-17 17:36:42', NULL, NULL, NULL),
('99861473169329827', 'role', 'role:delete', '删除', 'ROLE_DELETE', '/api/role', 'DELETE', NULL, '2022-10-17 17:36:42', NULL, NULL, '2022-10-17 17:36:42', NULL, NULL, NULL),
('99861473169329828', 'role', 'role:get', '明细', 'ROLE_GET', '/api/role/{}', 'GET', NULL, '2022-10-17 17:36:42', NULL, NULL, '2022-10-17 17:36:42', NULL, NULL, NULL),
('99861473169329829', 'role', 'role:listAll', '列表', 'ROLE_LISTALL', '/api/role/listAll', 'GET', NULL, '2022-10-17 17:36:42', NULL, NULL, '2022-10-17 17:36:42', NULL, NULL, NULL),
('99861473169329830', 'role', 'role:listAllButtonsByMenu', '根据菜单获取按钮列表', 'ROLE_LISTALLBUTTONSBYMENU', '/api/resource/listAllButtonsByMenu', 'GET', NULL, '2022-10-17 17:36:42', NULL, NULL, '2022-10-17 17:36:42', NULL, NULL, NULL),
('99861473169329831', 'role', 'role:listByPosition', '职位获取角色', 'ROLE_LISTBYPOSITION', '/api/role/listByPosition', 'GET', NULL, '2022-10-17 17:36:42', NULL, NULL, '2022-10-17 17:36:42', NULL, NULL, NULL),
('99861473169329832', 'role', 'role:listByUser', '用户获取角色', 'ROLE_LISTBYUSER', '/api/role/listByUser', 'GET', NULL, '2022-10-17 17:36:42', NULL, NULL, '2022-10-17 17:36:42', NULL, NULL, NULL),
('99861473169329833', 'role', 'role:listPermButtons', '角色菜单获取按钮权限', 'ROLE_LISTPERMBUTTONS', '/api/resource/listPermButtons', 'GET', NULL, '2022-10-17 17:36:42', NULL, NULL, '2022-10-17 17:36:42', NULL, NULL, NULL),
('99861473169329834', 'role', 'role:listPermMenus', '角色获取菜单权限', 'ROLE_LISTPERMMENUS', '/api/resource/listPermMenus', 'GET', NULL, '2022-10-17 17:36:42', NULL, NULL, '2022-10-17 17:36:42', NULL, NULL, NULL),
('99861473169329835', 'role', 'role:save', '保存', 'ROLE_SAVE', '/api/role', 'POST', NULL, '2022-10-17 17:36:42', NULL, NULL, '2022-10-17 17:36:42', NULL, NULL, NULL),
('99861473169329836', 'role', 'role:saveButtonPerm', '保存按钮权限', 'ROLE_SAVEBUTTONPERM', '/api/resource/saveButtonPerm', 'POST', NULL, '2022-10-17 17:36:42', NULL, NULL, '2022-10-17 17:36:42', NULL, NULL, NULL),
('99861473169329837', 'role', 'role:saveMenuPerm', '保存菜单权限', 'ROLE_SAVEMENUPERM', '/api/resource/saveMenuPerm', 'POST', NULL, '2022-10-17 17:36:42', NULL, NULL, '2022-10-17 17:36:42', NULL, NULL, NULL),
('99861473169329838', 'role', 'role:search', '查询', 'ROLE_SEARCH', '/api/role/search', 'POST', NULL, '2022-10-17 17:36:42', NULL, NULL, '2022-10-17 17:36:42', NULL, NULL, NULL),
('99861473169329839', 'role', 'role:stop', '停用', 'ROLE_STOP', '/api/role/stop', 'POST', NULL, '2022-10-17 17:36:42', NULL, NULL, '2022-10-17 17:36:42', NULL, NULL, NULL),
('99861473169329840', 'role', 'role:treeAllMenus', '树方式获取所有菜单列表', 'ROLE_TREEALLMENUS', '/api/resource/treeAllMenus', 'GET', NULL, '2022-10-17 17:36:42', NULL, NULL, '2022-10-17 17:36:42', NULL, NULL, NULL),
('99861473169329841', 'role', 'role:update', '更新', 'ROLE_UPDATE', '/api/role', 'PUT', NULL, '2022-10-17 17:36:42', NULL, NULL, '2022-10-17 17:36:42', NULL, NULL, NULL),
('99861473169329842', 'role', 'role:use', '启用', 'ROLE_USE', '/api/role/use', 'POST', NULL, '2022-10-17 17:36:42', NULL, NULL, '2022-10-17 17:36:42', NULL, NULL, NULL),
('99861473169330055', 'user', 'user:active', '激活', 'USER_ACTIVE', '/api/user/active', 'POST', NULL, '2022-10-17 17:36:42', NULL, NULL, '2022-10-17 17:36:42', NULL, NULL, NULL),
('99861473169330056', 'user', 'user:delete', '删除', 'USER_DELETE', '/api/user', 'DELETE', NULL, '2022-10-17 17:36:42', NULL, NULL, '2022-10-17 17:36:42', NULL, NULL, NULL),
('99861473169330057', 'user', 'user:get', '明细', 'USER_GET', '/api/user/{}', 'GET', NULL, '2022-10-17 17:36:42', NULL, 'frog', '2023-09-06 16:47:21', NULL, '大青蛙', NULL),
('99861473169330058', 'user', 'user:listByGroup', '组织获取用户', 'USER_LISTBYGROUP', '/api/user/listByGroup', 'GET', NULL, '2022-10-17 17:36:42', NULL, NULL, '2022-10-17 17:36:42', NULL, NULL, NULL),
('99861473169330059', 'user', 'user:listByRole', '角色获取用户', 'USER_LISTBYROLE', '/api/user/listByRole', 'GET', NULL, '2022-10-17 17:36:42', NULL, NULL, '2022-10-17 17:36:42', NULL, NULL, NULL),
('99861473169330060', 'user', 'user:listByTagAndKeyword', '通过用户标签和关键字匹配', 'USER_LISTBYTAGANDKEYWORD', NULL, NULL, NULL, '2022-10-17 17:36:42', NULL, NULL, '2022-10-17 17:36:42', NULL, NULL, NULL),
('99861473169330061', 'user', 'user:listByUserNoStr', '用户账号查询', 'USER_LISTBYUSERNOSTR', '/api/user/listByUserNoStr/{}', 'GET', NULL, '2022-10-17 17:36:42', NULL, NULL, '2022-10-17 17:36:42', NULL, NULL, NULL),
('99861473169330062', 'user', 'user:listGroupUsersByRole', '角色获取组织成员', 'USER_LISTGROUPUSERSBYROLE', '/api/user/listGroupUsersByRole', 'GET', NULL, '2022-10-17 17:36:42', NULL, NULL, '2022-10-17 17:36:42', NULL, NULL, NULL),
('99861473169330063', 'user', 'user:listGroupUsersByUset', '用户组获取组织成员', 'USER_LISTGROUPUSERSBYUSET', '/api/user/listGroupUsersByUset', 'GET', NULL, '2022-10-17 17:36:42', NULL, NULL, '2022-10-17 17:36:42', NULL, NULL, NULL),
('99861473169330064', 'user', 'user:reset', '重置密码', 'USER_RESET', '/api/user/resetPasswd', 'POST', NULL, '2022-10-17 17:36:42', NULL, NULL, '2022-10-17 17:36:42', NULL, NULL, NULL),
('99861473169330065', 'user', 'user:save', '新增', 'USER_SAVE', '/api/user', 'POST', NULL, '2022-10-17 17:36:42', NULL, NULL, '2022-10-17 17:36:42', NULL, NULL, NULL),
('99861473169330066', 'user', 'user:saveAvatar', '上传头像', 'USER_SAVEAVATAR', NULL, NULL, NULL, '2022-10-17 17:36:42', NULL, NULL, '2022-10-17 17:36:42', NULL, NULL, NULL),
('99861473169330067', 'user', 'user:search', '查询', 'USER_SEARCH', '/api/user/search', 'POST', NULL, '2022-10-17 17:36:42', NULL, NULL, '2022-10-17 17:36:42', NULL, NULL, NULL),
('99861473169330068', 'user', 'user:stop', '停用', 'USER_STOP', '/api/user/stop', 'POST', NULL, '2022-10-17 17:36:42', NULL, NULL, '2022-10-17 17:36:42', NULL, NULL, NULL),
('99861473169330069', 'user', 'user:unstop', '启用', 'USER_UNSTOP', '/api/user/unstop', 'POST', NULL, '2022-10-17 17:36:42', NULL, NULL, '2022-10-17 17:36:42', NULL, NULL, NULL),
('99861473169330070', 'user', 'user:update', '更新', 'USER_UPDATE', '/api/user', 'PUT', NULL, '2022-10-17 17:36:42', NULL, NULL, '2022-10-17 17:36:42', NULL, NULL, NULL),
('99861473169330071', 'user', 'user:updateSelfUser', '更新自己信息', 'USER_UPDATESELFUSER', '/api/user/updateSelfUser', 'PUT', NULL, '2022-10-17 17:36:42', NULL, NULL, '2022-10-17 17:36:42', NULL, NULL, NULL),
('99861473169330072', 'user', 'user:validateEmail', '验证邮箱', 'USER_VALIDATEEMAIL', '/api/user/validateEmail', 'POST', NULL, '2022-10-17 17:36:42', NULL, NULL, '2022-10-17 17:36:42', NULL, NULL, NULL),
('99861473169330073', 'role', 'userRole:saveFromRole', '角色保存用户', 'USERROLE_SAVEFROMROLE', '/api/userRole/saveFromRole', 'POST', NULL, '2022-10-17 17:36:42', NULL, NULL, '2022-10-17 17:36:42', NULL, NULL, NULL),
('99861473169330074', 'user', 'userRole:saveFromUser', '用户保存角色', 'USERROLE_SAVEFROMUSER', '/api/userRole/saveFromUser', 'POST', NULL, '2022-10-17 17:36:42', NULL, NULL, '2022-10-17 17:36:42', NULL, NULL, NULL),
('99861473169330075', 'uset', 'userUset:saveFromUset', '用户组保存用户', 'USERUSET_SAVEFROMUSET', '/api/userUset/saveFromUset', 'POST', NULL, '2022-10-17 17:36:42', NULL, NULL, '2022-10-17 17:36:42', NULL, NULL, NULL),
('99861473169330076', 'uset', 'uset:delete', '删除', 'USET_DELETE', '/api/uset', 'DELETE', NULL, '2022-10-17 17:36:42', NULL, NULL, '2022-10-17 17:36:42', NULL, NULL, NULL),
('99861473169330077', 'uset', 'uset:get', '详情', 'USET_GET', '/api/uset/{}', 'GET', NULL, '2022-10-17 17:36:42', NULL, NULL, '2022-10-17 17:36:42', NULL, NULL, NULL),
('99861473169330078', 'uset', 'uset:save', '保存', 'USET_SAVE', '/api/uset', 'POST', NULL, '2022-10-17 17:36:42', NULL, NULL, '2022-10-17 17:36:42', NULL, NULL, NULL),
('99861473169330079', 'uset', 'uset:saveRoleFromUset', '添加角色', 'USET_SAVEROLEFROMUSET', '/api/usetRole/saveFromUset', 'POST', NULL, '2022-10-17 17:36:42', NULL, NULL, '2022-10-17 17:36:42', NULL, NULL, NULL),
('99861473169330080', 'uset', 'uset:search', '查询', 'USET_SEARCH', '/api/uset/search', 'POST', NULL, '2022-10-17 17:36:42', NULL, NULL, '2022-10-17 17:36:42', NULL, NULL, NULL),
('99861473169330081', 'uset', 'uset:stop', '停用', 'USET_STOP', '/api/uset/stop', 'POST', NULL, '2022-10-17 17:36:42', NULL, NULL, '2022-10-17 17:36:42', NULL, NULL, NULL),
('99861473169330082', 'uset', 'uset:update', '更新', 'USET_UPDATE', '/api/uset', 'PUT', NULL, '2022-10-17 17:36:42', NULL, NULL, '2022-10-17 17:36:42', NULL, NULL, NULL),
('99861473169330083', 'uset', 'uset:use', '启用', 'USET_USE', '/api/uset/use', 'POST', NULL, '2022-10-17 17:36:42', NULL, NULL, '2022-10-17 17:36:42', NULL, NULL, NULL),
('99861473169337399', 'resource', 'resource:listPermEntrustsByUset', '获取用户组可授权业务权限资源', 'RESOURCE_LISTPERMENTRUSTSBYUSET', '/api/resource/listPermEntrustsByUset', 'GET', NULL, '2022-10-24 08:45:41', NULL, NULL, '2022-10-24 08:45:41', NULL, NULL, NULL),
('99861473169337400', 'resource', 'resource:listResourcesForBPermByUset', '获取用户组可授权业务权限资源', 'RESOURCE_LISTRESOURCESFORBPERMBYUSET', '/api/resource/listResourcesForBPermByUset', 'GET', NULL, '2022-10-24 08:45:41', NULL, NULL, '2022-10-24 08:45:41', NULL, NULL, NULL),
('99861473169337401', 'resource', 'resource:saveUsetBusinessPerm', '保存用户组业务权限', 'RESOURCE_SAVEUSETBUSINESSPERM', '/api/resource/saveUsetBusinessPerm', 'POST', NULL, '2022-10-24 08:45:41', NULL, NULL, '2022-10-24 08:45:41', NULL, NULL, NULL),
('99861473169337408', 'uset', 'userUset:listRolesByUset', '用户组角色列表', 'USERUSET_LISTROLESBYUSET', '/api/usetRole/listRolesByUset', 'GET', NULL, '2022-10-24 08:45:41', NULL, NULL, '2022-10-24 08:45:41', NULL, NULL, NULL);

INSERT INTO `sys_button` (`id`, `button_name`, `menu_id`, `note`, `create_time`, `create_user`, `update_user`, `update_time`, `be_unauth`, `create_user_cn_name`, `update_user_cn_name`, `sub_menu`, `group_id`, `be_lock`) VALUES
('class:delete', '删除', 'class', NULL, '2023-06-05 21:22:13', 'frog', 'frog', '2023-05-03 07:18:12', 0, '大青蛙', '大青蛙', '列表', NULL, 1),
('class:get', '明细', 'class', NULL, '2023-06-05 21:21:54', 'frog', 'frog', '2023-05-03 07:18:12', 0, '大青蛙', '大青蛙', '列表', NULL, 1),
('class:listByKeyWord', '模糊匹配', 'class', NULL, '2023-06-07 16:23:01', 'frog', 'frog', '2023-05-03 07:18:12', 0, '大青蛙', '大青蛙', '列表', NULL, 1),
('class:save', '保存', 'class', NULL, '2023-06-05 21:21:09', 'frog', 'frog', '2023-05-03 07:18:12', 0, '大青蛙', '大青蛙', '列表', NULL, 1),
('class:search', '查询', 'class', NULL, '2023-06-05 21:20:25', 'frog', 'frog', '2023-05-03 07:18:12', 0, '大青蛙', '大青蛙', '列表', NULL, 1),
('class:update', '更新', 'class', NULL, '2023-06-05 21:21:28', 'frog', 'frog', '2023-05-03 07:18:12', 0, '大青蛙', '大青蛙', '列表', NULL, 1),
('dictChild:delete', '删除', 'dictionary', NULL, '2021-03-24 13:48:37', NULL, NULL, '2023-05-03 07:18:12', 0, NULL, NULL, '子项', NULL, 1),
('dictChild:get', '明细', 'dictionary', NULL, '2021-03-24 13:48:37', NULL, NULL, '2023-05-03 07:18:12', 0, NULL, NULL, '子项', NULL, 1),
('dictChild:listByParentCode', '字典关联字典项列表', 'dictionary', NULL, '2021-03-24 14:14:10', NULL, NULL, '2023-05-03 07:18:12', 1, NULL, NULL, '子项', NULL, 1),
('dictChild:listByParentCodes', '字典列表关联字典项列表', 'dictionary', NULL, '2021-03-24 14:14:10', NULL, NULL, '2023-05-03 07:18:12', 1, NULL, NULL, '子项', NULL, 1),
('dictChild:save', '保存', 'dictionary', NULL, '2021-03-24 13:48:37', NULL, NULL, '2023-05-03 07:18:12', 0, NULL, NULL, '子项', NULL, 1),
('dictChild:search', '查询', 'dictionary', NULL, '2021-03-24 13:48:36', NULL, NULL, '2023-05-03 07:18:12', 0, NULL, NULL, '子项', NULL, 1),
('dictChild:stop', '禁用', 'dictionary', NULL, '2021-03-24 13:48:37', NULL, NULL, '2023-05-03 07:18:12', 0, NULL, NULL, '子项', NULL, 1),
('dictChild:update', '更新', 'dictionary', NULL, '2021-03-24 13:48:36', NULL, NULL, '2023-05-03 07:18:12', 0, NULL, NULL, '子项', NULL, 1),
('dictChild:use', '启用', 'dictionary', NULL, '2021-03-24 13:48:37', NULL, NULL, '2023-05-03 07:18:12', 0, NULL, NULL, '子项', NULL, 1),
('dictionary:delete', '删除', 'dictionary', NULL, '2021-03-24 13:48:36', NULL, NULL, '2023-05-03 07:18:12', 0, NULL, NULL, '字典管理', NULL, 1),
('dictionary:get', '明细', 'dictionary', NULL, '2021-03-24 13:48:36', NULL, NULL, '2023-05-03 07:18:12', 0, NULL, NULL, '字典管理', NULL, 1),
('dictionary:save', '保存', 'dictionary', NULL, '2021-03-24 13:48:36', NULL, NULL, '2023-05-03 07:18:12', 0, NULL, NULL, '字典管理', NULL, 1),
('dictionary:search', '查询', 'dictionary', NULL, '2021-03-24 13:48:36', NULL, NULL, '2023-05-03 07:18:12', 0, NULL, NULL, '字典管理', NULL, 1),
('dictionary:stop', '禁用', 'dictionary', NULL, '2021-03-24 13:48:36', NULL, NULL, '2023-05-03 07:18:12', 0, NULL, NULL, '字典管理', NULL, 1),
('dictionary:update', '更新', 'dictionary', NULL, '2021-03-24 13:48:36', NULL, NULL, '2023-05-03 07:18:12', 0, NULL, NULL, '字典管理', NULL, 1),
('dictionary:use', '启用', 'dictionary', NULL, '2021-03-24 13:48:36', NULL, NULL, '2023-05-03 07:18:12', 0, NULL, NULL, '字典管理', NULL, 1),
('group:addCompany', '添加分公司', 'group', NULL, '2021-05-10 14:22:09', NULL, NULL, '2023-05-03 07:18:12', 0, NULL, NULL, '组织', NULL, 1),
('group:addDepartment', '添加子部门', 'group', NULL, '2021-05-10 14:22:09', NULL, NULL, '2023-05-03 07:18:12', 0, NULL, NULL, '组织', NULL, 1),
('group:addUsers', '添加成员', 'group', NULL, '2021-05-10 14:22:09', NULL, NULL, '2023-05-03 07:18:12', 0, NULL, NULL, '成员/用户', NULL, 1),
('group:assignPosition', '修改成员职位', 'group', NULL, '2021-05-10 14:22:09', NULL, NULL, '2023-05-03 07:18:12', 0, NULL, NULL, '成员/用户', NULL, 1),
('group:delete', '删除', 'group', NULL, '2021-05-10 14:22:09', NULL, NULL, '2023-05-03 07:18:12', 0, NULL, NULL, '组织', NULL, 1),
('group:getListBranchCompanines', '获取分公司列表', 'user', NULL, '2021-03-30 16:24:07', NULL, NULL, '2023-05-03 07:18:12', 1, NULL, NULL, '用户管理', NULL, 1),
('group:listUserGroupByUserNos', '根据用户编号列表获取用户组织列表', 'group', NULL, '2023-07-16 22:06:27', 'frog', 'frog', '2023-05-03 07:18:12', 0, '大青蛙', '大青蛙', '成员/用户', NULL, 1),
('group:moveUsers', '移动成员', 'group', NULL, '2021-05-10 14:22:09', NULL, NULL, '2023-05-03 07:18:12', 0, NULL, NULL, '成员/用户', NULL, 1),
('group:removeUsers', '删除成员', 'group', NULL, '2021-05-10 14:22:09', NULL, NULL, '2023-05-03 07:18:12', 0, NULL, NULL, '成员/用户', NULL, 1),
('group:save', '添加', 'group', NULL, '2021-05-10 14:22:09', NULL, NULL, '2023-05-03 07:18:12', 0, NULL, NULL, '组织', NULL, 1),
('group:searchNotAssignUser', '查询未分配组织用户', 'group', NULL, '2021-05-10 14:22:09', NULL, NULL, '2023-05-03 07:18:12', 0, NULL, NULL, '成员/用户', NULL, 1),
('group:searchUser', '查询用户', 'group', NULL, '2021-05-10 14:22:09', NULL, NULL, '2023-05-03 07:18:12', 0, NULL, NULL, '成员/用户', NULL, 1),
('group:treeAllGroups', '树方式获取所有组织', 'group', NULL, '2021-05-10 14:22:09', NULL, NULL, '2023-05-03 07:18:12', 1, NULL, NULL, '组织', NULL, 1),
('group:treeAllGroupsAndPositions', '树方式获取所有组织及职位', 'group', NULL, '2021-05-10 14:22:09', NULL, NULL, '2023-05-03 07:18:12', 0, NULL, NULL, '组织', NULL, 1),
('group:treeAllGroupsAndUsers', '树方式获取所有组织及用户', 'group', NULL, '2021-05-10 14:22:09', NULL, NULL, '2023-05-03 07:18:12', 0, NULL, NULL, '组织', NULL, 1),
('group:treeAllGroupsAndUsersByTag', '树方式获取所有组织及Tag用户', 'group', NULL, '2023-07-20 21:11:48', 'frog', 'frog', '2023-05-03 22:21:33', 0, '大青蛙', '大青蛙', '组织', NULL, 1),
('group:update', '编辑', 'group', NULL, '2021-05-10 14:22:09', NULL, NULL, '2023-05-03 07:18:12', 0, NULL, NULL, '组织', NULL, 1),
('group:userDepartments', '用户组织列表', 'group', NULL, '2021-05-10 14:22:09', NULL, NULL, '2023-05-03 07:18:12', 0, NULL, NULL, '成员/用户', NULL, 1),
('group:userDetail', '成员明细', 'group', NULL, '2021-05-10 14:22:09', NULL, NULL, '2023-05-03 07:18:12', 0, NULL, NULL, '组织', NULL, 1),
('hamc:search', '查询', 'hamc', NULL, '2023-05-30 16:49:14', 'frog', 'frog', '2023-05-03 07:18:12', 0, '大青蛙', '大青蛙', '列表', NULL, 1),
('hmac:delete', '删除', 'hamc', NULL, '2023-05-30 16:50:34', 'frog', 'frog', '2023-05-03 07:18:12', 0, '大青蛙', '大青蛙', '列表', NULL, 1),
('hmac:get', '明细', 'hamc', NULL, '2023-05-30 16:51:06', 'frog', 'frog', '2023-05-03 07:18:12', 0, '大青蛙', '大青蛙', '列表', NULL, 1),
('hmac:refreshCache', '刷新缓存', 'hamc', NULL, '2023-05-30 16:51:39', 'frog', 'frog', '2023-05-03 07:18:12', 0, '大青蛙', '大青蛙', '列表', NULL, 1),
('hmac:save', '保存', 'hamc', NULL, '2023-05-30 16:49:47', 'frog', 'frog', '2023-05-03 07:18:12', 0, '大青蛙', '大青蛙', '列表', NULL, 1),
('hmac:update', '更新', 'hamc', NULL, '2023-05-30 16:50:10', 'frog', 'frog', '2023-05-03 07:18:12', 0, '大青蛙', '大青蛙', '列表', NULL, 1),
('hmacLog:get', '详情', 'hmacLog', NULL, '2023-05-30 22:11:47', 'frog', 'frog', '2023-05-03 07:18:12', 0, '大青蛙', '大青蛙', '列表', NULL, 1),
('hmacLog:search', '查询', 'hmacLog', NULL, '2023-05-30 22:11:18', 'frog', 'frog', '2023-05-03 07:18:12', 0, '大青蛙', '大青蛙', '列表', NULL, 1),
('item:delete', '删除', 'item', NULL, '2023-06-05 22:06:09', 'frog', 'frog', '2023-05-03 07:18:12', 0, '大青蛙', '大青蛙', '列表', NULL, 1),
('item:get', '明细', 'item', NULL, '2023-06-05 22:05:34', 'frog', 'frog', '2023-05-03 07:18:12', 0, '大青蛙', '大青蛙', '列表', NULL, 1),
('item:listByKeyWord', '根据关键字查询商品', 'item', NULL, '2023-07-19 20:41:52', 'frog', 'frog', '2023-05-03 10:42:08', 0, '大青蛙', '大青蛙', '列表', NULL, 1),
('item:save', '保存', 'item', NULL, '2023-06-05 21:50:46', 'frog', 'frog', '2023-05-03 07:18:12', 0, '大青蛙', '大青蛙', '列表', NULL, 1),
('item:search', '查询', 'item', NULL, '2023-06-05 21:23:12', 'frog', 'frog', '2023-05-03 07:18:12', 0, '大青蛙', '大青蛙', '列表', NULL, 1),
('item:update', '更新', 'item', NULL, '2023-06-05 21:51:16', 'frog', 'frog', '2023-05-03 07:18:12', 0, '大青蛙', '大青蛙', '列表', NULL, 1),
('limit:delete', '删除', 'limit', NULL, '2023-08-24 13:56:12', 'robot', 'robot', '2023-08-24 13:56:12', 0, '机器人', '机器人', '列表', NULL, 0),
('limit:get', '明细', 'limit', NULL, '2023-08-24 14:00:19', 'robot', 'robot', '2023-08-24 14:00:19', 0, '机器人', '机器人', '列表', NULL, 0),
('limit:refreshCache', '刷新缓存', 'limit', NULL, '2023-08-25 11:42:15', 'robot', 'robot', '2023-08-25 11:42:15', 0, '机器人', '机器人', '列表', NULL, 0),
('limit:save', '保存', 'limit', NULL, '2023-08-24 13:55:23', 'robot', 'robot', '2023-08-24 13:55:23', 0, '机器人', '机器人', '列表', NULL, 0),
('limit:search', '查询', 'limit', NULL, '2023-08-24 13:54:53', 'robot', 'robot', '2023-08-24 13:54:53', 0, '机器人', '机器人', '列表', NULL, 0),
('limit:stop', '停用', 'limit', NULL, '2023-08-24 13:56:58', 'robot', 'robot', '2023-08-24 13:57:39', 0, '机器人', '机器人', '列表', NULL, 0),
('limit:update', '更新', 'limit', NULL, '2023-08-24 13:55:48', 'robot', 'robot', '2023-08-24 13:55:48', 0, '机器人', '机器人', '列表', NULL, 0),
('limit:use', '启用', 'limit', NULL, '2023-08-24 13:57:19', 'robot', 'robot', '2023-08-24 13:57:30', 0, '机器人', '机器人', '列表', NULL, 0),
('logger:get', '详情', 'logger', NULL, '2023-05-30 22:20:19', 'frog', 'frog', '2023-05-03 07:18:12', 0, '大青蛙', '大青蛙', '日志管理', NULL, 1),
('logger:search', '查询', 'logger', NULL, '2021-02-26 04:49:55', NULL, NULL, '2023-05-03 07:18:12', 0, NULL, NULL, '日志管理', NULL, 1),
('menu:delete', '更新菜单', 'menu', NULL, '2021-04-08 04:49:55', NULL, NULL, '2023-05-03 07:18:12', 0, NULL, NULL, '菜单', NULL, 1),
('menu:deleteButton', '删除按钮', 'menu', NULL, '2021-04-08 04:49:55', NULL, NULL, '2023-05-03 07:18:12', 0, NULL, NULL, '菜单', NULL, 1),
('menu:getButtonAndApiById', '获取按钮和API', 'menu', NULL, '2023-08-24 17:28:17', 'robot', 'robot', '2023-08-24 17:28:34', 0, '机器人', '机器人', '菜单', NULL, 0),
('menu:listButtonByKeyWord', '关键字查询按钮', 'menu', NULL, '2023-08-24 17:27:22', 'robot', 'robot', '2023-08-24 17:27:30', 0, '机器人', '机器人', '菜单', NULL, 0),
('menu:saveOrUpdate', '保存或更新菜单', 'menu', NULL, '2021-04-08 04:49:55', NULL, NULL, '2023-05-03 07:18:12', 0, NULL, NULL, '菜单', NULL, 1),
('menu:saveOrUpdateButton', '保存或更新按钮', 'menu', NULL, '2021-04-08 04:49:55', NULL, NULL, '2023-05-03 07:18:12', 0, NULL, NULL, '菜单', NULL, 1),
('menu:searchButtonsAndApiByMenu', '菜单对应按钮列表', 'menu', NULL, '2021-04-08 04:49:55', NULL, NULL, '2023-05-03 07:18:12', 0, NULL, NULL, '菜单', NULL, 1),
('menu:treeAllMenus', '菜单列表', 'menu', NULL, '2021-04-08 04:49:55', NULL, NULL, '2023-05-03 07:18:12', 0, NULL, NULL, '菜单', NULL, 1),
('order:delete', '删除', 'order', NULL, '2023-07-13 16:02:38', 'frog', 'frog', '2023-05-03 07:18:12', 0, '大青蛙', '大青蛙', '列表', NULL, 1),
('order:get', '明细', 'order', NULL, '2023-07-13 16:01:51', 'frog', 'frog', '2023-05-03 07:18:12', 0, '大青蛙', '大青蛙', '列表', NULL, 1),
('order:save', '保存', 'order', NULL, '2023-07-13 16:00:49', 'frog', 'frog', '2023-05-03 07:18:12', 0, '大青蛙', '大青蛙', '列表', NULL, 1),
('order:search', '查询', 'order', NULL, '2023-07-13 16:00:17', 'frog', 'frog', '2023-05-03 07:18:12', 0, '大青蛙', '大青蛙', '列表', NULL, 1),
('order:update', '更新', 'order', NULL, '2023-07-13 16:01:18', 'frog', 'frog', '2023-05-03 07:18:12', 0, '大青蛙', '大青蛙', '列表', NULL, 1),
('param:delete', '删除', 'param', NULL, '2021-03-24 14:11:30', NULL, NULL, '2023-05-03 07:18:12', 0, NULL, NULL, '参数管理', NULL, 1),
('param:get', '明细', 'param', NULL, '2021-03-24 14:11:29', NULL, NULL, '2023-05-03 07:18:12', 0, NULL, NULL, '参数管理', NULL, 1),
('param:save', '保存', 'param', NULL, '2021-03-24 14:11:29', NULL, NULL, '2023-05-03 07:18:12', 0, NULL, NULL, '参数管理', NULL, 1),
('param:search', '查询', 'param', NULL, '2021-03-24 14:11:29', NULL, NULL, '2023-05-03 07:18:12', 0, NULL, NULL, '参数管理', NULL, 1),
('param:update', '更新', 'param', NULL, '2021-03-24 14:11:29', NULL, NULL, '2023-05-03 07:18:12', 0, NULL, NULL, '参数管理', NULL, 1),
('pcolumn:delete', '删除数据列', 'pcolumn', NULL, '2023-05-06 16:12:08', 'robot', 'robot', '2023-05-03 07:18:12', 0, '机器人', '机器人', '数据列管理', NULL, 1),
('pcolumn:fetchColumnByTableWithPerm', '获取表列信息', 'pcolumn', NULL, '2023-05-06 16:14:16', 'robot', 'frog', '2023-05-03 07:18:12', 0, '机器人', '大青蛙', '数据列管理', NULL, 1),
('pcolumn:fetchTables', '获取表格列表', 'pcolumn', NULL, '2023-05-06 16:13:32', 'robot', 'frog', '2023-05-03 07:18:12', 0, '机器人', '大青蛙', '数据列管理', NULL, 1),
('pcolumn:listPermColumnsByTable', '获取数据列', 'pcolumn', NULL, '2023-05-06 16:12:57', 'robot', 'robot', '2023-05-03 07:18:12', 0, '机器人', '机器人', '数据列管理', NULL, 1),
('pcolumn:listPermColumnsByTables', '根据表格列表获取对应的列列表', 'pcolumn', NULL, '2023-05-08 14:53:37', 'robot', 'robot', '2023-05-03 07:18:12', 0, '机器人', '机器人', '数据列管理', NULL, 1),
('pcolumn:save', '保存数据列', 'pcolumn', NULL, '2023-05-06 16:11:28', 'robot', 'robot', '2023-05-03 07:18:12', 0, '机器人', '机器人', '数据列管理', NULL, 1),
('position:delete', '删除', 'position', NULL, '2021-05-10 14:22:09', NULL, NULL, '2023-05-03 07:18:12', 0, NULL, NULL, '职位管理', NULL, 1),
('position:get', '明细', 'position', NULL, '2021-05-10 14:22:09', NULL, NULL, '2023-05-03 07:18:12', 0, NULL, NULL, '职位管理', NULL, 1),
('position:listActiveByGroup', '组织生效列表', 'position', NULL, '2021-05-10 14:22:09', NULL, NULL, '2023-05-03 07:18:12', 0, NULL, NULL, '职位管理', NULL, 1),
('position:listByGroup', '组织职位列表查询', 'position', NULL, '2021-05-10 14:22:09', NULL, NULL, '2023-05-03 07:18:12', 0, NULL, NULL, '职位管理', NULL, 1),
('position:listEntrusIdsByPosition', '获取委托列表', 'position', NULL, '2021-05-10 14:22:09', NULL, NULL, '2023-05-03 07:18:12', 0, NULL, NULL, '职位管理', NULL, 1),
('position:save', '新增', 'position', NULL, '2021-05-10 14:22:09', NULL, NULL, '2023-05-03 07:18:12', 0, NULL, NULL, '职位管理', NULL, 1),
('position:savePositionRole', '分配角色', 'position', NULL, '2021-05-10 14:22:09', NULL, NULL, '2023-05-03 07:18:12', 0, NULL, NULL, '职位管理', NULL, 1),
('position:search', '查询', 'position', NULL, '2021-05-10 14:22:09', NULL, NULL, '2023-05-03 07:18:12', 0, NULL, NULL, '职位管理', NULL, 1),
('position:stop', '停用', 'position', NULL, '2021-05-10 14:22:09', NULL, NULL, '2023-05-03 07:18:12', 0, NULL, NULL, '职位管理', NULL, 1),
('position:update', '修改', 'position', NULL, '2021-05-10 14:22:09', NULL, NULL, '2023-05-03 07:18:12', 0, NULL, NULL, '职位管理', NULL, 1),
('position:use', '启用', 'position', NULL, '2021-05-10 14:22:09', NULL, NULL, '2023-05-03 07:18:12', 0, NULL, NULL, '职位管理', NULL, 1),
('provider:delete', '删除', 'provider', NULL, '2023-06-05 21:18:48', 'frog', 'frog', '2023-05-03 07:18:12', 0, '大青蛙', '大青蛙', '列表', NULL, 1),
('provider:get', '明细', 'provider', NULL, '2023-06-05 21:19:25', 'frog', 'frog', '2023-05-03 07:18:12', 0, '大青蛙', '大青蛙', '列表', NULL, 1),
('provider:listByKeyWord', '模糊查询', 'provider', NULL, '2023-06-07 16:22:28', 'frog', 'frog', '2023-05-03 07:18:12', 0, '大青蛙', '大青蛙', '列表', NULL, 1),
('provider:save', '保存', 'provider', NULL, '2023-06-05 21:13:52', 'frog', 'frog', '2023-05-03 07:18:12', 0, '大青蛙', '大青蛙', '列表', NULL, 1),
('provider:search', '查询', 'provider', NULL, '2023-06-05 21:13:24', 'frog', 'frog', '2023-05-03 07:18:12', 0, '大青蛙', '大青蛙', '列表', NULL, 1),
('provider:update', '更新', 'provider', NULL, '2023-06-05 21:14:32', 'frog', 'frog', '2023-05-03 07:18:12', 0, '大青蛙', '大青蛙', '列表', NULL, 1),
('resource:fetchActionMapperByPerm', '根据权限获取对应的表格信息', 'resource', NULL, '2023-04-21 09:29:13', 'robot', 'robot', '2023-05-03 07:18:12', 0, '机器人', '机器人', '授权管理', NULL, 1),
('resource:fetchColumnActionMapperByPerm', '数据列对应的表权限', 'resource', NULL, '2023-05-19 15:54:02', 'robot', 'robot', '2023-05-03 07:18:12', 0, '机器人', '机器人', '授权管理', NULL, 1),
('resource:fetchColumnByTable', '根据表格获取列信息', 'resource', NULL, '2023-04-21 09:29:56', 'robot', 'robot', '2023-05-03 07:18:12', 0, '机器人', '机器人', '授权管理', NULL, 1),
('resource:listBPermResources', '获取用户可授权业务权限资源', 'resource', NULL, '2020-11-08 11:16:35', NULL, NULL, '2023-05-03 07:18:12', 0, NULL, NULL, '授权管理', NULL, 1),
('resource:listPermEntrustsByUser', '获取用户业务权限', 'resource', NULL, '2020-11-08 11:16:35', NULL, NULL, '2023-05-03 07:18:12', 0, NULL, NULL, '授权管理', NULL, 1),
('resource:listPermEntrustsByUset', '获取用户组可授权业务权限资源', 'resource', NULL, '2020-11-08 11:16:35', NULL, NULL, '2023-05-03 07:18:12', 0, NULL, NULL, '授权管理', NULL, 1),
('resource:listPermExceptEntrustsByUser', '获取用户排除权限', 'resource', NULL, '2023-04-28 17:38:51', 'robot', 'robot', '2023-05-03 07:18:12', 0, '机器人', '机器人', '授权管理', NULL, 1),
('resource:listPermExceptEntrustsByUset', '获取用户组排除权限', 'resource', NULL, '2023-04-28 17:40:16', 'robot', 'robot', '2023-05-03 07:18:12', 0, '机器人', '机器人', '授权管理', NULL, 1),
('resource:listResourcesForBPermByUset', '获取用户组可授权业务权限资源', 'resource', NULL, '2020-11-08 11:16:35', NULL, NULL, '2023-05-03 07:18:12', 0, NULL, NULL, '授权管理', NULL, 1),
('resource:listUserColumnPerm', '获取用户列权限', 'resource', NULL, '2023-05-19 15:52:44', 'robot', 'robot', '2023-05-03 07:18:12', 0, '机器人', '机器人', '授权管理', NULL, 1),
('resource:listUserDataPerm', '获取用户数据权限', 'resource', NULL, '2023-04-25 08:52:26', 'robot', 'robot', '2023-05-03 07:18:12', 0, '机器人', '机器人', '授权管理', NULL, 1),
('resource:listUsetColumnPerm', '获取用户组列权限', 'resource', NULL, '2023-05-19 15:52:09', 'robot', 'robot', '2023-05-03 07:18:12', 0, '机器人', '机器人', '授权管理', NULL, 1),
('resource:listUsetDataPerm', '获取用户组数据权限', 'resource', NULL, '2023-05-04 17:48:33', 'robot', 'robot', '2023-05-03 07:18:12', 0, '机器人', '机器人', '授权管理', NULL, 1),
('resource:saveBusinessPerm', '保存用户业务权限', 'resource', NULL, '2020-11-08 11:16:35', NULL, NULL, '2023-05-03 07:18:12', 0, NULL, NULL, '授权管理', NULL, 1),
('resource:saveDataPerm', '保存数据权限', 'resource', NULL, '2023-04-24 17:05:26', 'robot', 'robot', '2023-05-03 07:18:12', 0, '机器人', '机器人', '授权管理', NULL, 1),
('resource:saveUserColumnPerm', '保存用户列权限', 'resource', NULL, '2023-05-19 17:21:43', 'robot', 'robot', '2023-05-03 07:18:12', 0, '机器人', '机器人', '授权管理', NULL, 1),
('resource:saveUsetBusinessPerm', '保存用户组业务权限', 'resource', NULL, '2020-11-08 11:16:35', NULL, NULL, '2023-05-03 07:18:12', 0, NULL, NULL, '授权管理', NULL, 1),
('resource:saveUsetColumnPerm', '保存用户组列权限', 'resource', NULL, '2023-05-19 17:22:18', 'robot', 'robot', '2023-05-03 07:18:12', 0, '机器人', '机器人', '授权管理', NULL, 1),
('resource:saveUsetDataPerm', '保存用户组数据权限', 'resource', NULL, '2023-05-04 17:49:20', 'robot', 'robot', '2023-05-03 07:18:12', 0, '机器人', '机器人', '授权管理', NULL, 1),
('role:delete', '删除', 'role', NULL, '2020-11-08 11:16:35', NULL, NULL, '2023-05-03 07:18:12', 0, NULL, NULL, '角色管理', NULL, 1),
('role:get', '明细', 'role', NULL, '2020-11-08 11:16:35', NULL, NULL, '2023-05-03 07:18:12', 0, NULL, NULL, '角色管理', NULL, 1),
('role:listAll', '列表', 'role', NULL, '2020-11-08 11:16:35', NULL, NULL, '2023-05-03 07:18:12', 0, NULL, NULL, '角色管理', NULL, 1),
('role:listAllButtonsByMenu', '根据菜单获取按钮列表', 'role', NULL, '2020-11-08 11:16:35', NULL, NULL, '2023-05-03 07:18:12', 1, NULL, NULL, '角色管理', NULL, 1),
('role:listByPosition', '职位获取角色', 'role', NULL, '2020-11-08 11:16:35', NULL, NULL, '2023-05-03 07:18:12', 0, NULL, NULL, '角色管理', NULL, 1),
('role:listByUser', '用户获取角色', 'role', NULL, '2020-11-08 11:16:35', NULL, NULL, '2023-05-03 07:18:12', 0, NULL, NULL, '角色管理', NULL, 1),
('role:listPermButtons', '角色菜单获取按钮权限', 'role', NULL, '2020-11-08 11:16:35', NULL, NULL, '2023-05-03 07:18:12', 0, NULL, NULL, '角色管理', NULL, 1),
('role:listPermMenus', '角色获取菜单权限', 'role', NULL, '2020-11-08 11:16:35', NULL, NULL, '2023-05-03 07:18:12', 0, NULL, NULL, '角色管理', NULL, 1),
('role:refreshPrivileges', '刷新权限', 'role', NULL, '2023-09-06 14:56:16', 'frog', 'frog', '2023-05-09 20:25:31', 0, '大青蛙', '大青蛙', '角色管理', NULL, 1),
('role:save', '保存', 'role', NULL, '2020-11-08 11:16:35', NULL, NULL, '2023-05-03 07:18:12', 0, NULL, NULL, '角色管理', NULL, 1),
('role:saveButtonPerm', '保存按钮权限', 'role', NULL, '2020-11-08 11:16:35', NULL, NULL, '2023-05-03 07:18:12', 0, NULL, NULL, '角色管理', NULL, 1),
('role:saveMenuPerm', '保存菜单权限', 'role', NULL, '2020-11-08 11:16:35', NULL, NULL, '2023-05-03 07:18:12', 0, NULL, NULL, '角色管理', NULL, 1),
('role:search', '查询', 'role', NULL, '2020-11-08 11:16:35', NULL, NULL, '2023-05-03 07:18:12', 0, NULL, NULL, '角色管理', NULL, 1),
('role:stop', '停用', 'role', NULL, '2020-11-08 11:16:35', NULL, NULL, '2023-05-03 07:18:12', 0, NULL, NULL, '角色管理', NULL, 1),
('role:treeAllMenus', '树方式获取所有菜单列表', 'role', NULL, '2020-11-08 11:16:35', NULL, NULL, '2023-05-03 07:18:12', 0, NULL, NULL, '角色管理', NULL, 1),
('role:update', '更新', 'role', NULL, '2020-11-08 11:16:35', NULL, NULL, '2023-05-03 07:18:12', 0, NULL, NULL, '角色管理', NULL, 1),
('role:use', '启用', 'role', NULL, '2020-11-08 11:16:35', NULL, NULL, '2023-05-03 07:18:12', 0, NULL, NULL, '角色管理', NULL, 1),
('user:active', '激活', 'user', NULL, '2021-03-30 16:24:07', NULL, NULL, '2023-05-03 07:18:12', 0, NULL, NULL, '用户管理', NULL, 1),
('user:delete', '删除', 'user', NULL, '2021-03-18 11:55:59', NULL, NULL, '2023-05-03 07:18:12', 0, NULL, NULL, '用户管理', NULL, 1),
('user:get', '明细', 'user', NULL, '2021-03-18 11:55:59', NULL, 'frog', '2023-05-09 20:25:31', 0, NULL, '大青蛙', '用户管理', NULL, 1),
('user:getByCode', '根据用户名获取用户', 'user', NULL, '2023-07-16 22:02:58', 'frog', 'frog', '2023-05-03 07:18:12', 0, '大青蛙', '大青蛙', '用户管理', NULL, 1),
('user:listButtons', '用户按钮列表', 'user', NULL, '2023-09-06 16:16:32', 'frog', 'frog', '2023-05-09 20:25:31', 1, '大青蛙', '大青蛙', '用户管理', NULL, 1),
('user:listByGroup', '组织获取用户', 'user', NULL, '2020-11-08 11:16:35', NULL, NULL, '2023-05-03 07:18:12', 0, NULL, NULL, '用户管理', NULL, 1),
('user:listByRole', '角色获取用户', 'user', NULL, '2020-11-08 11:16:35', NULL, NULL, '2023-05-03 07:18:12', 0, NULL, NULL, '用户管理', NULL, 1),
('user:listByTagAndKeyword', '用户属性和关键字获取用户', 'user', NULL, '2021-05-19 09:10:52', NULL, 'robot', '2023-05-03 07:18:12', 1, NULL, '机器人', '用户管理', NULL, 1),
('user:listByTagAndKeywordOfAgent', '根据用户属性和关键字获取分部用户', 'user', NULL, '2023-01-09 16:04:40', 'hans', 'hans', '2023-05-03 07:18:12', 1, '韩泽宁', '韩泽宁', '用户管理', NULL, 1),
('user:listByTagAndKeywordOfCompany', '根据用户属性和关键字获取分公司用户', 'user', NULL, '2023-01-12 17:49:42', 'hans', 'hans', '2023-05-03 07:18:12', 1, '韩泽宁', '韩泽宁', '用户管理', NULL, 1),
('user:listByUserCnNames', '根据用户中文名查询用户', 'user', NULL, '2023-01-30 14:16:36', 'hans', 'hans', '2023-05-03 07:18:12', 1, '韩泽宁', '韩泽宁', '用户管理', NULL, 1),
('user:listByUserCnNamesOfAgent', '跨系统根据用户中文名获取用户', 'user', NULL, '2023-01-30 14:17:57', 'hans', 'hans', '2023-05-03 07:18:12', 1, '韩泽宁', '韩泽宁', '用户管理', NULL, 1),
('user:listByUserNoStr', '用户账号查询', 'user', NULL, '2021-05-25 09:46:39', NULL, 'hans', '2023-05-03 07:18:12', 1, NULL, '韩泽宁', '用户管理', NULL, 1),
('user:listByUserNoStrOfAgent', '分部用户账号查询', 'user', NULL, '2023-01-09 16:22:39', 'hans', 'hans', '2023-05-03 07:18:12', 1, '韩泽宁', '韩泽宁', '用户管理', NULL, 1),
('user:listGroupUsersByRole', '角色获取组织成员', 'user', NULL, '2020-11-08 11:16:35', NULL, NULL, '2023-05-03 07:18:12', 0, NULL, NULL, '用户管理', NULL, 1),
('user:listGroupUsersByUset', '用户组获取组织成员', 'user', NULL, '2020-11-08 11:16:35', NULL, NULL, '2023-05-03 07:18:12', 0, NULL, NULL, '用户管理', NULL, 1),
('user:reset', '重置密码', 'user', NULL, '2020-11-08 11:16:35', NULL, NULL, '2023-05-03 07:18:12', 0, NULL, NULL, '用户管理', NULL, 1),
('user:save', '新增', 'user', NULL, '2021-03-18 11:55:59', NULL, NULL, '2023-05-03 07:18:12', 0, NULL, NULL, '用户管理', NULL, 1),
('user:saveAvatar', '上传头像', 'user', NULL, '2021-12-09 17:11:55', NULL, NULL, '2023-05-03 07:18:12', 1, NULL, NULL, '用户管理', NULL, 1),
('user:search', '查询', 'user', NULL, '2020-11-08 11:16:35', NULL, NULL, '2023-05-03 07:18:12', 0, NULL, NULL, '用户管理', NULL, 1),
('user:stop', '停用', 'user', NULL, '2021-03-30 16:24:07', NULL, NULL, '2023-05-03 07:18:12', 0, NULL, NULL, '用户管理', NULL, 1),
('user:unstop', '启用', 'user', NULL, '2021-03-30 16:24:07', NULL, NULL, '2023-05-03 07:18:12', 0, NULL, NULL, '用户管理', NULL, 1),
('user:update', '更新', 'user', NULL, '2020-11-08 11:16:35', NULL, NULL, '2023-05-03 07:18:12', 0, NULL, NULL, '用户管理', NULL, 1),
('user:updateSelfUser', '更新自己信息', 'user', NULL, '2021-03-30 16:24:07', NULL, NULL, '2023-05-03 07:18:12', 1, NULL, NULL, '用户管理', NULL, 1),
('user:validateEmail', '验证邮箱', 'user', NULL, '2021-03-30 16:24:07', NULL, NULL, '2023-05-03 07:18:12', 1, NULL, NULL, '用户管理', NULL, 1),
('userRole:saveFromRole', '角色保存用户', 'role', NULL, '2020-11-08 11:16:35', NULL, NULL, '2023-05-03 07:18:12', 0, NULL, NULL, '角色管理', NULL, 1),
('userRole:saveFromUser', '用户保存角色', 'user', NULL, '2020-11-08 11:16:35', NULL, NULL, '2023-05-03 07:18:12', 0, NULL, NULL, '用户管理', NULL, 1),
('userUset:listRolesByUset', '用户组角色列表', 'uset', NULL, '2020-11-08 11:16:35', NULL, NULL, '2023-05-03 07:18:12', 0, NULL, NULL, '列表', NULL, 1),
('userUset:saveFromUset', '用户组保存用户', 'uset', NULL, '2020-11-08 11:16:35', NULL, NULL, '2023-05-03 07:18:12', 0, NULL, NULL, '列表', NULL, 1),
('uset:delete', '删除', 'uset', NULL, '2021-12-09 10:58:26', NULL, NULL, '2023-05-03 07:18:12', 0, NULL, NULL, '列表', NULL, 1),
('uset:get', '详情', 'uset', NULL, '2021-12-09 10:58:26', NULL, NULL, '2023-05-03 07:18:12', 0, NULL, NULL, '列表', NULL, 1),
('uset:save', '保存', 'uset', NULL, '2021-12-09 10:58:26', NULL, NULL, '2023-05-03 07:18:12', 0, NULL, NULL, '列表', NULL, 1),
('uset:saveRoleFromUset', '添加角色', 'uset', NULL, '2022-07-05 09:25:03', 'hans', 'hans', '2023-05-03 07:18:12', 0, '韩泽宁', '韩泽宁', '列表', NULL, 1),
('uset:search', '查询', 'uset', NULL, '2021-12-09 10:58:26', NULL, NULL, '2023-05-03 07:18:12', 0, NULL, NULL, '列表', NULL, 1),
('uset:stop', '停用', 'uset', NULL, '2021-12-09 10:58:26', NULL, NULL, '2023-05-03 07:18:12', 0, NULL, NULL, '列表', NULL, 1),
('uset:treeAllUset', '获取所有用户组', 'uset', NULL, '2023-05-07 19:05:37', 'robot', 'robot', '2023-05-03 07:18:12', 0, '机器人', '机器人', '列表', NULL, 1),
('uset:update', '更新', 'uset', NULL, '2021-12-09 10:58:26', NULL, NULL, '2023-05-03 07:18:12', 0, NULL, NULL, '列表', NULL, 1),
('uset:use', '启用', 'uset', NULL, '2021-12-09 10:58:26', NULL, NULL, '2023-05-03 07:18:12', 0, NULL, NULL, '列表', NULL, 1);

INSERT INTO `sys_data_perm_column` (`id`, `column_name`, `table_name`, `table_comment`, `column_type`, `column_comment`, `create_time`, `create_user`, `update_user`, `update_time`, `create_user_cn_name`, `update_user_cn_name`, `group_id`) VALUES
('1662456576495120385', 'ship_company', 'ship_order', NULL, 'varchar', '船公司简称', '2023-05-27 21:51:49', 'frog', 'frog', '2023-05-27 21:51:49', '大青蛙', '大青蛙', 'R010101'),
('1662456576658698242', 'voyage', 'ship_order', NULL, 'varchar', '航次', '2023-05-27 21:51:49', 'frog', 'frog', '2023-05-27 21:51:49', '大青蛙', '大青蛙', 'R010101'),
('1662456576692252674', 'vessel', 'ship_order', NULL, 'varchar', '船名', '2023-05-27 21:51:49', 'frog', 'frog', '2023-05-27 21:51:49', '大青蛙', '大青蛙', 'R010101'),
('1662456576721612801', 'etd', 'ship_order', NULL, 'date', '预计开船时间', '2023-05-27 21:51:49', 'frog', 'frog', '2023-05-27 21:51:49', '大青蛙', '大青蛙', 'R010101'),
('1676040785522659330', 'code', 'wms_item', NULL, 'varchar', '编码', '2023-07-04 09:30:37', 'frog', 'frog', '2023-07-04 09:30:37', '大青蛙', '大青蛙', 'R010104'),
('1676040785552019457', 'name', 'wms_item', NULL, 'varchar', '名称', '2023-07-04 09:30:37', 'frog', 'frog', '2023-07-04 09:30:37', '大青蛙', '大青蛙', 'R010104'),
('1676040785564602369', 'class_name', 'wms_item', NULL, 'varchar', '分类名称', '2023-07-04 09:30:37', 'frog', 'frog', '2023-07-04 09:30:37', '大青蛙', '大青蛙', 'R010104'),
('1676040785577185281', 'provider_name', 'wms_item', NULL, 'varchar', '供应商简称', '2023-07-04 09:30:37', 'frog', 'frog', '2023-07-04 09:30:37', '大青蛙', '大青蛙', 'R010104');

INSERT INTO `sys_dict_child` (`id`, `dict_code`, `dict_name`, `priority`, `state`, `be_delete`, `parent_id`, `create_time`, `create_user`, `update_user`, `update_time`, `group_id`, `create_user_cn_name`, `update_user_cn_name`, `be_lock`) VALUES
('1369122481763254275', 'SALLER', '销售', 2, 'ACTIVE', 0, '1369114180896014437', '2021-03-09 11:06:51', 'hans', 'hans', '2023-05-03 07:19:22', '123', NULL, NULL, 1),
('1369122481763264479', 'KEEPER', '库管', 3, 'ACTIVE', 0, '1369114180896014437', '2021-03-09 11:06:51', 'hans', 'hans', '2023-05-03 07:19:22', 'R01', NULL, NULL, 1),
('1384347574399526676', 'CURRENT_GROUP', '本组织', 1, 'ACTIVE', 0, '1397457549518705642', '2021-05-12 18:16:01', 'hans', 'hans', '2023-05-03 07:19:22', NULL, NULL, NULL, 1),
('1384347574399527676', 'UNDERLING_GROUP', '下属', 2, 'ACTIVE', 0, '1397457549518705642', '2021-05-12 18:16:01', 'hans', 'hans', '2023-05-03 07:19:22', NULL, NULL, NULL, 1),
('1384347574399528676', 'CUSTOMER_SPECIFIED', '用户自定义', 3, 'ACTIVE', 0, '1397457549518705642', '2021-05-12 18:16:01', 'hans', 'hans', '2023-05-03 07:19:22', NULL, NULL, NULL, 1),
('1397458037173653505', 'SINGLE', '个', 0, 'ACTIVE', 0, '1397457549518704642', '2021-05-26 15:42:14', 'test', 'test', '2023-05-03 07:19:22', 'R01', NULL, NULL, 1),
('1397458103997304834', 'KG', '千克', 1, 'ACTIVE', 0, '1397457549518704642', '2021-05-26 15:42:30', 'test', 'test', '2023-05-03 07:19:22', 'R01', NULL, NULL, 1),
('1397458363234652161', 'TON', '吨', 2, 'ACTIVE', 0, '1397457549518704642', '2021-05-26 15:43:32', 'test', 'test', '2023-05-03 07:19:22', 'R01', NULL, NULL, 1),
('1397458443517825025', 'BAG', '袋', 4, 'ACTIVE', 0, '1397457549518704642', '2021-05-26 15:43:51', 'test', 'test', '2023-05-03 07:19:22', 'R01', NULL, NULL, 1),
('1397458481841180674', 'BOX', '箱', 5, 'ACTIVE', 0, '1397457549518704642', '2021-05-26 15:44:00', 'test', 'test', '2023-05-03 07:19:22', 'R01', NULL, NULL, 1),
('1397458481841180675', 'CURRENT_USER', '本人', 1, 'ACTIVE', 0, '1397457549518706643', '2021-05-26 15:44:00', 'test', 'test', '2023-05-03 07:19:22', 'R01', NULL, NULL, 1),
('1397458481841180676', 'CUSTOMER_SPECIFIED', '指定范围', 2, 'ACTIVE', 0, '1397457549518706643', '2021-05-26 15:44:00', 'test', 'test', '2023-05-03 07:19:22', 'R01', NULL, NULL, 1),
('1397458481841180677', 'SCOPE_ALL', '全部', 3, 'ACTIVE', 0, '1397457549518706643', '2021-05-26 15:44:00', 'test', 'test', '2023-05-03 07:19:22', 'R01', NULL, NULL, 1),
('1397458481841180774', 'BUTTON', '按钮', 1, 'ACTIVE', 0, '1397457549518706644', '2021-05-26 15:44:00', 'test', 'test', '2023-05-10 09:18:23', 'R01', NULL, NULL, 1),
('1397458481841180775', 'MENU', '菜单', 2, 'ACTIVE', 0, '1397457549518706644', '2021-05-26 15:44:00', 'test', 'test', '2023-05-10 09:18:23', 'R01', NULL, NULL, 1),
('1403199876086390786', 'SERVICE', '客服', 4, 'ACTIVE', 0, '1369114180896014437', '2021-06-11 11:58:15', 'test', 'test', '2023-05-03 07:19:22', 'R01', '测试员', '测试员', 1),
('1410141137875787777', 'MANAGER', '管理员', 1, 'ACTIVE', 0, '1369114180896014437', '2021-06-30 15:40:21', 'SUPER', 'SUPER', '2023-05-03 07:19:22', NULL, NULL, NULL, 1),
('1701774284290019329', 'admin', '系统端', NULL, 'ACTIVE', 0, '1701774074516099073', '2023-09-13 09:46:21', 'frog', 'frog', '2023-09-13 09:46:21', 'R010104', '大青蛙', '大青蛙', 0),
('1701774388107431938', 'weixin', '微信端', NULL, 'ACTIVE', 0, '1701774074516099073', '2023-09-13 09:46:46', 'frog', 'frog', '2023-09-13 09:46:46', 'R010104', '大青蛙', '大青蛙', 0),
('1701774457837735937', 'business', '业务端', NULL, 'ACTIVE', 0, '1701774074516099073', '2023-09-13 09:47:03', 'frog', 'frog', '2023-09-13 09:47:03', 'R010104', '大青蛙', '大青蛙', 0),
('1701774515664605186', 'mobile', '手机端', NULL, 'ACTIVE', 0, '1701774074516099073', '2023-09-13 09:47:17', 'frog', 'frog', '2023-09-13 09:47:17', 'R010104', '大青蛙', '大青蛙', 0),
('1701774584371499010', 'temp', '授权码', NULL, 'ACTIVE', 0, '1701774074516099073', '2023-09-13 09:47:33', 'frog', 'frog', '2023-09-13 09:47:33', 'R010104', '大青蛙', '大青蛙', 0);

INSERT INTO `sys_dictionary` (`id`, `dict_code`, `dict_name`, `dict_type`, `priority`, `state`, `be_delete`, `create_time`, `create_user`, `update_user`, `update_time`, `group_id`, `create_user_cn_name`, `update_user_cn_name`, `be_lock`) VALUES
('1369114180896014437', 'USER_BUSINESS_TAG', '用户业务标签', 'BUSINESS', 1, 'ACTIVE', 0, '2021-03-09 10:33:52', 'hans', 'hans', '2023-05-03 07:18:57', '123', NULL, NULL, 1),
('1397457549518704642', 'MEASURE_UNIT_TAG', '计量单位', 'BUSINESS', NULL, 'ACTIVE', 0, '2021-05-26 15:40:18', 'test', 'test', '2023-05-03 07:18:57', 'R01', NULL, NULL, 1),
('1397457549518705642', 'POSITION_PERM_SCOPE_TAG', '职位权限范围', 'SYSTEM', NULL, 'ACTIVE', 0, '2021-05-26 15:40:18', 'test', 'test', '2023-05-03 07:18:57', 'R01', NULL, NULL, 1),
('1397457549518706643', 'BUSINESS_PERM_SCOPE_TAG', '业务权限范围', 'SYSTEM', NULL, 'ACTIVE', 0, '2021-05-26 15:40:18', 'test', 'test', '2023-05-03 07:18:57', 'R01', NULL, NULL, 1),
('1397457549518706644', 'RESOURCE_TYPE_TAG', '资源类型', 'SYSTEM', NULL, 'ACTIVE', 0, '2021-05-26 15:40:18', 'test', 'test', '2023-05-10 09:18:30', 'R01', NULL, NULL, 1),
('1701774074516099073', 'SYSTEM_POINT_TAG', '系统端标识', 'SYSTEM', NULL, 'ACTIVE', 0, '2023-09-13 09:45:31', 'frog', 'frog', '2023-09-13 09:45:31', 'R010104', '大青蛙', '大青蛙', 0);

INSERT INTO `sys_gate_limit` (`id`, `name`, `rule_user`, `rule_system_tag`, `rule_user_tag`, `rule_url`, `create_time`, `create_user`, `update_user`, `update_time`, `create_user_cn_name`, `update_user_cn_name`, `group_id`, `state`, `duration_in_second`, `allow_volume`, `speed_in_second`) VALUES
('1701780167183060994', '限流器', 'ALL', 'ALL', 'CUSTOMER', 'ALL', '2023-09-13 10:09:44', 'frog', 'frog', '2023-09-13 10:29:39', '大青蛙', '大青蛙', 'R010104', 'STOPPED', 10, 100, 10);

INSERT INTO `sys_group` (`id`, `grht`, `glft`, `group_name`, `parent_id`, `group_level`, `be_deleted`, `create_time`, `create_user`, `update_user`, `update_time`, `group_id`, `create_user_cn_name`, `update_user_cn_name`, `be_lock`) VALUES
('R', 44, 1, '大青蛙集团', NULL, 0, 0, '2021-06-15 17:31:01', NULL, NULL, '2023-05-03 07:19:54', NULL, NULL, NULL, 1),
('R01', 19, 2, '青岛分公司', 'R', 1, 0, '2021-06-15 17:33:04', 'hans', 'frog', '2023-05-03 07:19:54', 'R01', '管理员', '大青蛙', 1),
('R0101', 18, 15, '行政中心', 'R01', 2, 0, '2021-06-15 17:37:14', 'hans', 'ning', '2023-05-03 07:19:54', 'R01', '管理员', '宁振阳', 1),
('R010104', 17, 16, '信息技术部', 'R0101', 3, 0, '2022-11-15 11:50:13', 'ning', 'ning', '2023-05-03 07:19:54', 'R0104', '宁振阳', '宁振阳', 1),
('R0102', 12, 7, '销售部', 'R01', 2, 0, '2023-07-13 16:33:39', 'frog', 'frog', '2023-05-03 07:19:54', 'R010104', '大青蛙', '大青蛙', 1),
('R010201', 11, 10, '销售一部', 'R0102', 3, 0, '2023-07-13 17:04:35', 'frog', 'frog', '2023-05-03 07:19:54', 'R010104', '大青蛙', '大青蛙', 1),
('R010202', 9, 8, '销售二部', 'R0102', 3, 0, '2023-07-13 17:04:45', 'frog', 'frog', '2023-05-03 07:19:54', 'R010104', '大青蛙', '大青蛙', 1),
('R0103', 6, 5, '客服部', 'R01', 2, 0, '2023-07-13 16:33:47', 'frog', 'frog', '2023-05-03 07:19:54', 'R010104', '大青蛙', '大青蛙', 1),
('R0104', 4, 3, '商管部', 'R01', 2, 0, '2023-07-13 16:33:59', 'frog', 'frog', '2023-05-03 07:19:54', 'R010104', '大青蛙', '大青蛙', 1),
('R02', 31, 20, '上海分公司', 'R', 1, 0, '2021-06-15 17:34:25', 'hans', 'frog', '2023-05-03 07:19:54', 'R01', '管理员', '大青蛙', 1),
('R0201', 30, 25, '销售部', 'R02', 2, 0, '2023-07-13 16:34:10', 'frog', 'frog', '2023-05-03 07:19:54', 'R010104', '大青蛙', '大青蛙', 1),
('R020101', 29, 28, '四季部', 'R0201', 3, 0, '2023-07-13 19:43:43', 'frog', 'frog', '2023-05-03 07:19:54', 'R010104', '大青蛙', '大青蛙', 1),
('R020102', 27, 26, '天文部', 'R0201', 3, 0, '2023-07-13 19:43:53', 'frog', 'frog', '2023-05-03 07:19:54', 'R010104', '大青蛙', '大青蛙', 1),
('R0202', 24, 23, '客服部', 'R02', 2, 0, '2023-07-13 16:49:27', 'frog', 'frog', '2023-05-03 07:19:54', 'R010104', '大青蛙', '大青蛙', 1),
('R0203', 22, 21, '商管部', 'R02', 2, 0, '2023-07-13 16:49:37', 'frog', 'frog', '2023-05-03 07:19:54', 'R010104', '大青蛙', '大青蛙', 1),
('R03', 33, 32, '深圳分公司', 'R', 1, 0, '2021-06-15 17:34:32', 'hans', 'frog', '2023-05-03 07:19:54', 'R01', '管理员', '大青蛙', 1),
('R04', 35, 34, '成都分公司', 'R', 1, 0, '2021-06-15 17:35:49', 'hans', 'frog', '2023-05-03 07:19:54', 'R01', '管理员', '大青蛙', 1),
('R05', 37, 36, '长沙分公司', 'R', 1, 0, '2021-06-15 17:35:57', 'hans', 'frog', '2023-05-03 07:19:54', 'R01', '管理员', '大青蛙', 1),
('R06', 39, 38, '揭阳分公司', 'R', 1, 0, '2021-06-15 17:36:07', 'hans', 'frog', '2023-05-03 07:19:54', 'R01', '管理员', '大青蛙', 1),
('R07', 41, 40, '宁波分公司', 'R', 1, 0, '2021-11-12 14:53:41', 'youhan', 'frog', '2023-05-03 07:19:54', 'R0104', 'youhan', '大青蛙', 1),
('R08', 43, 42, '苏州分公司', 'R', 1, 0, '2022-11-16 14:49:06', 'ning', 'frog', '2023-05-03 07:19:54', 'R010401', '宁振阳', '大青蛙', 1);

INSERT INTO `sys_hmac_log` (`id`, `data_from`, `data_to`, `data_content`, `exchange_url`, `exchange_method`, `exchange_param`, `exchange_name`, `exchange_time`, `exception_msg`, `state`, `ip_address`, `create_user_cn_name`, `update_user_cn_name`, `create_time`, `create_user`, `update_user`, `update_time`) VALUES
('1692374305059319810', '第三方', 'ME', '{\n  \"code\" : 200,\n  \"message\" : \"OK\",\n  \"data\" : [ {\n    \"id\" : \"1679455809830248449\",\n    \"userName\" : \"zhaodong\",\n    \"userSex\" : \"男\",\n    \"userPasswd\" : \"nopassword\",\n    \"userMobile\" : \"13266065453\",\n    \"userRealCnName\" : \"赵东\",\n    \"beLock\" : true,\n    \"userTag\" : \"SALLER\",\n    \"userEmail\" : \"316279828@qq.com\",\n    \"expireTime\" : null,\n    \"createTime\" : 1689248442000,\n    \"state\" : \"ACTIVE\",\n    \"beMultiLogin\" : false,\n    \"expirePolicy\" : \"FIXED\",\n    \"userGroups\" : \"四季部\",\n    \"userParentGroups\" : \"上海分公司\",\n    \"userSets\" : \"销售组\"\n  }, {\n    \"id\" : \"1661260873230254081\",\n    \"userName\" : \"ximen\",\n    \"userSex\" : \"男\",\n    \"userPasswd\" : \"nopassword\",\n    \"userMobile\" : \"15865531234\",\n    \"userRealCnName\" : \"西门\",\n    \"beLock\" : true,\n    \"userEmail\" : \"316279828@qq.com\",\n    \"expireTime\" : null,\n    \"createTime\" : 1684910432000,\n    \"state\" : \"ACTIVE\",\n    \"expirePolicy\" : \"FIXED\",\n    \"userRoles\" : \"技术经理\",\n    \"userGroups\" : \"信息技术部\",\n    \"userParentGroups\" : \"青岛分公司\"\n  }, {\n    \"id\" : \"1679458549335638018\",\n    \"userName\" : \"xiaoxin\",\n    \"userSex\" : \"女\",\n    \"userPasswd\" : \"nopassword\",\n    \"userMobile\" : \"13788593322\",\n    \"userRealCnName\" : \"小欣\",\n    \"beLock\" : true,\n    \"userTag\" : \"SERVICE\",\n    \"userEmail\" : \"316279828@qq.com\",\n    \"expireTime\" : null,\n    \"createTime\" : 1689249096000,\n    \"state\" : \"ACTIVE\",\n    \"beMultiLogin\" : false,\n    \"expirePolicy\" : \"FIXED\",\n    \"userGroups\" : \"客服部\",\n    \"userParentGroups\" : \"青岛分公司\",\n    \"userSets\" : \"客服组\"\n  }, {\n    \"id\" : \"1679458996876263425\",\n    \"userName\" : \"xiaoru\",\n    \"userSex\" : \"女\",\n    \"userPasswd\" : \"nopassword\",\n    \"userMobile\" : \"13988597711\",\n    \"userRealCnName\" : \"小如\",\n    \"beLock\" : true,\n    \"userTag\" : \"SERVICE\",\n    \"userEmail\" : \"316279828@qq.com\",\n    \"expireTime\" : null,\n    \"createTime\" : 1689249202000,\n    \"state\" : \"ACTIVE\",\n    \"beMultiLogin\" : false,\n    \"expirePolicy\" : \"FIXED\",\n    \"userGroups\" : \"客服部\",\n    \"userPosts\" : \"主管\",\n    \"userParentGroups\" : \"上海分公司\",\n    \"userSets\" : \"客服组\"\n  }, {\n    \"id\" : \"1679458423720427521\",\n    \"userName\" : \"xiaona\",\n    \"userSex\" : \"女\",\n    \"userPasswd\" : \"nopassword\",\n    \"userMobile\" : \"13688591234\",\n    \"userRealCnName\" : \"小娜\",\n    \"beLock\" : true,\n    \"userTag\" : \"SERVICE\",\n    \"userEmail\" : \"316279828@qq.com\",\n    \"expireTime\" : null,\n    \"createTime\" : 1689249066000,\n    \"state\" : \"ACTIVE\",\n    \"beMultiLogin\" : false,\n    \"expirePolicy\" : \"FIXED\",\n    \"userGroups\" : \"客服部\",\n    \"userPosts\" : \"主管\",\n    \"userParentGroups\" : \"青岛分公司\",\n    \"userSets\" : \"客服组\"\n  }, {\n    \"id\" : \"1679458845948428289\",\n    \"userName\" : \"xiaolei\",\n    \"userSex\" : \"男\",\n    \"userPasswd\" : \"nopassword\",\n    \"userMobile\" : \"13988594567\",\n    \"userRealCnName\" : \"小磊\",\n    \"beLock\" : true,\n    \"userTag\" : \"SERVICE\",\n    \"userEmail\" : \"316279828@qq.com\",\n    \"expireTime\" : null,\n    \"createTime\" : 1689249166000,\n    \"state\" : \"ACTIVE\",\n    \"beMultiLogin\" : false,\n    \"expirePolicy\" : \"FIXED\",\n    \"userGroups\" : \"客服部\",\n    \"userParentGroups\" : \"上海分公司\",\n    \"userSets\" : \"客服组\"\n  }, {\n    \"id\" : \"1679458715845312514\",\n    \"userName\" : \"xiaojie\",\n    \"userSex\" : \"男\",\n    \"userPasswd\" : \"nopassword\",\n    \"userMobile\" : \"13588594545\",\n    \"userRealCnName\" : \"小杰\",\n    \"beLock\" : true,\n    \"userTag\" : \"SERVICE\",\n    \"userEmail\" : \"316279828@qq.com\",\n    \"expireTime\" : null,\n    \"createTime\" : 1689249135000,\n    \"state\" : \"ACTIVE\",\n    \"beMultiLogin\" : false,\n    \"expirePolicy\" : \"FIXED\",\n    \"userGroups\" : \"客服部\",\n    \"userParentGroups\" : \"青岛分公司\",\n    \"userSets\" : \"客服组\"\n  }, {\n    \"id\" : \"1679459176417640450\",\n    \"userName\" : \"xiaocui\",\n    \"userSex\" : \"女\",\n    \"userPasswd\" : \"nopassword\",\n    \"userMobile\" : \"13688593300\",\n    \"userRealCnName\" : \"小翠\",\n    \"beLock\" : true,\n    \"userTag\" : \"SERVICE\",\n    \"userEmail\" : \"316279828@qq.com\",\n    \"expireTime\" : null,\n    \"createTime\" : 1689249245000,\n    \"state\" : \"ACTIVE\",\n    \"beMultiLogin\" : false,\n    \"expirePolicy\" : \"FIXED\",\n    \"userGroups\" : \"客服部\",\n    \"userParentGroups\" : \"上海分公司\",\n    \"userSets\" : \"客服组\"\n  }, {\n    \"id\" : \"1679463897698189314\",\n    \"userName\" : \"wutie\",\n    \"userSex\" : \"男\",\n    \"userPasswd\" : \"nopassword\",\n    \"userMobile\" : \"13765538711\",\n    \"userRealCnName\" : \"武铁\",\n    \"beLock\" : true,\n    \"userTag\" : \"KEEPER\",\n    \"userEmail\" : \"316279828@qq.com\",\n    \"expireTime\" : null,\n    \"createTime\" : 1689250371000,\n    \"state\" : \"ACTIVE\",\n    \"beMultiLogin\" : false,\n    \"expirePolicy\" : \"FIXED\",\n    \"userRoles\" : \"库管\",\n    \"userGroups\" : \"商管部\",\n    \"userParentGroups\" : \"上海分公司\"\n  }, {\n    \"id\" : \"1679415289932005377\",\n    \"userName\" : \"wangyu\",\n    \"userSex\" : \"女\",\n    \"userPasswd\" : \"nopassword\",\n    \"userMobile\" : \"13666069493\",\n    \"userRealCnName\" : \"王雨\",\n    \"beLock\" : true,\n    \"userTag\" : \"SALLER\",\n    \"userEmail\" : \"31627928@qq.com\",\n    \"expireTime\" : null,\n    \"createTime\" : 1689238782000,\n    \"state\" : \"ACTIVE\",\n    \"beMultiLogin\" : false,\n    \"expirePolicy\" : \"FIXED\",\n    \"userGroups\" : \"销售二部\",\n    \"userParentGroups\" : \"青岛分公司\",\n    \"userSets\" : \"销售组\"\n  }, {\n    \"id\" : \"1679417065427025921\",\n    \"userName\" : \"wangxinghao\",\n    \"userSex\" : \"男\",\n    \"userPasswd\" : \"nopassword\",\n    \"userMobile\" : \"13366068382\",\n    \"userRealCnName\" : \"王星皓\",\n    \"beLock\" : true,\n    \"userTag\" : \"SALLER\",\n    \"userEmail\" : \"31627928@qq.com\",\n    \"expireTime\" : null,\n    \"createTime\" : 1689239205000,\n    \"state\" : \"ACTIVE\",\n    \"beMultiLogin\" : false,\n    \"expirePolicy\" : \"FIXED\",\n    \"userGroups\" : \"销售部\",\n    \"userPosts\" : \"副总监\",\n    \"userParentGroups\" : \"青岛分公司\",\n    \"userSets\" : \"销售组\"\n  }, {\n    \"id\" : \"1679415851368955905\",\n    \"userName\" : \"wangxing\",\n    \"userSex\" : \"保密\",\n    \"userPasswd\" : \"nopassword\",\n    \"userMobile\" : \"13466069493\",\n    \"userRealCnName\" : \"王星\",\n    \"beLock\" : true,\n    \"userTag\" : \"SALLER\",\n    \"userEmail\" : \"31627928@qq.com\",\n    \"expireTime\" : null,\n    \"createTime\" : 1689238916000,\n    \"state\" : \"ACTIVE\",\n    \"beMultiLogin\" : false,\n    \"expirePolicy\" : \"FIXED\",\n    \"userGroups\" : \"销售部\",\n    \"userPosts\" : \"总监\",\n    \"userParentGroups\" : \"青岛分公司\",\n    \"userSets\" : \"销售组\"\n  }, {\n    \"id\" : \"1679415077138186242\",\n    \"userName\" : \"wanglei\",\n    \"userSex\" : \"男\",\n    \"userPasswd\" : \"nopassword\",\n    \"userMobile\" : \"15166069593\",\n    \"userRealCnName\" : \"王雷\",\n    \"beLock\" : true,\n    \"userTag\" : \"SALLER\",\n    \"userEmail\" : \"31627928@qq.com\",\n    \"expireTime\" : null,\n    \"createTime\" : 1689238731000,\n    \"state\" : \"ACTIVE\",\n    \"beMultiLogin\" : false,\n    \"expirePolicy\" : \"FIXED\",\n    \"userGroups\" : \"销售一部\",\n    \"userParentGroups\" : \"青岛分公司\",\n    \"userSets\" : \"销售组\"\n  }, {\n    \"id\" : \"1679415468991037442\",\n    \"userName\" : \"wangfeng\",\n    \"userSex\" : \"女\",\n    \"userPasswd\" : \"nopassword\",\n    \"userMobile\" : \"13166069493\",\n    \"userRealCnName\" : \"王凤\",\n    \"beLock\" : true,\n    \"userTag\" : \"SALLER\",\n    \"userEmail\" : \"31627928@qq.com\",\n    \"expireTime\" : null,\n    \"createTime\" : 1689238824000,\n    \"state\" : \"ACTIVE\",\n    \"beMultiLogin\" : false,\n    \"expirePolicy\" : \"FIXED\",\n    \"userGroups\" : \"销售一部\",\n    \"userParentGroups\" : \"青岛分公司\",\n    \"userSets\" : \"销售组\"\n  }, {\n    \"id\" : \"1679415700801830914\",\n    \"userName\" : \"wangdian\",\n    \"userSex\" : \"男\",\n    \"userPasswd\" : \"nopassword\",\n    \"userMobile\" : \"13566069394\",\n    \"userRealCnName\" : \"王点\",\n    \"beLock\" : true,\n    \"userTag\" : \"SALLER\",\n    \"userEmail\" : \"31627928@qq.com\",\n    \"expireTime\" : null,\n    \"createTime\" : 1689238880000,\n    \"state\" : \"ACTIVE\",\n    \"beMultiLogin\" : false,\n    \"expirePolicy\" : \"FIXED\",\n    \"userGroups\" : \"销售二部\",\n    \"userParentGroups\" : \"青岛分公司\",\n    \"userSets\" : \"销售组\"\n  }, {\n    \"id\" : \"1679416050334154754\",\n    \"userName\" : \"wangchun\",\n    \"userSex\" : \"男\",\n    \"userPasswd\" : \"nopassword\",\n    \"userMobile\" : \"13766069192\",\n    \"userRealCnName\" : \"王春\",\n    \"beLock\" : true,\n    \"userTag\" : \"SALLER\",\n    \"userEmail\" : \"31627928@qq.com\",\n    \"expireTime\" : null,\n    \"createTime\" : 1689238963000,\n    \"state\" : \"ACTIVE\",\n    \"beMultiLogin\" : false,\n    \"expirePolicy\" : \"FIXED\",\n    \"userGroups\" : \"四季部\",\n    \"userParentGroups\" : \"上海分公司\",\n    \"userSets\" : \"销售组\"\n  }, {\n    \"id\" : \"1679416241044963329\",\n    \"userName\" : \"sunxia\",\n    \"userSex\" : \"女\",\n    \"userPasswd\" : \"nopassword\",\n    \"userMobile\" : \"13966069392\",\n    \"userRealCnName\" : \"孙霞\",\n    \"beLock\" : true,\n    \"userTag\" : \"SALLER\",\n    \"userEmail\" : \"31627928@qq.com\",\n    \"expireTime\" : null,\n    \"createTime\" : 1689239009000,\n    \"state\" : \"ACTIVE\",\n    \"beMultiLogin\" : false,\n    \"expirePolicy\" : \"FIXED\",\n    \"userGroups\" : \"四季部\",\n    \"userParentGroups\" : \"上海分公司\",\n    \"userSets\" : \"销售组\"\n  }, {\n    \"id\" : \"1679456291973881858\",\n    \"userName\" : \"liuyue\",\n    \"userSex\" : \"女\",\n    \"userPasswd\" : \"nopassword\",\n    \"userMobile\" : \"13266067271\",\n    \"userRealCnName\" : \"刘月\",\n    \"beLock\" : true,\n    \"userTag\" : \"SALLER\",\n    \"userEmail\" : \"316279828@qq.com\",\n    \"expireTime\" : null,\n    \"createTime\" : 1689248557000,\n    \"state\" : \"ACTIVE\",\n    \"beMultiLogin\" : false,\n    \"expirePolicy\" : \"FIXED\",\n    \"userGroups\" : \"天文部\",\n    \"userParentGroups\" : \"上海分公司\",\n    \"userSets\" : \"销售组\"\n  }, {\n    \"id\" : \"1679456122960207874\",\n    \"userName\" : \"liri\",\n    \"userSex\" : \"男\",\n    \"userPasswd\" : \"nopassword\",\n    \"userMobile\" : \"13166068483\",\n    \"userRealCnName\" : \"吴日\",\n    \"beLock\" : true,\n    \"userTag\" : \"SALLER\",\n    \"userEmail\" : \"316279828@qq.com\",\n    \"expireTime\" : null,\n    \"createTime\" : 1689248517000,\n    \"state\" : \"ACTIVE\",\n    \"beMultiLogin\" : false,\n    \"expirePolicy\" : \"FIXED\",\n    \"userGroups\" : \"天文部\",\n    \"userParentGroups\" : \"上海分公司\",\n    \"userSets\" : \"销售组\"\n  }, {\n    \"id\" : \"1679416426139598850\",\n    \"userName\" : \"liqiu\",\n    \"userSex\" : \"男\",\n    \"userPasswd\" : \"nopassword\",\n    \"userMobile\" : \"13266069596\",\n    \"userRealCnName\" : \"李秋\",\n    \"beLock\" : true,\n    \"userTag\" : \"SALLER\",\n    \"userEmail\" : \"31627928@qq.com\",\n    \"expireTime\" : null,\n    \"createTime\" : 1689239053000,\n    \"state\" : \"ACTIVE\",\n    \"beMultiLogin\" : false,\n    \"expirePolicy\" : \"FIXED\",\n    \"userGroups\" : \"四季部\",\n    \"userParentGroups\" : \"上海分公司\",\n    \"userSets\" : \"销售组\"\n  }, {\n    \"id\" : \"1699044053837950978\",\n    \"userName\" : \"lilin\",\n    \"userSex\" : \"男\",\n    \"userPasswd\" : \"nopassword\",\n    \"userMobile\" : \"15166069594\",\n    \"userRealCnName\" : \"李林\",\n    \"beLock\" : false,\n    \"userTag\" : \"SERVICE\",\n    \"userEmail\" : \"hzn646426@163.com\",\n    \"expireTime\" : null,\n    \"createTime\" : 1693918644000,\n    \"state\" : \"UNACTIVE\",\n    \"beMultiLogin\" : false,\n    \"expirePolicy\" : \"FIXED\"\n  }, {\n    \"id\" : \"1679463655183532034\",\n    \"userName\" : \"libaobao\",\n    \"userSex\" : \"男\",\n    \"userPasswd\" : \"nopassword\",\n    \"userMobile\" : \"13865539727\",\n    \"userRealCnName\" : \"李保保\",\n    \"beLock\" : true,\n    \"userTag\" : \"KEEPER\",\n    \"userEmail\" : \"316279828@qq.com\",\n    \"expireTime\" : null,\n    \"createTime\" : 1689250313000,\n    \"state\" : \"ACTIVE\",\n    \"beMultiLogin\" : false,\n    \"expirePolicy\" : \"FIXED\",\n    \"userRoles\" : \"库管\",\n    \"userGroups\" : \"商管部\",\n    \"userParentGroups\" : \"青岛分公司\"\n  }, {\n    \"id\" : \"1679456829742374914\",\n    \"userName\" : \"hankai\",\n    \"userSex\" : \"男\",\n    \"userPasswd\" : \"nopassword\",\n    \"userMobile\" : \"13865530102\",\n    \"userRealCnName\" : \"韩凯\",\n    \"beLock\" : true,\n    \"userTag\" : \"SALLER\",\n    \"userEmail\" : \"316279828@qq.com\",\n    \"expireTime\" : null,\n    \"createTime\" : 1689248686000,\n    \"state\" : \"ACTIVE\",\n    \"beMultiLogin\" : false,\n    \"expirePolicy\" : \"FIXED\",\n    \"userGroups\" : \"销售部\",\n    \"userPosts\" : \"总监\",\n    \"userParentGroups\" : \"上海分公司\",\n    \"userSets\" : \"销售组\"\n  }, {\n    \"id\" : \"1465159414765408258\",\n    \"userName\" : \"frog\",\n    \"userSex\" : \"男\",\n    \"userPasswd\" : \"nopassword\",\n    \"userMobile\" : \"15765487650\",\n    \"userRealEnName\" : \"frog\",\n    \"userRealCnName\" : \"大青蛙\",\n    \"qq\" : \"316279828\",\n    \"beLock\" : false,\n    \"userTag\" : \"MANAGER\",\n    \"userEmail\" : \"316279828@qq.com\",\n    \"expireTime\" : null,\n    \"createTime\" : 1638156200000,\n    \"state\" : \"ACTIVE\",\n    \"beMultiLogin\" : true,\n    \"expirePolicy\" : \"FIXED\",\n    \"userRoles\" : \"管理员\",\n    \"userGroups\" : \"信息技术部\",\n    \"userParentGroups\" : \"青岛分公司\",\n    \"userSets\" : \"管理员\"\n  } ],\n  \"totalCount\" : 24,\n  \"path\" : \"/api/user/search\"\n}', '/wapi/user/search', 'POST', '{\"dto\":{},\"pageNo\":1,\"pageSize\":20}', '用户查询', '2023-08-18 11:14:12', NULL, 'SUCCESS', '192.168.1.101', 'frog', 'frog', '2023-08-18 11:14:12', '大青蛙', '大青蛙', '2023-05-12 19:04:03');

INSERT INTO `sys_hmac_user` (`id`, `system_name`, `app_id`, `app_key`, `expire_date`, `user_id`, `white_ips`, `state`, `create_time`, `create_user`, `update_user`, `update_time`, `create_user_cn_name`, `update_user_cn_name`, `note`, `org_id`) VALUES
('1699691851604324354', '外部系统', 'f92Xad2EXO595Jgcq3Kh', 'wdXBWX18IMcE3lyGFrpn', NULL, '1465159414765408258', NULL, 'ACTIVE', '2023-09-07 15:51:31', 'frog', 'frog', '2023-09-07 15:51:31', '大青蛙', '大青蛙', NULL, 'R010104');

INSERT INTO `sys_menu` (`id`, `menu_name`, `entitle`, `menu_type`, `be_unauth`, `parent_id`, `priority`, `redirect`, `icon`, `be_hidden`, `create_time`, `create_user`, `update_user`, `update_time`, `create_user_cn_name`, `update_user_cn_name`, `group_id`, `be_lock`) VALUES
('business', '业务管理', NULL, 'BUSINESS', 0, NULL, 1, NULL, 'operate', 0, '2023-06-05 21:08:43', 'frog', 'frog', '2023-05-03 07:19:36', '大青蛙', '大青蛙', NULL, 1),
('class', '分类管理', NULL, 'BUSINESS', 0, 'business', 2, NULL, 'class', 0, '2023-06-05 21:10:42', 'frog', 'frog', '2024-01-19 05:45:20', '大青蛙', '大青蛙', NULL, 1),
('dictionary', '字典管理', NULL, 'ADMIN', 0, '', 10, NULL, 'dictionary', 0, '2021-03-24 11:09:22', NULL, NULL, '2024-01-19 05:46:52', NULL, NULL, NULL, 1),
('gateway', '网关管理', NULL, 'ADMIN', 0, NULL, 2, NULL, 'gateway', 1, '2021-03-17 13:48:28', NULL, NULL, '2023-05-11 18:17:51', NULL, NULL, NULL, 0),
('group', '组织架构', NULL, 'ADMIN', 0, '', 3, NULL, 'group', 0, '2021-05-10 13:40:11', NULL, NULL, '2024-01-19 05:46:52', NULL, NULL, NULL, 1),
('hamc', '接入用户', NULL, 'ADMIN', 0, '', 12, NULL, 'hmac', 0, '2023-05-30 16:47:33', 'frog', 'frog', '2024-01-19 05:46:52', '大青蛙', '大青蛙', NULL, 1),
('hmacLog', '接入日志', NULL, 'ADMIN', 0, '', 12, NULL, 'hmacLog', 0, '2023-05-30 22:10:23', 'frog', 'frog', '2024-01-19 05:46:52', '大青蛙', '大青蛙', NULL, 1),
('item', '商品管理', NULL, 'BUSINESS', 0, 'business', 3, NULL, NULL, 0, '2023-06-05 21:11:52', 'frog', 'frog', '2023-05-03 07:19:36', '大青蛙', '大青蛙', NULL, 1),
('limit', '限流管理', NULL, 'ADMIN', 0, '', 13, NULL, 'limit', 0, '2021-03-24 11:12:12', NULL, NULL, '2024-01-19 05:46:52', NULL, NULL, NULL, 0),
('logger', '日志管理', NULL, 'ADMIN', 0, '', 7, NULL, 'logger', 0, '2021-03-24 11:09:22', NULL, NULL, '2024-01-19 05:46:52', NULL, NULL, NULL, 1),
('menu', '菜单管理', NULL, 'ADMIN', 0, '', 11, NULL, 'menu', 0, '2021-03-24 11:09:22', NULL, NULL, '2024-01-19 05:46:52', NULL, NULL, NULL, 1),
('order', '订单管理', NULL, 'BUSINESS', 0, 'business', 4, NULL, NULL, 0, '2023-07-13 15:59:02', 'frog', 'frog', '2023-05-03 07:19:36', '大青蛙', '大青蛙', NULL, 1),
('param', '参数管理', NULL, 'ADMIN', 0, '', 11, NULL, 'param', 0, '2021-03-24 11:12:12', NULL, NULL, '2024-01-19 05:46:52', NULL, NULL, NULL, 1),
('pcolumn', '数据列管理', NULL, 'ADMIN', 0, '', 12, NULL, 'column', 0, '2023-05-06 16:08:32', 'robot', 'robot', '2024-01-19 05:46:52', '机器人', '机器人', NULL, 1),
('position', '职位管理', NULL, 'ADMIN', 0, '', 4, NULL, 'position', 0, '2021-05-10 13:40:11', NULL, NULL, '2024-01-19 05:46:52', NULL, NULL, NULL, 1),
('provider', '供应商管理', NULL, 'BUSINESS', 0, 'business', 1, NULL, NULL, 0, '2023-06-05 21:09:57', 'frog', 'frog', '2023-05-03 07:19:36', '大青蛙', '大青蛙', NULL, 1),
('resource', '授权管理', NULL, 'ADMIN', 0, '', 5, NULL, 'resource', 0, '2021-05-19 10:30:42', NULL, NULL, '2024-01-19 05:46:52', NULL, NULL, NULL, 1),
('role', '角色管理', NULL, 'ADMIN', 0, '', 2, NULL, 'role', 0, '2021-01-05 02:26:39', NULL, NULL, '2024-01-19 05:46:52', NULL, NULL, NULL, 1),
('system', '系统管理', NULL, 'ADMIN', 0, '-1', 1, NULL, 'base', 0, '2021-03-17 13:48:28', NULL, 'frog', '2024-01-19 05:46:52', NULL, '大青蛙', NULL, 1),
('user', '用户管理', NULL, 'ADMIN', 0, '', 1, NULL, 'user', 0, '2021-03-17 13:48:28', NULL, NULL, '2024-01-19 05:46:52', NULL, NULL, NULL, 1),
('uset', '用户组', NULL, 'ADMIN', 0, '', 2, NULL, 'uset', 0, '2021-12-09 10:38:15', NULL, NULL, '2024-01-19 05:46:52', NULL, NULL, NULL, 1);

INSERT INTO `sys_param` (`id`, `param_name`, `param_code`, `param_value`, `be_delete`, `create_time`, `create_user`, `update_user`, `update_time`, `group_id`, `create_user_cn_name`, `update_user_cn_name`, `note`, `be_lock`) VALUES
('1', '邮箱SMTP服务器', 'SMTP_HOST', 'qq.com', 0, '2021-03-31 10:06:35', NULL, 'frog', '2023-05-03 07:17:42', NULL, NULL, '大青蛙', NULL, 1),
('10', '网站LOGO', 'WEBSITE_LOGO', 'http://www.baomibing.com', 0, '2022-04-11 13:56:00', NULL, 'frog', '2023-05-03 07:17:42', NULL, NULL, '大青蛙', NULL, 1),
('11', '网站标题', 'WEBSITE_TITLE', 'SNAPPER', 0, '2022-04-11 13:56:00', NULL, 'frog', '2023-05-03 07:17:42', NULL, NULL, '大青蛙', NULL, 1),
('12', '分单前缀', 'SHIP_BL_PREFIX', 'DSIF', 1, '2022-05-18 09:51:48', NULL, 'frog', '2023-05-03 07:17:42', NULL, NULL, '大青蛙', NULL, 1),
('1402142969548533762', '参数测试', 'PARAM_TEST', '2', 1, '2021-06-08 13:58:29', 'hans', 'hans', '2023-05-03 07:17:42', 'R01', '管理员', '管理员', NULL, 1),
('1461579254455681025', '财务主管', 'TREASURER_MARK', 'R0102', 1, '2021-11-19 14:17:04', 'ning', 'frog', '2023-05-03 07:17:42', 'R0104', '宁', '大青蛙', NULL, 1),
('1512232053219328001', '邮箱协议', 'SMTP_PROTOCOL', 'smtp', 0, '2022-04-08 08:53:12', 'hans', 'QuinnWang', '2023-05-03 07:17:42', 'R0104', '韩泽宁', '王超', NULL, 1),
('1531521015410167809', '财务发票复核人', 'FINANCE_REVIEWER', '贾小夏', 1, '2022-05-31 14:20:39', 'ning', 'frog', '2023-05-03 07:17:42', 'R0104', '宁', '大青蛙', NULL, 1),
('1531521092665053186', '财务发票收款人', 'FINANCE_PAYEE', '高爽', 1, '2022-05-31 14:20:57', 'ning', 'frog', '2023-05-03 07:17:42', 'R0104', '宁', '大青蛙', NULL, 1),
('2', '邮箱SMTP端口', 'SMTP_PORT', '25', 0, '2021-03-31 10:06:35', NULL, 'QuinnWang', '2023-05-03 07:17:42', NULL, NULL, '王超', NULL, 1),
('3', '邮箱SMTP加密', 'SMTP_SSL', '', 0, '2021-03-31 10:06:35', NULL, 'QuinnWang', '2023-05-03 07:17:42', NULL, NULL, '王超', NULL, 1),
('4', '邮箱用户账号', 'EMAIL_USER_NAME', '316279828@qq.com', 0, '2021-03-31 10:06:35', NULL, 'frog', '2023-05-03 07:17:42', NULL, NULL, '大青蛙', NULL, 1),
('5', '邮箱账号密码', 'EMAIL_USER_PAWD', '', 0, '2021-03-31 10:06:35', NULL, 'frog', '2023-05-03 07:17:42', NULL, NULL, '大青蛙', NULL, 1),
('6', '邮箱显示名称', 'EMAIL_TITILE_NAME', 'SNAPPER', 0, '2021-03-31 10:06:35', NULL, 'frog', '2023-05-03 07:17:42', NULL, NULL, '大青蛙', NULL, 1),
('7', '运价最低预警值', 'SHIP_FREIGHT_PRICE_WARNING', '50', 1, '2021-07-19 09:16:30', NULL, 'frog', '2023-05-03 07:17:42', NULL, NULL, '大青蛙', NULL, 1),
('8', '邮箱标题前缀', 'EMAIL_TITILE_PREFIX', 'SNAPPER', 0, '2022-04-11 13:56:00', NULL, 'frog', '2023-05-03 07:17:42', NULL, NULL, '大青蛙', NULL, 1),
('9', '网站URL', 'WEBSITE_URL', 'http://www.baomibing.com', 0, '2022-04-11 13:56:00', NULL, 'frog', '2023-05-03 07:17:42', NULL, NULL, '大青蛙', NULL, 1);

INSERT INTO `sys_position` (`id`, `post_name`, `org_id`, `be_manager`, `note`, `state`, `create_time`, `create_user`, `update_user`, `update_time`, `group_id`, `perm_scope`, `create_user_cn_name`, `update_user_cn_name`, `be_lock`) VALUES
('1661386934559514625', '技术经理', 'R010101', 0, '这是技术经理', 'ACTIVE', '2023-05-24 23:01:27', 'frog', 'frog', '2023-05-03 07:16:58', 'R010101', 'CUSTOMER_SPECIFIED', '大青蛙', '大青蛙', 1),
('1663562885967982594', '项目经理', 'R010104', 0, NULL, 'ACTIVE', '2023-05-30 23:07:54', 'frog', 'frog', '2023-05-03 07:16:58', 'R010104', 'CURRENT_GROUP', '大青蛙', '大青蛙', 1),
('1679417253478645761', '总监', 'R0102', 0, NULL, 'ACTIVE', '2023-07-13 17:07:30', 'frog', 'frog', '2023-05-03 07:16:58', 'R010104', 'CURRENT_GROUP', '大青蛙', '大青蛙', 1),
('1679417534195023873', '副总监', 'R0102', 0, NULL, 'ACTIVE', '2023-07-13 17:08:37', 'frog', 'frog', '2023-05-03 07:16:58', 'R010104', 'UNDERLING_GROUP', '大青蛙', '大青蛙', 1),
('1679457210190913537', '总监', 'R0201', 1, NULL, 'ACTIVE', '2023-07-13 19:46:16', 'frog', 'frog', '2023-05-03 07:16:58', 'R010104', 'CURRENT_GROUP', '大青蛙', '大青蛙', 1),
('1679459322559774722', '主管', 'R0202', 0, NULL, 'ACTIVE', '2023-07-13 19:54:40', 'frog', 'frog', '2023-05-03 07:16:58', 'R010104', 'CURRENT_GROUP', '大青蛙', '大青蛙', 1),
('1679459392810172418', '主管', 'R0103', 0, NULL, 'ACTIVE', '2023-07-13 19:54:57', 'frog', 'frog', '2023-05-03 07:16:58', 'R010104', 'CURRENT_GROUP', '大青蛙', '大青蛙', 1);

INSERT INTO `sys_position_role` (`id`, `role_id`, `position_id`, `create_time`, `create_user`, `update_user`, `update_time`, `group_id`, `create_user_cn_name`, `update_user_cn_name`) VALUES
('1661389349358739457', '1661389266114387969', '1661386934559514625', '2023-05-24 23:11:03', 'frog', 'frog', '2023-05-24 23:11:03', NULL, '大青蛙', '大青蛙');

INSERT INTO `sys_position_user_entrust` (`id`, `position_id`, `user_id`, `create_time`, `create_user`, `update_user`, `update_time`, `group_id`, `create_user_cn_name`, `update_user_cn_name`) VALUES
('1661386934752452610', '1661386934559514625', '1661260873230254081', '2023-05-24 23:01:27', 'frog', 'frog', '2023-05-24 23:01:27', NULL, '大青蛙', '大青蛙');

INSERT INTO `sys_resource_api` (`id`, `resource_id`, `resource_type`, `req_url`, `req_method`, `state`, `create_time`, `create_user`, `update_user`, `update_time`, `create_user_cn_name`, `update_user_cn_name`) VALUES
('1', 'user:search', 'BUTTON', '/api/user/search', 'POST', 'ACTIVE', '2020-11-08 11:17:18', NULL, NULL, '2021-03-24 10:57:49', NULL, NULL),
('107', 'user:active', 'BUTTON', '/api/user/active', 'POST', 'ACTIVE', '2020-11-08 11:17:18', NULL, NULL, '2021-03-24 17:11:03', NULL, NULL),
('108', 'user:stop', 'BUTTON', '/api/user/stop', 'POST', 'ACTIVE', '2020-11-08 11:17:18', NULL, NULL, '2021-03-24 17:11:03', NULL, NULL),
('109', 'user:unstop', 'BUTTON', '/api/user/unstop', 'POST', 'ACTIVE', '2020-11-08 11:17:18', NULL, NULL, '2021-03-24 17:11:03', NULL, NULL),
('134', 'user:reset', 'BUTTON', '/api/user/resetPasswd', 'POST', 'ACTIVE', '2020-11-08 11:17:18', NULL, NULL, '2021-03-24 17:11:03', NULL, NULL),
('1544130201098203138', 'uset:saveRoleFromUset', 'BUTTON', '/api/usetRole/saveFromUset', 'POST', 'ACTIVE', '2022-07-05 09:25:03', 'hans', 'hans', '2022-07-05 09:26:07', '韩泽宁', '韩泽宁'),
('1612359684853907457', 'user:listByTagAndKeywordOfAgent', 'BUTTON', '/api/user/listByTagAndKeyWordOfAgent', 'GET', 'ACTIVE', '2023-01-09 16:04:40', 'hans', 'hans', '2023-01-09 16:04:40', '韩泽宁', '韩泽宁'),
('1612364209627119618', 'user:listByUserNoStrOfAgent', 'BUTTON', '/api/user/listByUserNoStrOfAgent/{}', 'GET', 'ACTIVE', '2023-01-09 16:22:39', 'hans', 'hans', '2023-01-09 16:22:39', '韩泽宁', '韩泽宁'),
('1613473283831808002', 'user:listByTagAndKeywordOfCompany', 'BUTTON', '/api/user/listByTagAndKeyWordOfCompany', 'GET', 'ACTIVE', '2023-01-12 17:49:42', 'hans', 'hans', '2023-01-12 17:51:26', '韩泽宁', '韩泽宁'),
('1619942635472994306', 'user:listByUserCnNames', 'BUTTON', '/api/user/listByUserCnNames', 'GET', 'ACTIVE', '2023-01-30 14:16:36', 'hans', 'hans', '2023-01-30 14:16:36', '韩泽宁', '韩泽宁'),
('1619942974179819522', 'user:listByUserCnNamesOfAgent', 'BUTTON', '/api/user/listByUserCnNamesOfAgent', 'GET', 'ACTIVE', '2023-01-30 14:17:57', 'hans', 'hans', '2023-01-30 14:17:57', '韩泽宁', '韩泽宁'),
('1643150491281964290', 'limit', 'MENU', '/system/limit', 'GET', 'ACTIVE', '2021-05-10 13:49:15', NULL, NULL, '2023-05-11 21:34:55', NULL, NULL),
('1649223728726568962', 'resource:fetchActionMapperByPerm', 'BUTTON', '/api/resource/fetchActionMapperByPerm', 'GET', 'ACTIVE', '2023-04-21 09:29:13', 'robot', 'robot', '2023-04-21 09:29:13', '机器人', '机器人'),
('1649223908427329537', 'resource:fetchColumnByTable', 'BUTTON', '/api/resource/fetchColumnByTable', 'GET', 'ACTIVE', '2023-04-21 09:29:56', 'robot', 'robot', '2023-04-21 09:29:56', '机器人', '机器人'),
('1650425702706651138', 'resource:saveDataPerm', 'BUTTON', '/api/resource/saveDataPerm', 'POST', 'ACTIVE', '2023-04-24 17:05:26', 'robot', 'robot', '2023-04-24 17:05:26', '机器人', '机器人'),
('1650664023402004481', 'resource:listUserDataPerm', 'BUTTON', '/api/resource/getUserDataPerm', 'GET', 'ACTIVE', '2023-04-25 08:52:26', 'robot', 'robot', '2023-04-29 19:01:45', '机器人', '机器人'),
('1651883666225573889', 'resource:listPermExceptEntrustsByUser', 'BUTTON', '/api/resource/listPermExceptEntrustsByUser', 'GET', 'ACTIVE', '2023-04-28 17:38:51', 'robot', 'robot', '2023-04-28 17:38:51', '机器人', '机器人'),
('1651884020111585281', 'resource:listPermExceptEntrustsByUset', 'BUTTON', '/api/resource/listPermExceptEntrustsByUset', 'GET', 'ACTIVE', '2023-04-28 17:40:16', 'robot', 'robot', '2023-04-28 17:40:16', '机器人', '机器人'),
('1654060433335672834', 'resource:listUsetDataPerm', 'BUTTON', '/api/resource/getUsetDataPerm', 'GET', 'ACTIVE', '2023-05-04 17:48:33', 'robot', 'robot', '2023-04-29 19:01:45', '机器人', '机器人'),
('1654060629725569025', 'resource:saveUsetDataPerm', 'BUTTON', '/api/resource/saveUsetDataPerm', 'POST', 'ACTIVE', '2023-05-04 17:49:20', 'robot', 'robot', '2023-05-04 17:49:20', '机器人', '机器人'),
('1654760039954530305', 'pcolumn', 'MENU', '/system/pcolumn', 'GET', 'ACTIVE', '2023-05-06 16:08:32', 'robot', 'robot', '2023-05-06 16:08:32', '机器人', '机器人'),
('1654760779590680578', 'pcolumn:save', 'BUTTON', '/api/dataPermColumn', 'POST', 'ACTIVE', '2023-05-06 16:11:28', 'robot', 'robot', '2023-05-06 16:11:28', '机器人', '机器人'),
('1654760943827042306', 'pcolumn:delete', 'BUTTON', '/api/dataPermColumn', 'DELETE', 'ACTIVE', '2023-05-06 16:12:08', 'robot', 'robot', '2023-05-06 16:12:08', '机器人', '机器人'),
('1654761152208453634', 'pcolumn:listPermColumnsByTable', 'BUTTON', '/api/dataPermColumn/listPermColumnsByTable', 'GET', 'ACTIVE', '2023-05-06 16:12:57', 'robot', 'robot', '2023-05-06 16:12:57', '机器人', '机器人'),
('1654761152208456634', 'gateway', 'MENU', '/gateway', 'GET', 'ACTIVE', '2021-03-17 13:49:15', NULL, NULL, '2021-03-24 09:45:06', NULL, NULL),
('1654761296190521346', 'pcolumn:fetchTables', 'BUTTON', '/api/dataPermColumn/fetchTables', 'POST', 'ACTIVE', '2023-05-06 16:13:32', 'robot', 'frog', '2023-05-26 10:46:14', '机器人', '大青蛙'),
('1654761483290034177', 'pcolumn:fetchColumnByTableWithPerm', 'BUTTON', '/api/dataPermColumn/fetchColumnByTableWithPerm', 'POST', 'ACTIVE', '2023-05-06 16:14:16', 'robot', 'frog', '2023-05-26 10:46:33', '机器人', '大青蛙'),
('1655166990423482370', 'uset:treeAllUset', 'BUTTON', '/api/uset/treeAllUset', 'GET', 'ACTIVE', '2023-05-07 19:05:37', 'robot', 'robot', '2023-05-07 19:08:43', '机器人', '机器人'),
('1655167581539328001', 'user:listByTagAndKeyword', 'BUTTON', '/api/user/listByTagAndKeyWord', 'GET', 'ACTIVE', '2023-05-07 19:07:58', 'robot', 'robot', '2023-04-22 22:37:26', '机器人', '机器人'),
('1655465960481505281', 'pcolumn:listPermColumnsByTables', 'BUTTON', '/api/dataPermColumn/listPermColumnsByTables', 'GET', 'ACTIVE', '2023-05-08 14:53:37', 'robot', 'robot', '2023-05-08 14:53:37', '机器人', '机器人'),
('1659466956922990593', 'resource:listUsetColumnPerm', 'BUTTON', '/api/resource/listUsetColumnPerm', 'GET', 'ACTIVE', '2023-05-19 15:52:09', 'robot', 'robot', '2023-05-19 15:58:51', '机器人', '机器人'),
('1659467103992066050', 'resource:listUserColumnPerm', 'BUTTON', '/api/resource/listUserColumnPerm', 'GET', 'ACTIVE', '2023-05-19 15:52:44', 'robot', 'robot', '2023-05-19 15:58:33', '机器人', '机器人'),
('1659467433777606657', 'resource:fetchColumnActionMapperByPerm', 'BUTTON', '/api/resource/fetchColumnActionMapperByPerm', 'GET', 'ACTIVE', '2023-05-19 15:54:02', 'robot', 'robot', '2023-05-19 15:57:03', '机器人', '机器人'),
('1659489499016912898', 'resource:saveUserColumnPerm', 'BUTTON', '/api/resource/saveUserColumnPerm', 'POST', 'ACTIVE', '2023-05-19 17:21:43', 'robot', 'robot', '2023-05-19 17:21:43', '机器人', '机器人'),
('1659489644131442689', 'resource:saveUsetColumnPerm', 'BUTTON', '/api/resource/saveUsetColumnPerm', 'POST', 'ACTIVE', '2023-05-19 17:22:18', 'robot', 'robot', '2023-05-19 17:22:18', '机器人', '机器人'),
('1663467168601329665', 'hamc', 'MENU', '/system/hmac', 'GET', 'ACTIVE', '2023-05-30 16:47:33', 'frog', 'frog', '2023-05-30 16:47:33', '大青蛙', '大青蛙'),
('1663467590871273474', 'hamc:search', 'BUTTON', '/api/hmacUser/search', 'POST', 'ACTIVE', '2023-05-30 16:49:14', 'frog', 'frog', '2023-05-30 16:49:14', '大青蛙', '大青蛙'),
('1663467727848853506', 'hmac:save', 'BUTTON', '/api/hmacUser', 'POST', 'ACTIVE', '2023-05-30 16:49:47', 'frog', 'frog', '2023-05-30 16:49:47', '大青蛙', '大青蛙'),
('1663467823562870786', 'hmac:update', 'BUTTON', '/api/hmacUser', 'PUT', 'ACTIVE', '2023-05-30 16:50:10', 'frog', 'frog', '2023-05-30 16:50:10', '大青蛙', '大青蛙'),
('1663467924557516801', 'hmac:delete', 'BUTTON', '/api/hmacUser', 'DELETE', 'ACTIVE', '2023-05-30 16:50:34', 'frog', 'frog', '2023-05-30 16:50:34', '大青蛙', '大青蛙'),
('1663468060159365122', 'hmac:get', 'BUTTON', '/api/hmacUser/{}', 'GET', 'ACTIVE', '2023-05-30 16:51:06', 'frog', 'frog', '2023-05-30 16:51:06', '大青蛙', '大青蛙'),
('1663468198915330050', 'hmac:refreshCache', 'BUTTON', '/api/hmacUser/refreshCache', 'POST', 'ACTIVE', '2023-05-30 16:51:39', 'frog', 'frog', '2023-05-30 16:51:39', '大青蛙', '大青蛙'),
('1663548411412258818', 'hmacLog', 'MENU', '/system/mlog', 'GET', 'ACTIVE', '2023-05-30 22:10:23', 'frog', 'frog', '2023-05-30 22:10:35', '大青蛙', '大青蛙'),
('1663548639523676161', 'hmacLog:search', 'BUTTON', '/api/hmacLog/search', 'POST', 'ACTIVE', '2023-05-30 22:11:18', 'frog', 'frog', '2023-05-30 22:11:18', '大青蛙', '大青蛙'),
('1663548761263349761', 'hmacLog:get', 'BUTTON', '/api/hmacLog/{}', 'GET', 'ACTIVE', '2023-05-30 22:11:47', 'frog', 'frog', '2023-05-30 22:11:47', '大青蛙', '大青蛙'),
('1663550909191593985', 'logger:get', 'BUTTON', '/api/userLog/{}', 'GET', 'ACTIVE', '2023-05-30 22:20:19', 'frog', 'frog', '2023-05-30 22:20:19', '大青蛙', '大青蛙'),
('1665707218963804161', 'business', 'MENU', '/business', 'GET', 'ACTIVE', '2023-06-05 21:08:43', 'frog', 'frog', '2023-06-07 16:27:29', '大青蛙', '大青蛙'),
('1665707529916919810', 'provider', 'MENU', '/wms/provider', 'GET', 'ACTIVE', '2023-06-05 21:09:57', 'frog', 'frog', '2023-07-13 21:39:28', '大青蛙', '大青蛙'),
('1665707717620412417', 'class', 'MENU', '/wms/class', 'GET', 'ACTIVE', '2023-06-05 21:10:42', 'frog', 'frog', '2023-07-13 21:39:36', '大青蛙', '大青蛙'),
('1665708013633417218', 'item', 'MENU', '/wms/item', 'GET', 'ACTIVE', '2023-06-05 21:11:52', 'frog', 'frog', '2023-07-13 21:39:43', '大青蛙', '大青蛙'),
('1665708398980902914', 'provider:search', 'BUTTON', '/api/provider/search', 'POST', 'ACTIVE', '2023-06-05 21:13:24', 'frog', 'frog', '2023-06-05 21:13:24', '大青蛙', '大青蛙'),
('1665708515502862338', 'provider:save', 'BUTTON', '/api/provider', 'POST', 'ACTIVE', '2023-06-05 21:13:52', 'frog', 'frog', '2023-06-05 21:13:52', '大青蛙', '大青蛙'),
('1665708682025119745', 'provider:update', 'BUTTON', '/api/provider', 'PUT', 'ACTIVE', '2023-06-05 21:14:32', 'frog', 'frog', '2023-06-05 21:14:32', '大青蛙', '大青蛙'),
('1665709757989924866', 'provider:delete', 'BUTTON', '/api/provider', 'DELETE', 'ACTIVE', '2023-06-05 21:18:48', 'frog', 'frog', '2023-06-05 21:18:48', '大青蛙', '大青蛙'),
('1665709913296613377', 'provider:get', 'BUTTON', '/api/provider/{}', 'GET', 'ACTIVE', '2023-06-05 21:19:25', 'frog', 'frog', '2023-06-05 21:19:25', '大青蛙', '大青蛙'),
('1665710162174029825', 'class:search', 'BUTTON', '/api/class/search', 'POST', 'ACTIVE', '2023-06-05 21:20:25', 'frog', 'frog', '2023-06-05 21:20:25', '大青蛙', '大青蛙'),
('1665710346836652034', 'class:save', 'BUTTON', '/api/class', 'POST', 'ACTIVE', '2023-06-05 21:21:09', 'frog', 'frog', '2023-06-05 21:21:09', '大青蛙', '大青蛙'),
('1665710427946102785', 'class:update', 'BUTTON', '/api/class', 'PUT', 'ACTIVE', '2023-06-05 21:21:28', 'frog', 'frog', '2023-06-05 21:21:28', '大青蛙', '大青蛙'),
('1665710534997323777', 'class:get', 'BUTTON', '/api/class/{}', 'GET', 'ACTIVE', '2023-06-05 21:21:54', 'frog', 'frog', '2023-06-07 22:31:26', '大青蛙', '大青蛙'),
('1665710614491967490', 'class:delete', 'BUTTON', '/api/class', 'DELETE', 'ACTIVE', '2023-06-05 21:22:13', 'frog', 'frog', '2023-06-05 21:22:13', '大青蛙', '大青蛙'),
('1665710862463414274', 'item:search', 'BUTTON', '/api/item/search', 'POST', 'ACTIVE', '2023-06-05 21:23:12', 'frog', 'frog', '2023-06-05 21:50:03', '大青蛙', '大青蛙'),
('1665717802514014210', 'item:save', 'BUTTON', '/api/item', 'POST', 'ACTIVE', '2023-06-05 21:50:46', 'frog', 'frog', '2023-06-05 21:50:46', '大青蛙', '大青蛙'),
('1665717926979985410', 'item:update', 'BUTTON', '/api/item', 'PUT', 'ACTIVE', '2023-06-05 21:51:16', 'frog', 'frog', '2023-06-05 21:51:16', '大青蛙', '大青蛙'),
('1665721526959517698', 'item:get', 'BUTTON', '/api/item/{}', 'GET', 'ACTIVE', '2023-06-05 22:05:34', 'frog', 'frog', '2023-06-05 22:05:34', '大青蛙', '大青蛙'),
('1665721672208265218', 'item:delete', 'BUTTON', '/api/item', 'DELETE', 'ACTIVE', '2023-06-05 22:06:09', 'frog', 'frog', '2023-06-05 22:06:09', '大青蛙', '大青蛙'),
('1666359957454340098', 'provider:listByKeyWord', 'BUTTON', '/api/provider/listByKeyWord', 'GET', 'ACTIVE', '2023-06-07 16:22:28', 'frog', 'frog', '2023-06-07 16:22:28', '大青蛙', '大青蛙'),
('1666360094826184705', 'class:listByKeyWord', 'BUTTON', '/api/class/listByKeyWord', 'GET', 'ACTIVE', '2023-06-07 16:23:01', 'frog', 'frog', '2023-06-07 16:23:01', '大青蛙', '大青蛙'),
('1679400023680364545', 'order', 'MENU', '/wms/order', 'GET', 'ACTIVE', '2023-07-13 15:59:02', 'frog', 'frog', '2023-07-13 21:40:02', '大青蛙', '大青蛙'),
('1679400338089586690', 'order:search', 'BUTTON', '/api/order/search', 'POST', 'ACTIVE', '2023-07-13 16:00:17', 'frog', 'frog', '2023-07-13 16:00:17', '大青蛙', '大青蛙'),
('1679400470197579777', 'order:save', 'BUTTON', '/api/order', 'POST', 'ACTIVE', '2023-07-13 16:00:49', 'frog', 'frog', '2023-07-13 16:00:49', '大青蛙', '大青蛙'),
('1679400595640823810', 'order:update', 'BUTTON', '/api/order', 'PUT', 'ACTIVE', '2023-07-13 16:01:18', 'frog', 'frog', '2023-07-13 16:02:55', '大青蛙', '大青蛙'),
('1679400732870062081', 'order:get', 'BUTTON', '/api/order/{}', 'GET', 'ACTIVE', '2023-07-13 16:01:51', 'frog', 'frog', '2023-07-13 16:01:51', '大青蛙', '大青蛙'),
('1679400929075408898', 'order:delete', 'BUTTON', '/api/order', 'DELETE', 'ACTIVE', '2023-07-13 16:02:38', 'frog', 'frog', '2023-07-13 16:02:38', '大青蛙', '大青蛙'),
('1680578774370119682', 'user:getByCode', 'BUTTON', '/api/user/getByCode', 'GET', 'ACTIVE', '2023-07-16 22:02:58', 'frog', 'frog', '2023-07-16 22:02:58', '大青蛙', '大青蛙'),
('1680579651315200001', 'group:listUserGroupByUserNos', 'BUTTON', '/api/group/listUserGroupByUserNos', 'POST', 'ACTIVE', '2023-07-16 22:06:27', 'frog', 'frog', '2023-07-16 22:06:27', '大青蛙', '大青蛙'),
('1681645528089382913', 'item:listByKeyWord', 'BUTTON', '/api/item/listByKeyWord', 'GET', 'ACTIVE', '2023-07-19 20:41:52', 'frog', 'frog', '2023-07-19 20:41:52', '大青蛙', '大青蛙'),
('1682015449415704578', 'group:treeAllGroupsAndUsersByTag', 'BUTTON', '/api/group/treeAllGroupsAndUsersByTag', 'GET', 'ACTIVE', '2023-07-20 21:11:48', 'frog', 'frog', '2023-07-20 21:11:48', '大青蛙', '大青蛙'),
('1694589069033496577', 'limit:search', 'BUTTON', '/api/gateLimit/search', 'POST', 'ACTIVE', '2023-08-24 13:54:53', 'robot', 'robot', '2023-08-24 13:54:53', '机器人', '机器人'),
('1694589195084914689', 'limit:save', 'BUTTON', '/api/gateLimit', 'POST', 'ACTIVE', '2023-08-24 13:55:23', 'robot', 'robot', '2023-08-24 13:55:23', '机器人', '机器人'),
('1694589302572343297', 'limit:update', 'BUTTON', '/api/gateLimit', 'PUT', 'ACTIVE', '2023-08-24 13:55:48', 'robot', 'robot', '2023-08-24 13:55:48', '机器人', '机器人'),
('1694589402589716481', 'limit:delete', 'BUTTON', '/api/gateLimit', 'DELETE', 'ACTIVE', '2023-08-24 13:56:12', 'robot', 'robot', '2023-08-24 13:56:12', '机器人', '机器人'),
('1694589596572082177', 'limit:stop', 'BUTTON', '/api/gateLimit/stop', 'POST', 'ACTIVE', '2023-08-24 13:56:58', 'robot', 'robot', '2023-08-24 13:57:38', '机器人', '机器人'),
('1694589682333016066', 'limit:use', 'BUTTON', '/api/gateLimit/use', 'POST', 'ACTIVE', '2023-08-24 13:57:19', 'robot', 'robot', '2023-08-24 13:57:30', '机器人', '机器人'),
('1694590439824318466', 'limit:get', 'BUTTON', '/api/gateLimit/{}', 'GET', 'ACTIVE', '2023-08-24 14:00:19', 'robot', 'robot', '2023-08-24 14:00:19', '机器人', '机器人'),
('1694642543049883650', 'menu:listButtonByKeyWord', 'BUTTON', '/api/button/listByKeyWord', 'GET', 'ACTIVE', '2023-08-24 17:27:22', 'robot', 'robot', '2023-08-24 17:27:30', '机器人', '机器人'),
('1694642772495089666', 'menu:getButtonAndApiById', 'BUTTON', '/api/button/getButtonAndApiById', 'GET', 'ACTIVE', '2023-08-24 17:28:17', 'robot', 'robot', '2023-08-24 17:28:34', '机器人', '机器人'),
('1694918077977751553', 'limit:refreshCache', 'BUTTON', '/api/gateLimit/refreshCache', 'POST', 'ACTIVE', '2023-08-25 11:42:14', 'robot', 'robot', '2023-08-25 11:42:14', '机器人', '机器人'),
('1699315562234015746', 'role:refreshPrivileges', 'BUTTON', '/api/role/refreshPrivileges', 'POST', 'ACTIVE', '2023-09-06 14:56:16', 'frog', 'frog', '2023-09-06 14:56:16', '大青蛙', '大青蛙'),
('1699335758743121921', 'user:listButtons', 'BUTTON', '/api/user/listButtons', 'GET', 'ACTIVE', '2023-09-06 16:16:32', 'frog', 'frog', '2023-09-06 16:16:32', '大青蛙', '大青蛙'),
('210', 'dictChild:listByParentCodes', 'BUTTON', '/api/dictionaryChild/listByParentCodes', 'POST', 'ACTIVE', '2021-03-24 14:36:04', NULL, NULL, '2021-03-24 15:36:24', NULL, NULL),
('211', 'group', 'MENU', '/system/group', 'GET', 'ACTIVE', '2021-05-10 13:49:15', NULL, NULL, '2021-05-25 09:43:13', NULL, NULL),
('212', 'position:listByGroup', 'BUTTON', '/api/position/listByGroup', 'GET', 'ACTIVE', '2021-02-26 05:24:39', NULL, NULL, '2021-04-27 10:38:51', NULL, NULL),
('213', 'position:listActiveByGroup', 'BUTTON', '/api/position/listActiveByGroup', 'GET', 'ACTIVE', '2021-02-26 05:24:39', NULL, NULL, '2021-04-27 10:38:51', NULL, NULL),
('214', 'position:save', 'BUTTON', '/api/position', 'POST', 'ACTIVE', '2021-02-26 05:24:39', NULL, NULL, '2021-05-26 16:46:04', NULL, NULL),
('215', 'position:update', 'BUTTON', '/api/position', 'PUT', 'ACTIVE', '2021-02-26 05:24:39', NULL, NULL, '2021-05-26 16:46:04', NULL, NULL),
('216', 'position:get', 'BUTTON', '/api/position/{}', 'GET', 'ACTIVE', '2021-02-26 05:24:39', NULL, NULL, '2021-05-10 10:58:43', NULL, NULL),
('217', 'position:use', 'BUTTON', '/api/position/use', 'POST', 'ACTIVE', '2021-02-26 05:24:39', NULL, NULL, '2021-05-10 10:58:45', NULL, NULL),
('218', 'position:stop', 'BUTTON', '/api/position/stop', 'POST', 'ACTIVE', '2021-02-26 05:24:39', NULL, NULL, '2021-05-10 10:58:47', NULL, NULL),
('220', 'group:addCompany', 'BUTTON', '/api/group/addCompany', 'POST', 'ACTIVE', '2021-05-10 05:24:39', NULL, NULL, '2021-05-25 08:58:59', NULL, NULL),
('221', 'group:addDepartment', 'BUTTON', '/api/group/addDepartment', 'POST', 'ACTIVE', '2021-05-10 05:24:39', NULL, NULL, '2021-05-25 08:58:59', NULL, NULL),
('222', 'group:addUsers', 'BUTTON', '/api/group/addUsers', 'POST', 'ACTIVE', '2021-05-10 05:24:39', NULL, NULL, '2021-05-25 08:58:59', NULL, NULL),
('223', 'group:moveUsers', 'BUTTON', '/api/group/moveUsers', 'POST', 'ACTIVE', '2021-05-10 05:24:39', NULL, NULL, '2021-05-25 08:58:59', NULL, NULL),
('224', 'group:removeUsers', 'BUTTON', '/api/group/removeUsers', 'POST', 'ACTIVE', '2021-05-10 05:24:39', NULL, NULL, '2021-05-25 08:58:59', NULL, NULL),
('225', 'group:assignPosition', 'BUTTON', '/api/group/assignPosition', 'POST', 'ACTIVE', '2021-05-10 05:24:39', NULL, NULL, '2021-05-25 08:58:59', NULL, NULL),
('226', 'group:delete', 'BUTTON', '/api/group', 'DELETE', 'ACTIVE', '2021-05-10 05:24:39', NULL, NULL, '2021-05-25 08:58:59', NULL, NULL),
('227', 'group:userDetail', 'BUTTON', '/api/group/userDetail', 'POST', 'ACTIVE', '2021-05-10 05:24:39', NULL, NULL, '2021-05-25 08:58:59', NULL, NULL),
('228', 'group:userDepartments', 'BUTTON', '/api/group/userDepartments', 'POST', 'ACTIVE', '2021-05-10 05:24:39', NULL, NULL, '2021-05-25 08:58:59', NULL, NULL),
('229', 'group:treeAllGroupsAndPositions', 'BUTTON', '/api/group/treeAllGroupsAndPositions', 'GET', 'ACTIVE', '2021-05-10 05:24:39', NULL, NULL, '2021-07-07 14:52:29', NULL, NULL),
('230', 'group:searchUser', 'BUTTON', '/api/group/searchUser', 'POST', 'ACTIVE', '2021-05-10 05:24:39', NULL, NULL, '2021-05-25 08:58:59', NULL, NULL),
('233', 'position', 'MENU', '/system/position', 'GET', 'ACTIVE', '2021-05-10 13:49:15', NULL, NULL, '2021-05-26 16:36:20', NULL, NULL),
('273', 'role:save', 'BUTTON', '/api/role', 'POST', 'ACTIVE', '2021-04-08 14:24:26', NULL, NULL, '2021-05-19 09:22:58', NULL, NULL),
('274', 'role:update', 'BUTTON', '/api/role', 'PUT', 'ACTIVE', '2021-04-08 14:24:26', NULL, NULL, '2021-05-19 09:22:58', NULL, NULL),
('275', 'role:get', 'BUTTON', '/api/role/{}', 'GET', 'ACTIVE', '2021-04-08 14:24:26', NULL, NULL, '2021-05-20 17:52:25', NULL, NULL),
('276', 'role:delete', 'BUTTON', '/api/role', 'DELETE', 'ACTIVE', '2021-04-08 14:24:26', NULL, NULL, '2021-05-19 09:22:58', NULL, NULL),
('278', 'role:use', 'BUTTON', '/api/role/use', 'POST', 'ACTIVE', '2021-04-08 14:24:26', NULL, NULL, '2021-05-19 09:22:58', NULL, NULL),
('279', 'role:stop', 'BUTTON', '/api/role/stop', 'POST', 'ACTIVE', '2021-04-08 14:24:26', NULL, NULL, '2021-05-19 09:22:58', NULL, NULL),
('280', 'role', 'MENU', '/system/role', 'GET', 'ACTIVE', '2021-04-08 14:32:47', NULL, NULL, '2021-05-20 17:42:41', NULL, NULL),
('281', 'role:search', 'BUTTON', '/api/role/search', 'POST', 'ACTIVE', '2021-04-08 14:32:47', NULL, NULL, '2021-05-20 17:42:41', NULL, NULL),
('282', 'role:listAll', 'BUTTON', '/api/role/listAll', 'GET', 'ACTIVE', '2021-04-08 14:32:47', NULL, NULL, '2021-05-20 17:42:41', NULL, NULL),
('283', 'role:listByUser', 'BUTTON', '/api/role/listByUser', 'GET', 'ACTIVE', '2021-04-08 14:32:47', NULL, NULL, '2021-05-21 14:17:49', NULL, NULL),
('284', 'userRole:saveFromUser', 'BUTTON', '/api/userRole/saveFromUser', 'POST', 'ACTIVE', '2021-04-08 14:32:47', NULL, NULL, '2021-05-21 14:17:49', NULL, NULL),
('285', 'userRole:saveFromRole', 'BUTTON', '/api/userRole/saveFromRole', 'POST', 'ACTIVE', '2021-04-08 14:32:47', NULL, NULL, '2021-05-21 14:17:49', NULL, NULL),
('287', 'user:listByRole', 'BUTTON', '/api/user/listByRole', 'GET', 'ACTIVE', '2020-11-08 11:17:18', NULL, NULL, '2021-03-24 17:11:03', NULL, NULL),
('288', 'user:listByGroup', 'BUTTON', '/api/user/listByGroup', 'GET', 'ACTIVE', '2020-11-08 11:17:18', NULL, NULL, '2021-03-24 17:11:03', NULL, NULL),
('289', 'user:listByUserNoStr', 'BUTTON', '/api/user/listByUserNoStr/{}', 'GET', 'ACTIVE', '2021-05-25 09:47:35', NULL, 'hans', '2023-01-09 16:22:03', NULL, '韩泽宁'),
('291', 'group:save', 'BUTTON', '/api/group', 'POST', 'ACTIVE', '2021-05-10 05:24:39', NULL, NULL, '2021-05-25 08:58:59', NULL, NULL),
('292', 'group:update', 'BUTTON', '/api/group', 'PUT', 'ACTIVE', '2021-05-10 05:24:39', NULL, NULL, '2021-05-25 08:58:59', NULL, NULL),
('320', 'position:search', 'BUTTON', '/api/position/search', 'POST', 'ACTIVE', '2021-05-25 14:59:28', NULL, NULL, '2021-05-25 14:59:28', NULL, NULL),
('321', 'position:delete', 'BUTTON', '/api/position', 'DELETE', 'ACTIVE', '2021-05-25 14:59:28', NULL, NULL, '2021-05-25 14:59:28', NULL, NULL),
('329', 'group:treeAllGroupsAndUsers', 'BUTTON', '/api/group/treeAllGroupsAndUsers', 'GET', 'ACTIVE', '2021-06-01 14:28:09', NULL, NULL, '2021-07-07 14:10:01', NULL, NULL),
('330', 'user:listGroupUsersByRole', 'BUTTON', '/api/user/listGroupUsersByRole', 'GET', 'ACTIVE', '2021-06-01 14:28:09', NULL, NULL, '2021-06-01 14:28:21', NULL, NULL),
('331', 'position:listEntrusIdsByPosition', 'BUTTON', '/api/position/listEntrusIdsByPosition', 'GET', 'ACTIVE', '2021-06-01 14:28:09', NULL, NULL, '2021-06-01 14:28:21', NULL, NULL),
('332', 'role:treeAllMenus', 'BUTTON', '/api/resource/treeAllMenus', 'GET', 'ACTIVE', '2021-06-01 14:28:09', NULL, NULL, '2021-07-05 11:26:22', NULL, NULL),
('333', 'role:listPermMenus', 'BUTTON', '/api/resource/listPermMenus', 'GET', 'ACTIVE', '2021-06-01 14:28:09', NULL, NULL, '2021-07-05 13:38:01', NULL, NULL),
('334', 'role:saveMenuPerm', 'BUTTON', '/api/resource/saveMenuPerm', 'POST', 'ACTIVE', '2021-06-01 14:28:09', NULL, NULL, '2021-07-05 15:26:56', NULL, NULL),
('335', 'role:listByPosition', 'BUTTON', '/api/role/listByPosition', 'GET', 'ACTIVE', '2021-06-01 14:28:09', NULL, NULL, '2021-06-01 14:28:21', NULL, NULL),
('336', 'position:savePositionRole', 'BUTTON', '/api/position/savePositionRole', 'POST', 'ACTIVE', '2021-06-01 14:28:09', NULL, NULL, '2021-06-01 14:28:21', NULL, NULL),
('337', 'resource', 'MENU', '/system/resource', 'GET', 'ACTIVE', '2021-04-20 10:45:52', NULL, NULL, '2021-04-20 10:45:52', NULL, NULL),
('338', 'resource:listBPermResources', 'BUTTON', '/api/resource/listResourcesForBPermByUser', 'GET', 'ACTIVE', '2021-02-26 05:24:39', NULL, NULL, '2021-03-24 11:06:09', NULL, NULL),
('3380', 'resource:listResourcesForBPermByUset', 'BUTTON', '/api/resource/listResourcesForBPermByUset', 'GET', 'ACTIVE', '2021-02-26 05:24:39', NULL, NULL, '2021-03-24 11:06:09', NULL, NULL),
('3381', 'userUset:listRolesByUset', 'BUTTON', '/api/usetRole/listRolesByUset', 'GET', 'ACTIVE', '2021-02-26 05:24:39', NULL, NULL, '2021-03-24 11:06:09', NULL, NULL),
('3382', 'resource:listPermEntrustsByUset', 'BUTTON', '/api/resource/listPermEntrustsByUset', 'GET', 'ACTIVE', '2021-02-26 05:24:39', NULL, NULL, '2021-03-24 11:06:09', NULL, NULL),
('3383', 'resource:saveUsetBusinessPerm', 'BUTTON', '/api/resource/saveUsetBusinessPerm', 'POST', 'ACTIVE', '2021-02-26 05:24:39', NULL, NULL, '2021-03-24 11:06:09', NULL, NULL),
('354', 'resource:listPermEntrustsByUser', 'BUTTON', '/api/resource/listPermEntrustsByUser', 'GET', 'ACTIVE', '2021-06-03 14:34:13', NULL, NULL, '2021-06-03 14:34:13', NULL, NULL),
('355', 'resource:saveBusinessPerm', 'BUTTON', '/api/resource/saveBusinessPerm', 'POST', 'ACTIVE', '2021-06-03 14:34:13', NULL, NULL, '2021-06-03 14:34:13', NULL, NULL),
('356', 'logger', 'MENU', '/system/logger', 'GET', 'ACTIVE', '2021-06-03 14:34:13', NULL, NULL, '2021-06-03 14:34:13', NULL, NULL),
('357', 'logger:search', 'BUTTON', '/api/userLog/search', 'POST', 'ACTIVE', '2021-03-24 14:49:40', NULL, NULL, '2021-03-24 14:49:40', NULL, NULL),
('358', 'dictionary', 'MENU', '/system/dictionary', 'GET', 'ACTIVE', '2021-03-24 14:49:40', NULL, NULL, '2021-06-07 13:33:19', NULL, NULL),
('373', 'param', 'MENU', '/system/param', 'GET', 'ACTIVE', '2021-03-17 13:49:15', NULL, NULL, '2021-03-24 09:45:06', NULL, NULL),
('385', 'user:updateSelfUser', 'BUTTON', '/api/user/updateSelfUser', 'PUT', 'ACTIVE', '2021-06-18 11:36:56', NULL, NULL, '2021-06-18 11:36:56', NULL, NULL),
('40', 'user', 'MENU', '/system/user', 'GET', 'ACTIVE', '2021-03-17 13:49:15', NULL, NULL, '2021-03-24 09:45:06', NULL, NULL),
('42', 'monitor', 'MENU', '/dashboard/monitor', 'GET', 'ACTIVE', '2021-03-16 13:46:03', NULL, NULL, '2021-03-24 09:45:06', NULL, NULL),
('428', 'role:listAllButtonsByMenu', 'BUTTON', '/api/resource/listAllButtonsByMenu', 'GET', 'ACTIVE', '2021-06-18 16:03:36', NULL, NULL, '2021-06-18 16:03:36', NULL, NULL),
('429', 'role:listPermButtons', 'BUTTON', '/api/resource/listPermButtons', 'GET', 'ACTIVE', '2021-06-18 16:03:36', NULL, NULL, '2021-06-18 16:03:36', NULL, NULL),
('430', 'role:saveButtonPerm', 'BUTTON', '/api/resource/saveButtonPerm', 'POST', 'ACTIVE', '2021-06-18 16:03:36', NULL, NULL, '2021-06-18 16:03:36', NULL, NULL),
('439', 'group:searchNotAssignUser', 'BUTTON', '/api/group/searchNotAssignUser', 'POST', 'ACTIVE', '2021-06-18 16:03:36', NULL, NULL, '2021-06-18 16:03:36', NULL, NULL),
('443', 'group:treeAllGroups', 'BUTTON', '/api/group/treeAllGroups', 'GET', 'ACTIVE', '2021-05-10 05:24:39', NULL, NULL, '2021-07-07 14:52:29', NULL, NULL),
('48', 'system', 'MENU', '/system', 'GET', 'ACTIVE', '2021-03-17 13:49:15', NULL, 'frog', '2023-06-07 16:27:14', NULL, '大青蛙'),
('49', 'dictionary:get', 'BUTTON', '/api/dictionary/{}', 'GET', 'ACTIVE', '2021-03-24 14:34:17', NULL, NULL, '2021-03-24 14:34:17', NULL, NULL),
('50', 'dictionary:search', 'BUTTON', '/api/dictionary/search', 'POST', 'ACTIVE', '2021-03-24 14:34:17', NULL, NULL, '2021-03-24 14:34:17', NULL, NULL),
('51', 'dictionary:delete', 'BUTTON', '/api/dictionary', 'DELETE', 'ACTIVE', '2021-03-24 14:34:17', NULL, NULL, '2021-03-24 14:34:17', NULL, NULL),
('52', 'dictionary:update', 'BUTTON', '/api/dictionary', 'PUT', 'ACTIVE', '2021-03-24 14:34:17', NULL, NULL, '2021-03-24 14:34:17', NULL, NULL),
('53', 'dictionary:save', 'BUTTON', '/api/dictionary', 'POST', 'ACTIVE', '2021-03-24 14:34:17', NULL, NULL, '2021-03-24 14:34:17', NULL, NULL),
('54', 'dictionary:use', 'BUTTON', '/api/dictionary/use', 'POST', 'ACTIVE', '2021-03-24 14:34:17', NULL, NULL, '2021-03-24 15:36:20', NULL, NULL),
('55', 'dictionary:stop', 'BUTTON', '/api/dictionary/stop', 'POST', 'ACTIVE', '2021-03-24 14:34:17', NULL, NULL, '2021-03-24 15:36:10', NULL, NULL),
('56', 'dictChild:get', 'BUTTON', '/api/dictionaryChild/{}', 'GET', 'ACTIVE', '2021-03-24 14:36:04', NULL, NULL, '2021-03-24 14:36:04', NULL, NULL),
('57', 'dictChild:search', 'BUTTON', '/api/dictionaryChild/search', 'POST', 'ACTIVE', '2021-03-24 14:36:04', NULL, NULL, '2021-03-24 14:36:04', NULL, NULL),
('58', 'dictChild:delete', 'BUTTON', '/api/dictionaryChild', 'DELETE', 'ACTIVE', '2021-03-24 14:36:04', NULL, NULL, '2021-03-24 14:36:04', NULL, NULL),
('59', 'dictChild:update', 'BUTTON', '/api/dictionaryChild', 'PUT', 'ACTIVE', '2021-03-24 14:36:04', NULL, NULL, '2021-03-24 14:36:04', NULL, NULL),
('60', 'dictChild:save', 'BUTTON', '/api/dictionaryChild', 'POST', 'ACTIVE', '2021-03-24 14:36:04', NULL, NULL, '2021-03-24 14:36:04', NULL, NULL),
('64', 'param:get', 'BUTTON', '/api/param/{}', 'GET', 'ACTIVE', '2021-03-24 14:49:40', NULL, NULL, '2021-03-24 14:49:40', NULL, NULL),
('65', 'param:search', 'BUTTON', '/api/param/search', 'POST', 'ACTIVE', '2021-03-24 14:49:40', NULL, NULL, '2021-03-24 14:49:40', NULL, NULL),
('66', 'param:delete', 'BUTTON', '/api/param', 'DELETE', 'ACTIVE', '2021-03-24 14:49:40', NULL, NULL, '2021-03-24 14:49:40', NULL, NULL),
('67', 'param:update', 'BUTTON', '/api/param', 'PUT', 'ACTIVE', '2021-03-24 14:49:40', NULL, NULL, '2021-03-24 14:49:40', NULL, NULL),
('68', 'param:save', 'BUTTON', '/api/param', 'POST', 'ACTIVE', '2021-03-24 14:49:41', NULL, NULL, '2021-03-24 14:49:41', NULL, NULL),
('725', 'uset', 'MENU', '/system/uset', 'GET', 'ACTIVE', '2021-12-09 10:53:26', NULL, NULL, '2021-12-09 10:54:45', NULL, NULL),
('726', 'uset:search', 'BUTTON', '/api/uset/search', 'POST', 'ACTIVE', '2021-03-24 15:03:09', NULL, NULL, '2021-03-24 15:03:09', NULL, NULL),
('727', 'uset:save', 'BUTTON', '/api/uset', 'POST', 'ACTIVE', '2021-03-24 15:03:09', NULL, NULL, '2021-03-24 15:03:09', NULL, NULL),
('728', 'uset:get', 'BUTTON', '/api/uset/{}', 'GET', 'ACTIVE', '2021-03-24 15:03:09', NULL, NULL, '2021-03-24 15:03:09', NULL, NULL),
('729', 'uset:update', 'BUTTON', '/api/uset', 'PUT', 'ACTIVE', '2021-03-24 15:03:09', NULL, NULL, '2021-03-24 15:03:09', NULL, NULL),
('730', 'uset:delete', 'BUTTON', '/api/uset', 'DELETE', 'ACTIVE', '2021-03-24 15:03:09', NULL, NULL, '2021-03-24 15:03:09', NULL, NULL),
('731', 'uset:use', 'BUTTON', '/api/uset/use', 'POST', 'ACTIVE', '2021-03-24 15:03:09', NULL, NULL, '2021-03-24 15:03:09', NULL, NULL),
('732', 'uset:stop', 'BUTTON', '/api/uset/stop', 'POST', 'ACTIVE', '2021-03-24 15:03:09', NULL, NULL, '2021-03-24 15:03:09', NULL, NULL),
('734', 'user:listGroupUsersByUset', 'BUTTON', '/api/user/listGroupUsersByUset', 'GET', 'ACTIVE', '2021-06-01 14:28:09', NULL, NULL, '2021-06-01 14:28:21', NULL, NULL),
('735', 'userUset:saveFromUset', 'BUTTON', '/api/userUset/saveFromUset', 'POST', 'ACTIVE', '2021-04-08 14:32:47', NULL, NULL, '2021-05-21 14:17:49', NULL, NULL),
('784', 'group:getListBranchCompanines', 'BUTTON', '/api/group/getListBranchCompanines', 'GET', 'ACTIVE', '2021-03-24 15:05:40', NULL, NULL, '2021-03-24 15:29:14', NULL, NULL),
('79', 'dictChild:listByParentCode', 'BUTTON', '/api/dictionaryChild/listByParentCode', 'GET', 'ACTIVE', '2021-03-24 14:36:04', NULL, NULL, '2021-03-24 15:36:24', NULL, NULL),
('80', 'dictChild:use', 'BUTTON', '/api/dictionaryChild/use', 'POST', 'ACTIVE', '2021-03-24 14:36:04', NULL, NULL, '2021-03-24 15:37:40', NULL, NULL),
('81', 'dictChild:stop', 'BUTTON', '/api/dictionaryChild/stop', 'POST', 'ACTIVE', '2021-03-24 14:36:04', NULL, NULL, '2021-03-24 15:37:40', NULL, NULL),
('82', 'user:save', 'BUTTON', '/api/user', 'POST', 'ACTIVE', '2020-11-08 11:17:18', NULL, NULL, '2021-03-24 17:11:03', NULL, NULL),
('828', 'menu:treeAllMenus', 'BUTTON', '/api/menu/treeAllMenus', 'GET', 'ACTIVE', '2021-03-17 13:49:15', NULL, NULL, '2021-03-24 09:45:06', NULL, NULL),
('829', 'menu:searchButtonsAndApiByMenu', 'BUTTON', '/api/button/searchButtonsAndApiByMenu', 'POST', 'ACTIVE', '2021-03-17 13:49:15', NULL, NULL, '2021-03-24 09:45:06', NULL, NULL),
('83', 'user:update', 'BUTTON', '/api/user', 'PUT', 'ACTIVE', '2020-11-08 11:17:18', NULL, NULL, '2021-03-24 17:11:03', NULL, NULL),
('830', 'menu', 'MENU', '/system/menu', 'GET', 'ACTIVE', '2021-06-03 14:34:13', NULL, NULL, '2021-06-03 14:34:13', NULL, NULL),
('834', 'menu:saveOrUpdate', 'BUTTON', '/api/menu/saveOrUpdateMenu', 'POST', 'ACTIVE', '2021-03-17 13:49:15', NULL, NULL, '2022-03-08 09:09:20', NULL, NULL),
('835', 'menu:delete', 'BUTTON', '/api/menu', 'DELETE', 'ACTIVE', '2021-03-17 13:49:15', NULL, NULL, '2021-04-27 10:38:49', NULL, NULL),
('836', 'menu:saveOrUpdateButton', 'BUTTON', '/api/button/saveOrUpdate', 'POST', 'ACTIVE', '2021-03-17 13:49:15', NULL, NULL, '2022-03-08 13:46:22', NULL, NULL),
('838', 'menu:deleteButton', 'BUTTON', '/api/button', 'DELETE', 'ACTIVE', '2021-03-17 13:49:15', NULL, NULL, '2021-04-27 10:38:49', NULL, NULL),
('84', 'user:delete', 'BUTTON', '/api/user', 'DELETE', 'ACTIVE', '2020-11-08 11:17:18', NULL, NULL, '2021-03-24 17:11:03', NULL, NULL),
('85', 'user:get', 'BUTTON', '/api/user/{}', 'GET', 'ACTIVE', '2020-11-08 11:17:18', NULL, 'frog', '2023-09-06 16:47:21', NULL, '大青蛙'),
('905', 'user:validateEmail', 'BUTTON', '/api/user/validateEmail', 'POST', 'ACTIVE', '2020-11-08 11:17:18', NULL, NULL, '2021-03-24 17:11:03', NULL, NULL);

INSERT INTO `sys_role` (`id`, `role_name`, `note`, `state`, `create_time`, `create_user`, `update_user`, `update_time`, `group_id`, `be_super`, `create_user_cn_name`, `update_user_cn_name`, `be_lock`) VALUES
('1', '管理员', NULL, 'ACTIVE', '2020-11-08 11:19:05', 'hans', 'hans', '2023-05-03 22:20:52', NULL, 0, NULL, NULL, 0),
('1661389266114387969', '技术经理', NULL, 'ACTIVE', '2023-05-24 23:10:43', 'frog', 'frog', '2023-05-24 23:10:55', 'R010101', 0, '大青蛙', '大青蛙', 0),
('1676027928669855746', '测试角色', NULL, 'UNACTIVE', '2023-07-04 08:39:32', 'frog', 'frog', '2023-07-04 08:39:32', 'R010104', 0, '大青蛙', '大青蛙', 0),
('1681114171711741953', '库管', NULL, 'ACTIVE', '2023-07-18 09:30:27', 'frog', 'frog', '2023-05-03 06:13:52', 'R010104', 0, '大青蛙', '大青蛙', 1),
('1682030635526672386', '销售', NULL, 'ACTIVE', '2023-07-20 22:12:09', 'frog', 'frog', '2023-09-06 21:35:21', 'R010104', 0, '大青蛙', '大青蛙', 0),
('1682030661367779329', '客服', NULL, 'ACTIVE', '2023-07-20 22:12:15', 'frog', 'frog', '2023-07-20 22:12:20', 'R010104', 0, '大青蛙', '大青蛙', 0);

INSERT INTO `sys_role_resource` (`id`, `resource_id`, `role_id`, `resource_type`, `create_time`, `update_time`, `create_user`, `update_user`, `create_user_cn_name`, `update_user_cn_name`) VALUES
('1410123973827497986', 'logger', '1', 'MENU', '2021-06-30 14:32:09', '2021-06-30 14:32:09', 'SUPER', 'SUPER', NULL, NULL),
('1410123974221762562', 'group', '1', 'MENU', '2021-06-30 14:32:09', '2021-06-30 14:32:09', 'SUPER', 'SUPER', NULL, NULL),
('1410123974418894850', 'resource', '1', 'MENU', '2021-06-30 14:32:09', '2021-06-30 14:32:09', 'SUPER', 'SUPER', NULL, NULL),
('1410123974670553090', 'dictionary', '1', 'MENU', '2021-06-30 14:32:09', '2021-06-30 14:32:09', 'SUPER', 'SUPER', NULL, NULL),
('1410123974800576514', 'position', '1', 'MENU', '2021-06-30 14:32:09', '2021-06-30 14:32:09', 'SUPER', 'SUPER', NULL, NULL),
('1410123974955765761', 'role', '1', 'MENU', '2021-06-30 14:32:09', '2021-06-30 14:32:09', 'SUPER', 'SUPER', NULL, NULL),
('1410123975140315137', 'param', '1', 'MENU', '2021-06-30 14:32:09', '2021-06-30 14:32:09', 'SUPER', 'SUPER', NULL, NULL),
('1410123975454887937', 'user', '1', 'MENU', '2021-06-30 14:32:09', '2021-06-30 14:32:09', 'SUPER', 'SUPER', NULL, NULL),
('1410123975823986690', 'position:listActiveByGroup', '1', 'BUTTON', '2021-06-30 14:32:09', '2021-06-30 14:32:09', 'SUPER', 'SUPER', NULL, NULL),
('1410123975857541122', 'position:update', '1', 'BUTTON', '2021-06-30 14:32:09', '2021-06-30 14:32:09', 'SUPER', 'SUPER', NULL, NULL),
('1410123975987564545', 'group:addUsers', '1', 'BUTTON', '2021-06-30 14:32:09', '2021-06-30 14:32:09', 'SUPER', 'SUPER', NULL, NULL),
('1410123976054673410', 'role:saveMenuPerm', '1', 'BUTTON', '2021-06-30 14:32:09', '2021-06-30 14:32:09', 'SUPER', 'SUPER', NULL, NULL),
('1410123976054673411', 'role:saveButtonPerm', '1', 'BUTTON', '2021-06-30 14:32:09', '2021-06-30 14:32:09', 'SUPER', 'SUPER', NULL, NULL),
('1410123977237467138', 'dictChild:update', '1', 'BUTTON', '2021-06-30 14:32:10', '2021-06-30 14:32:10', 'SUPER', 'SUPER', NULL, NULL),
('1410123977262632961', 'position:listByGroup', '1', 'BUTTON', '2021-06-30 14:32:10', '2021-06-30 14:32:10', 'SUPER', 'SUPER', NULL, NULL),
('1410123977438793729', 'group:addCompany', '1', 'BUTTON', '2021-06-30 14:32:10', '2021-06-30 14:32:10', 'SUPER', 'SUPER', NULL, NULL),
('1410123977535262721', 'position:stop', '1', 'BUTTON', '2021-06-30 14:32:10', '2021-06-30 14:32:10', 'SUPER', 'SUPER', NULL, NULL),
('1410123977589788673', 'dictChild:save', '1', 'BUTTON', '2021-06-30 14:32:10', '2021-06-30 14:32:10', 'SUPER', 'SUPER', NULL, NULL),
('1410123977698840577', 'resource:listBPermResources', '1', 'BUTTON', '2021-06-30 14:32:10', '2021-06-30 14:32:10', 'SUPER', 'SUPER', NULL, NULL),
('1410123977728200706', 'group:update', '1', 'BUTTON', '2021-06-30 14:32:10', '2021-06-30 14:32:10', 'SUPER', 'SUPER', NULL, NULL),
('1410123977770143745', 'group:removeUsers', '1', 'BUTTON', '2021-06-30 14:32:10', '2021-06-30 14:32:10', 'SUPER', 'SUPER', NULL, NULL),
('1410123977845641217', 'role:get', '1', 'BUTTON', '2021-06-30 14:32:10', '2021-06-30 14:32:10', 'SUPER', 'SUPER', NULL, NULL),
('1410123977984053249', 'position:use', '1', 'BUTTON', '2021-06-30 14:32:10', '2021-06-30 14:32:10', 'SUPER', 'SUPER', NULL, NULL),
('1410123978109882370', 'param:update', '1', 'BUTTON', '2021-06-30 14:32:10', '2021-06-30 14:32:10', 'SUPER', 'SUPER', NULL, NULL),
('1410123978210545665', 'user:stop', '1', 'BUTTON', '2021-06-30 14:32:10', '2021-06-30 14:32:10', 'SUPER', 'SUPER', NULL, NULL),
('1410123978474786818', 'dictionary:use', '1', 'BUTTON', '2021-06-30 14:32:10', '2021-06-30 14:32:10', 'SUPER', 'SUPER', NULL, NULL),
('1410123978667724801', 'role:treeAllMenus', '1', 'BUTTON', '2021-06-30 14:32:10', '2021-06-30 14:32:10', 'SUPER', 'SUPER', NULL, NULL),
('1410123978801942529', 'user:unstop', '1', 'BUTTON', '2021-06-30 14:32:10', '2021-06-30 14:32:10', 'SUPER', 'SUPER', NULL, NULL),
('1410123978881634305', 'group:userDepartments', '1', 'BUTTON', '2021-06-30 14:32:10', '2021-06-30 14:32:10', 'SUPER', 'SUPER', NULL, NULL),
('1410123978940354561', 'dictionary:search', '1', 'BUTTON', '2021-06-30 14:32:10', '2021-06-30 14:32:10', 'SUPER', 'SUPER', NULL, NULL),
('1410123978990686210', 'position:get', '1', 'BUTTON', '2021-06-30 14:32:10', '2021-06-30 14:32:10', 'SUPER', 'SUPER', NULL, NULL),
('1410123979066183681', 'role:listByUser', '1', 'BUTTON', '2021-06-30 14:32:10', '2021-06-30 14:32:10', 'SUPER', 'SUPER', NULL, NULL),
('1410123979150069761', 'param:get', '1', 'BUTTON', '2021-06-30 14:32:10', '2021-06-30 14:32:10', 'SUPER', 'SUPER', NULL, NULL),
('1410123979171041282', 'user:listByTagAndKeyword', '1', 'BUTTON', '2021-06-30 14:32:10', '2021-06-30 14:32:10', 'SUPER', 'SUPER', NULL, NULL),
('1410123979305259009', 'role:use', '1', 'BUTTON', '2021-06-30 14:32:10', '2021-06-30 14:32:10', 'SUPER', 'SUPER', NULL, NULL),
('1410123979426893825', 'logger:search', '1', 'BUTTON', '2021-06-30 14:32:10', '2021-06-30 14:32:10', 'SUPER', 'SUPER', NULL, NULL),
('1410123979502391298', 'dictChild:delete', '1', 'BUTTON', '2021-06-30 14:32:10', '2021-06-30 14:32:10', 'SUPER', 'SUPER', NULL, NULL),
('1410123979577888769', 'dictChild:get', '1', 'BUTTON', '2021-06-30 14:32:10', '2021-06-30 14:32:10', 'SUPER', 'SUPER', NULL, NULL),
('1410123979896655874', 'position:save', '1', 'BUTTON', '2021-06-30 14:32:10', '2021-06-30 14:32:10', 'SUPER', 'SUPER', NULL, NULL),
('1410123979967959041', 'param:save', '1', 'BUTTON', '2021-06-30 14:32:10', '2021-06-30 14:32:10', 'SUPER', 'SUPER', NULL, NULL),
('1410123980018290690', 'dictChild:stop', '1', 'BUTTON', '2021-06-30 14:32:10', '2021-06-30 14:32:10', 'SUPER', 'SUPER', NULL, NULL),
('1410123980039262210', 'group:treeAllGroupsAndPositions', '1', 'BUTTON', '2021-06-30 14:32:10', '2021-06-30 14:32:10', 'SUPER', 'SUPER', NULL, NULL),
('1410123980064428034', 'dictionary:get', '1', 'BUTTON', '2021-06-30 14:32:10', '2021-06-30 14:32:10', 'SUPER', 'SUPER', NULL, NULL),
('1410123980139925506', 'role:update', '1', 'BUTTON', '2021-06-30 14:32:10', '2021-06-30 14:32:10', 'SUPER', 'SUPER', NULL, NULL),
('1410123980194451457', 'group:addDepartment', '1', 'BUTTON', '2021-06-30 14:32:10', '2021-06-30 14:32:10', 'SUPER', 'SUPER', NULL, NULL),
('1410123980219617282', 'group:searchUser', '1', 'BUTTON', '2021-06-30 14:32:10', '2021-06-30 14:32:10', 'SUPER', 'SUPER', NULL, NULL),
('1410123981041700866', 'dictionary:delete', '1', 'BUTTON', '2021-06-30 14:32:11', '2021-06-30 14:32:11', 'SUPER', 'SUPER', NULL, NULL),
('1410123981192695809', 'user:search', '1', 'BUTTON', '2021-06-30 14:32:11', '2021-06-30 14:32:11', 'SUPER', 'SUPER', NULL, NULL),
('1410123981545017346', 'user:listByUserNoStr', '1', 'BUTTON', '2021-06-30 14:32:11', '2021-06-30 14:32:11', 'SUPER', 'SUPER', NULL, NULL),
('1410123981603737602', 'group:treeAllGroupsAndUsers', '1', 'BUTTON', '2021-06-30 14:32:11', '2021-06-30 14:32:11', 'SUPER', 'SUPER', NULL, NULL),
('1410123981603737603', 'group:searchNotAssignUser', '1', 'BUTTON', '2021-06-30 14:32:11', '2021-06-30 14:32:11', 'SUPER', 'SUPER', NULL, NULL),
('1410123981603747603', 'group:treeAllGroups', '1', 'BUTTON', '2021-06-30 14:32:11', '2021-06-30 14:32:11', 'SUPER', 'SUPER', NULL, NULL),
('1410123981637292034', 'dictionary:stop', '1', 'BUTTON', '2021-06-30 14:32:11', '2021-06-30 14:32:11', 'SUPER', 'SUPER', NULL, NULL),
('1410123981716983809', 'user:reset', '1', 'BUTTON', '2021-06-30 14:32:11', '2021-06-30 14:32:11', 'SUPER', 'SUPER', NULL, NULL),
('1410123981880561666', 'role:listAll', '1', 'BUTTON', '2021-06-30 14:32:11', '2021-06-30 14:32:11', 'SUPER', 'SUPER', NULL, NULL),
('1410123981909921794', 'userRole:saveFromUser', '1', 'BUTTON', '2021-06-30 14:32:11', '2021-06-30 14:32:11', 'SUPER', 'SUPER', NULL, NULL),
('1410123981956059138', 'dictChild:search', '1', 'BUTTON', '2021-06-30 14:32:11', '2021-06-30 14:32:11', 'SUPER', 'SUPER', NULL, NULL),
('1410123982153191426', 'user:listByGroup', '1', 'BUTTON', '2021-06-30 14:32:11', '2021-06-30 14:32:11', 'SUPER', 'SUPER', NULL, NULL),
('1410123982270631937', 'role:listByPosition', '1', 'BUTTON', '2021-06-30 14:32:11', '2021-06-30 14:32:11', 'SUPER', 'SUPER', NULL, NULL),
('1410123982367100930', 'position:search', '1', 'BUTTON', '2021-06-30 14:32:11', '2021-06-30 14:32:11', 'SUPER', 'SUPER', NULL, NULL),
('1410123982518095874', 'param:search', '1', 'BUTTON', '2021-06-30 14:32:11', '2021-06-30 14:32:11', 'SUPER', 'SUPER', NULL, NULL),
('1410123982547456001', 'user:get', '1', 'BUTTON', '2021-06-30 14:32:11', '2021-06-30 14:32:11', 'SUPER', 'SUPER', NULL, NULL),
('1410123982748782594', 'resource:saveBusinessPerm', '1', 'BUTTON', '2021-06-30 14:32:11', '2021-06-30 14:32:11', 'SUPER', 'SUPER', NULL, NULL),
('1410123982786531329', 'param:delete', '1', 'BUTTON', '2021-06-30 14:32:11', '2021-06-30 14:32:11', 'SUPER', 'SUPER', NULL, NULL),
('1410123982924943361', 'role:listPermMenus', '1', 'BUTTON', '2021-06-30 14:32:11', '2021-06-30 14:32:11', 'SUPER', 'SUPER', NULL, NULL),
('1410123982924943362', 'role:listPermButtons', '1', 'BUTTON', '2021-06-30 14:32:11', '2021-06-30 14:32:11', 'SUPER', 'SUPER', NULL, NULL),
('1410123983281459202', 'dictionary:update', '1', 'BUTTON', '2021-06-30 14:32:11', '2021-06-30 14:32:11', 'SUPER', 'SUPER', NULL, NULL),
('1410123983394705410', 'user:delete', '1', 'BUTTON', '2021-06-30 14:32:11', '2021-06-30 14:32:11', 'SUPER', 'SUPER', NULL, NULL),
('1410123983520534529', 'dictChild:listByParentCode', '1', 'BUTTON', '2021-06-30 14:32:11', '2021-06-30 14:32:11', 'SUPER', 'SUPER', NULL, NULL),
('1410123983625392129', 'dictChild:use', '1', 'BUTTON', '2021-06-30 14:32:11', '2021-06-30 14:32:11', 'SUPER', 'SUPER', NULL, NULL),
('1410123983805747202', 'resource:listPermEntrustsByUser', '1', 'BUTTON', '2021-06-30 14:32:11', '2021-06-30 14:32:11', 'SUPER', 'SUPER', NULL, NULL),
('1410123983872856065', 'role:stop', '1', 'BUTTON', '2021-06-30 14:32:11', '2021-06-30 14:32:11', 'SUPER', 'SUPER', NULL, NULL),
('1410123984007073793', 'dictionary:save', '1', 'BUTTON', '2021-06-30 14:32:11', '2021-06-30 14:32:11', 'SUPER', 'SUPER', NULL, NULL),
('1410123984212594690', 'position:delete', '1', 'BUTTON', '2021-06-30 14:32:11', '2021-06-30 14:32:11', 'SUPER', 'SUPER', NULL, NULL),
('1410123984241954818', 'group:delete', '1', 'BUTTON', '2021-06-30 14:32:11', '2021-06-30 14:32:11', 'SUPER', 'SUPER', NULL, NULL),
('1410123984413921281', 'user:listGroupUsersByRole', '1', 'BUTTON', '2021-06-30 14:32:11', '2021-06-30 14:32:11', 'SUPER', 'SUPER', NULL, NULL),
('1410123985072427009', 'position:savePositionRole', '1', 'BUTTON', '2021-06-30 14:32:12', '2021-06-30 14:32:12', 'SUPER', 'SUPER', NULL, NULL),
('1410123985093398530', 'dictChild:listByParentCodes', '1', 'BUTTON', '2021-06-30 14:32:12', '2021-06-30 14:32:12', 'SUPER', 'SUPER', NULL, NULL),
('1410123985324085249', 'group:userDetail', '1', 'BUTTON', '2021-06-30 14:32:12', '2021-06-30 14:32:12', 'SUPER', 'SUPER', NULL, NULL),
('1410123985345056770', 'group:moveUsers', '1', 'BUTTON', '2021-06-30 14:32:12', '2021-06-30 14:32:12', 'SUPER', 'SUPER', NULL, NULL),
('1410123985366028290', 'role:search', '1', 'BUTTON', '2021-06-30 14:32:12', '2021-06-30 14:32:12', 'SUPER', 'SUPER', NULL, NULL),
('1410123985466691585', 'user:update', '1', 'BUTTON', '2021-06-30 14:32:12', '2021-06-30 14:32:12', 'SUPER', 'SUPER', NULL, NULL),
('1410123985517023233', 'user:updateSelfUser', '1', 'BUTTON', '2021-06-30 14:32:12', '2021-06-30 14:32:12', 'SUPER', 'SUPER', NULL, NULL),
('1410123985701572610', 'user:active', '1', 'BUTTON', '2021-06-30 14:32:12', '2021-06-30 14:32:12', 'SUPER', 'SUPER', NULL, NULL),
('1410123985777070082', 'position:listEntrusIdsByPosition', '1', 'BUTTON', '2021-06-30 14:32:12', '2021-06-30 14:32:12', 'SUPER', 'SUPER', NULL, NULL),
('1410123985793847297', 'user:listByRole', '1', 'BUTTON', '2021-06-30 14:32:12', '2021-06-30 14:32:12', 'SUPER', 'SUPER', NULL, NULL),
('1410123986154557441', 'role:delete', '1', 'BUTTON', '2021-06-30 14:32:12', '2021-06-30 14:32:12', 'SUPER', 'SUPER', NULL, NULL),
('1410123986188111874', 'group:assignPosition', '1', 'BUTTON', '2021-06-30 14:32:12', '2021-06-30 14:32:12', 'SUPER', 'SUPER', NULL, NULL),
('1410123986406215682', 'userRole:saveFromRole', '1', 'BUTTON', '2021-06-30 14:32:12', '2021-06-30 14:32:12', 'SUPER', 'SUPER', NULL, NULL),
('1410123986485907457', 'role:save', '1', 'BUTTON', '2021-06-30 14:32:12', '2021-06-30 14:32:12', 'SUPER', 'SUPER', NULL, NULL),
('1410123986527850497', 'user:save', '1', 'BUTTON', '2021-06-30 14:32:12', '2021-06-30 14:32:12', 'SUPER', 'SUPER', NULL, NULL),
('1410123986628513793', 'group:save', '1', 'BUTTON', '2021-06-30 14:32:12', '2021-06-30 14:32:12', 'SUPER', 'SUPER', NULL, NULL),
('1410484707971403778', 'role:listAllButtonsByMenu', '1', 'BUTTON', '2021-07-01 14:25:35', '2021-07-01 14:25:35', 'testAdmin', 'testAdmin', '测试管理员', '测试管理员'),
('1471785395705974785', 'uset', '1', 'MENU', '2021-12-17 18:12:37', '2021-12-17 18:12:37', 'ning', 'ning', '宁', '宁'),
('1471785414936858626', 'uset:delete', '1', 'BUTTON', '2021-12-17 18:12:42', '2021-12-17 18:12:42', 'ning', 'ning', '宁', '宁'),
('1471785414987190273', 'uset:stop', '1', 'BUTTON', '2021-12-17 18:12:42', '2021-12-17 18:12:42', 'ning', 'ning', '宁', '宁'),
('1471785415016550402', 'uset:update', '1', 'BUTTON', '2021-12-17 18:12:42', '2021-12-17 18:12:42', 'ning', 'ning', '宁', '宁'),
('1471785415050104833', 'uset:use', '1', 'BUTTON', '2021-12-17 18:12:42', '2021-12-17 18:12:42', 'ning', 'ning', '宁', '宁'),
('1471785415184322561', 'uset:save', '1', 'BUTTON', '2021-12-17 18:12:42', '2021-12-17 18:12:42', 'ning', 'ning', '宁', '宁'),
('1471785415276597249', 'userUset:saveFromUset', '1', 'BUTTON', '2021-12-17 18:12:42', '2021-12-17 18:12:42', 'ning', 'ning', '宁', '宁'),
('1471785415352094722', 'uset:get', '1', 'BUTTON', '2021-12-17 18:12:42', '2021-12-17 18:12:42', 'ning', 'ning', '宁', '宁'),
('1471785415456952321', 'uset:search', '1', 'BUTTON', '2021-12-17 18:12:42', '2021-12-17 18:12:42', 'ning', 'ning', '宁', '宁'),
('1502213915671048194', 'menu', '1', 'MENU', '2022-03-11 17:24:42', '2022-03-11 17:24:42', 'ning', 'ning', '宁', '宁'),
('1502213933006106625', 'menu:saveOrUpdateButton', '1', 'BUTTON', '2022-03-11 17:24:46', '2022-03-11 17:24:46', 'ning', 'ning', '宁', '宁'),
('1502213933027078145', 'menu:treeAllMenus', '1', 'BUTTON', '2022-03-11 17:24:46', '2022-03-11 17:24:46', 'ning', 'ning', '宁', '宁'),
('1502213933060632577', 'menu:deleteButton', '1', 'BUTTON', '2022-03-11 17:24:46', '2022-03-11 17:24:46', 'ning', 'ning', '宁', '宁'),
('1502213933094187010', 'menu:delete', '1', 'BUTTON', '2022-03-11 17:24:46', '2022-03-11 17:24:46', 'ning', 'ning', '宁', '宁'),
('1502213933115158529', 'menu:saveOrUpdate', '1', 'BUTTON', '2022-03-11 17:24:46', '2022-03-11 17:24:46', 'ning', 'ning', '宁', '宁'),
('1502213933152907266', 'menu:searchButtonsAndApiByMenu', '1', 'BUTTON', '2022-03-11 17:24:46', '2022-03-11 17:24:46', 'ning', 'ning', '宁', '宁'),
('1544130555110043649', 'uset:saveRoleFromUset', '1', 'BUTTON', '2022-07-05 09:26:28', '2022-07-05 09:26:28', 'hans', 'hans', '韩泽宁', '韩泽宁'),
('1582172225174278145', 'resource:listResourcesForBPermByUset', '1', 'BUTTON', '2022-10-18 08:50:28', '2022-10-18 08:50:28', 'ning', 'ning', '宁', '宁'),
('1582173446241030145', 'user:listGroupUsersByUset', '1', 'BUTTON', '2022-10-18 08:55:20', '2022-10-18 08:55:20', 'ning', 'ning', '宁', '宁'),
('1582173844343394305', 'userUset:listRolesByUset', '1', 'BUTTON', '2022-10-18 08:56:55', '2022-10-18 08:56:55', 'ning', 'ning', '宁', '宁'),
('1582178520275128322', 'resource:saveUsetBusinessPerm', '1', 'BUTTON', '2022-10-18 09:15:29', '2022-10-18 09:15:29', 'ning', 'ning', '宁', '宁'),
('1582178520304488449', 'resource:listPermEntrustsByUset', '1', 'BUTTON', '2022-10-18 09:15:29', '2022-10-18 09:15:29', 'ning', 'ning', '宁', '宁'),
('1649223986151976962', 'resource:fetchActionMapperByPerm', '1', 'BUTTON', '2023-04-21 09:30:14', '2023-04-21 09:30:14', 'robot', 'robot', '机器人', '机器人'),
('1649223986273611778', 'resource:fetchColumnByTable', '1', 'BUTTON', '2023-04-21 09:30:14', '2023-04-21 09:30:14', 'robot', 'robot', '机器人', '机器人'),
('1650425815546011650', 'resource:saveDataPerm', '1', 'BUTTON', '2023-04-24 17:05:53', '2023-04-24 17:05:53', 'robot', 'robot', '机器人', '机器人'),
('1650664203497029633', 'resource:listUserDataPerm', '1', 'BUTTON', '2023-04-25 08:53:09', '2023-04-25 08:53:09', 'robot', 'robot', '机器人', '机器人'),
('1651884105134321666', 'resource:listPermExceptEntrustsByUser', '1', 'BUTTON', '2023-04-28 17:40:36', '2023-04-28 17:40:36', 'robot', 'robot', '机器人', '机器人'),
('1651884105205624833', 'resource:listPermExceptEntrustsByUset', '1', 'BUTTON', '2023-04-28 17:40:36', '2023-04-28 17:40:36', 'robot', 'robot', '机器人', '机器人'),
('1654060825763143682', 'resource:saveUsetDataPerm', '1', 'BUTTON', '2023-05-04 17:50:06', '2023-05-04 17:50:06', 'robot', 'robot', '机器人', '机器人'),
('1654060825830252545', 'resource:listUsetDataPerm', '1', 'BUTTON', '2023-05-04 17:50:06', '2023-05-04 17:50:06', 'robot', 'robot', '机器人', '机器人'),
('1654765135480250370', 'pcolumn', '1', 'MENU', '2023-05-06 16:28:47', '2023-05-06 16:28:47', 'robot', 'robot', '机器人', '机器人'),
('1654765154631442434', 'pcolumn:fetchColumnByTableWithPerm', '1', 'BUTTON', '2023-05-06 16:28:52', '2023-05-06 16:28:52', 'robot', 'robot', '机器人', '机器人'),
('1654765154673385473', 'pcolumn:delete', '1', 'BUTTON', '2023-05-06 16:28:52', '2023-05-06 16:28:52', 'robot', 'robot', '机器人', '机器人'),
('1654765154698551298', 'pcolumn:fetchTables', '1', 'BUTTON', '2023-05-06 16:28:52', '2023-05-06 16:28:52', 'robot', 'robot', '机器人', '机器人'),
('1654765154723717121', 'pcolumn:listPermColumnsByTable', '1', 'BUTTON', '2023-05-06 16:28:52', '2023-05-06 16:28:52', 'robot', 'robot', '机器人', '机器人'),
('1654765154753077249', 'pcolumn:save', '1', 'BUTTON', '2023-05-06 16:28:52', '2023-05-06 16:28:52', 'robot', 'robot', '机器人', '机器人'),
('1655167834313252866', 'uset:treeAllUset', '1', 'BUTTON', '2023-05-07 19:08:58', '2023-05-07 19:08:58', 'robot', 'robot', '机器人', '机器人'),
('1655466059668406274', 'pcolumn:listPermColumnsByTables', '1', 'BUTTON', '2023-05-08 14:54:00', '2023-05-08 14:54:00', 'robot', 'robot', '机器人', '机器人'),
('1663470454628798466', 'hamc', '1', 'MENU', '2023-05-30 17:00:37', '2023-05-30 17:00:37', 'frog', 'frog', '大青蛙', '大青蛙'),
('1663470481946300417', 'hmac:save', '1', 'BUTTON', '2023-05-30 17:00:43', '2023-05-30 17:00:43', 'frog', 'frog', '大青蛙', '大青蛙'),
('1663470481975660545', 'hamc:search', '1', 'BUTTON', '2023-05-30 17:00:43', '2023-05-30 17:00:43', 'frog', 'frog', '大青蛙', '大青蛙'),
('1663470481996632066', 'hmac:get', '1', 'BUTTON', '2023-05-30 17:00:43', '2023-05-30 17:00:43', 'frog', 'frog', '大青蛙', '大青蛙'),
('1663470482009214977', 'hmac:update', '1', 'BUTTON', '2023-05-30 17:00:43', '2023-05-30 17:00:43', 'frog', 'frog', '大青蛙', '大青蛙'),
('1663470482030186498', 'hmac:refreshCache', '1', 'BUTTON', '2023-05-30 17:00:43', '2023-05-30 17:00:43', 'frog', 'frog', '大青蛙', '大青蛙'),
('1663470482038575105', 'hmac:delete', '1', 'BUTTON', '2023-05-30 17:00:43', '2023-05-30 17:00:43', 'frog', 'frog', '大青蛙', '大青蛙'),
('1663550976191406082', 'hmacLog', '1', 'MENU', '2023-05-30 22:20:35', '2023-05-30 22:20:35', 'frog', 'frog', '大青蛙', '大青蛙'),
('1663550990217158657', 'hmacLog:get', '1', 'BUTTON', '2023-05-30 22:20:38', '2023-05-30 22:20:38', 'frog', 'frog', '大青蛙', '大青蛙'),
('1663550990246518786', 'hmacLog:search', '1', 'BUTTON', '2023-05-30 22:20:38', '2023-05-30 22:20:38', 'frog', 'frog', '大青蛙', '大青蛙'),
('1663744977919811585', 'logger:get', '1', 'BUTTON', '2023-05-31 11:11:28', '2023-05-31 11:11:28', 'frog', 'frog', '大青蛙', '大青蛙'),
('1666360145929584642', 'item', '1', 'MENU', '2023-06-07 16:23:13', '2023-06-07 16:23:13', 'frog', 'frog', '大青蛙', '大青蛙'),
('1666360145958944769', 'provider', '1', 'MENU', '2023-06-07 16:23:13', '2023-06-07 16:23:13', 'frog', 'frog', '大青蛙', '大青蛙'),
('1666360146093162497', 'class', '1', 'MENU', '2023-06-07 16:23:13', '2023-06-07 16:23:13', 'frog', 'frog', '大青蛙', '大青蛙'),
('1666360159372328961', 'class:search', '1', 'BUTTON', '2023-06-07 16:23:16', '2023-06-07 16:23:16', 'frog', 'frog', '大青蛙', '大青蛙'),
('1666360159401689090', 'class:get', '1', 'BUTTON', '2023-06-07 16:23:16', '2023-06-07 16:23:16', 'frog', 'frog', '大青蛙', '大青蛙'),
('1666360159439437825', 'class:save', '1', 'BUTTON', '2023-06-07 16:23:16', '2023-06-07 16:23:16', 'frog', 'frog', '大青蛙', '大青蛙'),
('1666360159456215042', 'class:delete', '1', 'BUTTON', '2023-06-07 16:23:16', '2023-06-07 16:23:16', 'frog', 'frog', '大青蛙', '大青蛙'),
('1666360159468797953', 'class:update', '1', 'BUTTON', '2023-06-07 16:23:16', '2023-06-07 16:23:16', 'frog', 'frog', '大青蛙', '大青蛙'),
('1666360159481380866', 'class:listByKeyWord', '1', 'BUTTON', '2023-06-07 16:23:16', '2023-06-07 16:23:16', 'frog', 'frog', '大青蛙', '大青蛙'),
('1666360173565853697', 'item:save', '1', 'BUTTON', '2023-06-07 16:23:20', '2023-06-07 16:23:20', 'frog', 'frog', '大青蛙', '大青蛙'),
('1666360173599408130', 'item:delete', '1', 'BUTTON', '2023-06-07 16:23:20', '2023-06-07 16:23:20', 'frog', 'frog', '大青蛙', '大青蛙'),
('1666360173607796738', 'item:search', '1', 'BUTTON', '2023-06-07 16:23:20', '2023-06-07 16:23:20', 'frog', 'frog', '大青蛙', '大青蛙'),
('1666360173620379649', 'item:get', '1', 'BUTTON', '2023-06-07 16:23:20', '2023-06-07 16:23:20', 'frog', 'frog', '大青蛙', '大青蛙'),
('1666360173628768258', 'item:update', '1', 'BUTTON', '2023-06-07 16:23:20', '2023-06-07 16:23:20', 'frog', 'frog', '大青蛙', '大青蛙'),
('1666360189189636097', 'provider:delete', '1', 'BUTTON', '2023-06-07 16:23:23', '2023-06-07 16:23:23', 'frog', 'frog', '大青蛙', '大青蛙'),
('1666360189231579137', 'provider:update', '1', 'BUTTON', '2023-06-07 16:23:23', '2023-06-07 16:23:23', 'frog', 'frog', '大青蛙', '大青蛙'),
('1666360189252550657', 'provider:get', '1', 'BUTTON', '2023-06-07 16:23:23', '2023-06-07 16:23:23', 'frog', 'frog', '大青蛙', '大青蛙'),
('1666360189273522178', 'provider:listByKeyWord', '1', 'BUTTON', '2023-06-07 16:23:23', '2023-06-07 16:23:23', 'frog', 'frog', '大青蛙', '大青蛙'),
('1666360189294493697', 'provider:save', '1', 'BUTTON', '2023-06-07 16:23:23', '2023-06-07 16:23:23', 'frog', 'frog', '大青蛙', '大青蛙'),
('1666360189344825345', 'provider:search', '1', 'BUTTON', '2023-06-07 16:23:23', '2023-06-07 16:23:23', 'frog', 'frog', '大青蛙', '大青蛙'),
('1676040322146234369', 'resource:fetchColumnActionMapperByPerm', '1', 'BUTTON', '2023-07-04 09:28:47', '2023-07-04 09:28:47', 'frog', 'frog', '大青蛙', '大青蛙'),
('1676106032981487618', 'resource:saveUserColumnPerm', '1', 'BUTTON', '2023-07-04 13:49:53', '2023-07-04 13:49:53', 'frog', 'frog', '大青蛙', '大青蛙'),
('1676106033015042049', 'resource:listUsetColumnPerm', '1', 'BUTTON', '2023-07-04 13:49:53', '2023-07-04 13:49:53', 'frog', 'frog', '大青蛙', '大青蛙'),
('1676106033031819266', 'resource:listUserColumnPerm', '1', 'BUTTON', '2023-07-04 13:49:53', '2023-07-04 13:49:53', 'frog', 'frog', '大青蛙', '大青蛙'),
('1676106033052790785', 'resource:saveUsetColumnPerm', '1', 'BUTTON', '2023-07-04 13:49:53', '2023-07-04 13:49:53', 'frog', 'frog', '大青蛙', '大青蛙'),
('1679401143798607873', 'order:save', '1', 'BUTTON', '2023-07-13 16:03:29', '2023-07-13 16:03:29', 'frog', 'frog', '大青蛙', '大青蛙'),
('1679401143823773698', 'order:delete', '1', 'BUTTON', '2023-07-13 16:03:29', '2023-07-13 16:03:29', 'frog', 'frog', '大青蛙', '大青蛙'),
('1679401143836356609', 'order:get', '1', 'BUTTON', '2023-07-13 16:03:29', '2023-07-13 16:03:29', 'frog', 'frog', '大青蛙', '大青蛙'),
('1679401143848939522', 'order:update', '1', 'BUTTON', '2023-07-13 16:03:29', '2023-07-13 16:03:29', 'frog', 'frog', '大青蛙', '大青蛙'),
('1679401143861522434', 'order:search', '1', 'BUTTON', '2023-07-13 16:03:29', '2023-07-13 16:03:29', 'frog', 'frog', '大青蛙', '大青蛙'),
('1679401644690780161', 'order', '1', 'MENU', '2023-07-13 16:05:29', '2023-07-13 16:05:29', 'frog', 'frog', '大青蛙', '大青蛙'),
('1680579772413145089', 'user:getByCode', '1', 'BUTTON', '2023-07-16 22:06:56', '2023-07-16 22:06:56', 'frog', 'frog', '大青蛙', '大青蛙'),
('1680579805673975809', 'group:listUserGroupByUserNos', '1', 'BUTTON', '2023-07-16 22:07:04', '2023-07-16 22:07:04', 'frog', 'frog', '大青蛙', '大青蛙'),
('1680866000737697794', 'group:userDetail', '1661389266114387969', 'BUTTON', '2023-07-17 17:04:18', '2023-07-17 17:04:18', 'frog', 'frog', '大青蛙', '大青蛙'),
('1680866000771252226', 'group:moveUsers', '1661389266114387969', 'BUTTON', '2023-07-17 17:04:18', '2023-07-17 17:04:18', 'frog', 'frog', '大青蛙', '大青蛙'),
('1680866000783835138', 'group:delete', '1661389266114387969', 'BUTTON', '2023-07-17 17:04:18', '2023-07-17 17:04:18', 'frog', 'frog', '大青蛙', '大青蛙'),
('1680866000796418050', 'group:addCompany', '1661389266114387969', 'BUTTON', '2023-07-17 17:04:18', '2023-07-17 17:04:18', 'frog', 'frog', '大青蛙', '大青蛙'),
('1680866000809000962', 'group:addDepartment', '1661389266114387969', 'BUTTON', '2023-07-17 17:04:18', '2023-07-17 17:04:18', 'frog', 'frog', '大青蛙', '大青蛙'),
('1680866000825778178', 'group:searchUser', '1661389266114387969', 'BUTTON', '2023-07-17 17:04:18', '2023-07-17 17:04:18', 'frog', 'frog', '大青蛙', '大青蛙'),
('1680866000871915521', 'group:searchNotAssignUser', '1661389266114387969', 'BUTTON', '2023-07-17 17:04:18', '2023-07-17 17:04:18', 'frog', 'frog', '大青蛙', '大青蛙'),
('1680866000901275650', 'group:treeAllGroupsAndPositions', '1661389266114387969', 'BUTTON', '2023-07-17 17:04:18', '2023-07-17 17:04:18', 'frog', 'frog', '大青蛙', '大青蛙'),
('1680866000922247169', 'group:update', '1661389266114387969', 'BUTTON', '2023-07-17 17:04:18', '2023-07-17 17:04:18', 'frog', 'frog', '大青蛙', '大青蛙'),
('1680866000959995906', 'group:removeUsers', '1661389266114387969', 'BUTTON', '2023-07-17 17:04:18', '2023-07-17 17:04:18', 'frog', 'frog', '大青蛙', '大青蛙'),
('1680866000964190210', 'group:userDepartments', '1661389266114387969', 'BUTTON', '2023-07-17 17:04:18', '2023-07-17 17:04:18', 'frog', 'frog', '大青蛙', '大青蛙'),
('1680866000985161730', 'group:save', '1661389266114387969', 'BUTTON', '2023-07-17 17:04:18', '2023-07-17 17:04:18', 'frog', 'frog', '大青蛙', '大青蛙'),
('1680866290144673793', 'group', '1661389266114387969', 'MENU', '2023-07-17 17:05:27', '2023-07-17 17:05:27', 'frog', 'frog', '大青蛙', '大青蛙'),
('1680867025389383681', 'role:listByUser', '1661389266114387969', 'BUTTON', '2023-07-17 17:08:23', '2023-07-17 17:08:23', 'frog', 'frog', '大青蛙', '大青蛙'),
('1680867409197559809', 'role:listAll', '1661389266114387969', 'BUTTON', '2023-07-17 17:09:54', '2023-07-17 17:09:54', 'frog', 'frog', '大青蛙', '大青蛙'),
('1680941768493027329', 'role:get', '1661389266114387969', 'BUTTON', '2023-07-17 22:05:23', '2023-07-17 22:05:23', 'frog', 'frog', '大青蛙', '大青蛙'),
('1680941768530776065', 'role:update', '1661389266114387969', 'BUTTON', '2023-07-17 22:05:23', '2023-07-17 22:05:23', 'frog', 'frog', '大青蛙', '大青蛙'),
('1680941768564330497', 'role:search', '1661389266114387969', 'BUTTON', '2023-07-17 22:05:23', '2023-07-17 22:05:23', 'frog', 'frog', '大青蛙', '大青蛙'),
('1680941768576913409', 'role:listPermMenus', '1661389266114387969', 'BUTTON', '2023-07-17 22:05:23', '2023-07-17 22:05:23', 'frog', 'frog', '大青蛙', '大青蛙'),
('1680941768597884930', 'role:treeAllMenus', '1661389266114387969', 'BUTTON', '2023-07-17 22:05:23', '2023-07-17 22:05:23', 'frog', 'frog', '大青蛙', '大青蛙'),
('1680941768623050754', 'role:use', '1661389266114387969', 'BUTTON', '2023-07-17 22:05:23', '2023-07-17 22:05:23', 'frog', 'frog', '大青蛙', '大青蛙'),
('1680941768639827970', 'role:listPermButtons', '1661389266114387969', 'BUTTON', '2023-07-17 22:05:23', '2023-07-17 22:05:23', 'frog', 'frog', '大青蛙', '大青蛙'),
('1680941768648216577', 'role:delete', '1661389266114387969', 'BUTTON', '2023-07-17 22:05:23', '2023-07-17 22:05:23', 'frog', 'frog', '大青蛙', '大青蛙'),
('1680941768690159618', 'role:stop', '1661389266114387969', 'BUTTON', '2023-07-17 22:05:23', '2023-07-17 22:05:23', 'frog', 'frog', '大青蛙', '大青蛙'),
('1680941768727908354', 'role:save', '1661389266114387969', 'BUTTON', '2023-07-17 22:05:23', '2023-07-17 22:05:23', 'frog', 'frog', '大青蛙', '大青蛙'),
('1680941768736296961', 'role:saveButtonPerm', '1661389266114387969', 'BUTTON', '2023-07-17 22:05:23', '2023-07-17 22:05:23', 'frog', 'frog', '大青蛙', '大青蛙'),
('1680941768748879873', 'role:saveMenuPerm', '1661389266114387969', 'BUTTON', '2023-07-17 22:05:23', '2023-07-17 22:05:23', 'frog', 'frog', '大青蛙', '大青蛙'),
('1680941774964838401', 'role', '1661389266114387969', 'MENU', '2023-07-17 22:05:24', '2023-07-17 22:05:24', 'frog', 'frog', '大青蛙', '大青蛙'),
('1681114226149613570', 'item', '1681114171711741953', 'MENU', '2023-07-18 09:30:40', '2023-07-18 09:30:40', 'frog', 'frog', '大青蛙', '大青蛙'),
('1681114241408491522', 'item:save', '1681114171711741953', 'BUTTON', '2023-07-18 09:30:43', '2023-07-18 09:30:43', 'frog', 'frog', '大青蛙', '大青蛙'),
('1681114241437851649', 'item:delete', '1681114171711741953', 'BUTTON', '2023-07-18 09:30:43', '2023-07-18 09:30:43', 'frog', 'frog', '大青蛙', '大青蛙'),
('1681114241446240258', 'item:search', '1681114171711741953', 'BUTTON', '2023-07-18 09:30:43', '2023-07-18 09:30:43', 'frog', 'frog', '大青蛙', '大青蛙'),
('1681114241458823169', 'item:get', '1681114171711741953', 'BUTTON', '2023-07-18 09:30:43', '2023-07-18 09:30:43', 'frog', 'frog', '大青蛙', '大青蛙'),
('1681114241479794689', 'item:update', '1681114171711741953', 'BUTTON', '2023-07-18 09:30:43', '2023-07-18 09:30:43', 'frog', 'frog', '大青蛙', '大青蛙'),
('1681673523181211649', 'item:listByKeyWord', '1', 'BUTTON', '2023-07-19 22:33:07', '2023-07-19 22:33:07', 'frog', 'frog', '大青蛙', '大青蛙'),
('1682015676163973121', 'group:treeAllGroupsAndUsersByTag', '1', 'BUTTON', '2023-07-20 21:12:42', '2023-07-20 21:12:42', 'frog', 'frog', '大青蛙', '大青蛙'),
('1682030727981715458', 'order', '1682030661367779329', 'MENU', '2023-07-20 22:12:31', '2023-07-20 22:12:31', 'frog', 'frog', '大青蛙', '大青蛙'),
('1682030762312093697', 'order:save', '1682030661367779329', 'BUTTON', '2023-07-20 22:12:39', '2023-07-20 22:12:39', 'frog', 'frog', '大青蛙', '大青蛙'),
('1682030762337259521', 'order:delete', '1682030661367779329', 'BUTTON', '2023-07-20 22:12:39', '2023-07-20 22:12:39', 'frog', 'frog', '大青蛙', '大青蛙'),
('1682030762366619650', 'order:get', '1682030661367779329', 'BUTTON', '2023-07-20 22:12:39', '2023-07-20 22:12:39', 'frog', 'frog', '大青蛙', '大青蛙'),
('1682030762387591169', 'order:update', '1682030661367779329', 'BUTTON', '2023-07-20 22:12:39', '2023-07-20 22:12:39', 'frog', 'frog', '大青蛙', '大青蛙'),
('1682030762408562689', 'order:search', '1682030661367779329', 'BUTTON', '2023-07-20 22:12:39', '2023-07-20 22:12:39', 'frog', 'frog', '大青蛙', '大青蛙'),
('1682034605750009858', 'order', '1682030635526672386', 'MENU', '2023-07-20 22:27:55', '2023-07-20 22:27:55', 'frog', 'frog', '大青蛙', '大青蛙'),
('1682034655486066690', 'order:save', '1682030635526672386', 'BUTTON', '2023-07-20 22:28:07', '2023-07-20 22:28:07', 'frog', 'frog', '大青蛙', '大青蛙'),
('1682034655528009730', 'order:delete', '1682030635526672386', 'BUTTON', '2023-07-20 22:28:07', '2023-07-20 22:28:07', 'frog', 'frog', '大青蛙', '大青蛙'),
('1682034655565758466', 'order:get', '1682030635526672386', 'BUTTON', '2023-07-20 22:28:07', '2023-07-20 22:28:07', 'frog', 'frog', '大青蛙', '大青蛙'),
('1682034655586729985', 'order:update', '1682030635526672386', 'BUTTON', '2023-07-20 22:28:07', '2023-07-20 22:28:07', 'frog', 'frog', '大青蛙', '大青蛙'),
('1682034655603507202', 'order:search', '1682030635526672386', 'BUTTON', '2023-07-20 22:28:07', '2023-07-20 22:28:07', 'frog', 'frog', '大青蛙', '大青蛙'),
('1685241533720449026', 'group:treeAllGroupsAndUsersByTag', '1682030661367779329', 'BUTTON', '2023-07-29 18:51:07', '2023-07-29 18:51:07', 'frog', 'frog', '大青蛙', '大青蛙'),
('1685241620274106369', 'group:treeAllGroupsAndUsersByTag', '1682030635526672386', 'BUTTON', '2023-07-29 18:51:27', '2023-07-29 18:51:27', 'frog', 'frog', '大青蛙', '大青蛙'),
('1685242390641922049', 'item:listByKeyWord', '1682030635526672386', 'BUTTON', '2023-07-29 18:54:31', '2023-07-29 18:54:31', 'frog', 'frog', '大青蛙', '大青蛙'),
('1685242390767751170', 'item:get', '1682030635526672386', 'BUTTON', '2023-07-29 18:54:31', '2023-07-29 18:54:31', 'frog', 'frog', '大青蛙', '大青蛙'),
('1685242442496102402', 'item:listByKeyWord', '1682030661367779329', 'BUTTON', '2023-07-29 18:54:43', '2023-07-29 18:54:43', 'frog', 'frog', '大青蛙', '大青蛙'),
('1685242442529656833', 'item:get', '1682030661367779329', 'BUTTON', '2023-07-29 18:54:43', '2023-07-29 18:54:43', 'frog', 'frog', '大青蛙', '大青蛙'),
('1699315700067233793', 'role:refreshPrivileges', '1', 'BUTTON', '2023-09-06 14:56:49', '2023-09-06 14:56:49', 'frog', 'frog', '大青蛙', '大青蛙'),
('1701406012268875777', 'limit', '1', 'MENU', '2023-09-12 09:22:59', '2023-09-12 09:22:59', 'frog', 'frog', '大青蛙', '大青蛙'),
('1701406029964644353', 'limit:delete', '1', 'BUTTON', '2023-09-12 09:23:03', '2023-09-12 09:23:03', 'frog', 'frog', '大青蛙', '大青蛙'),
('1701406029977227266', 'limit:stop', '1', 'BUTTON', '2023-09-12 09:23:03', '2023-09-12 09:23:03', 'frog', 'frog', '大青蛙', '大青蛙'),
('1701406030002393090', 'limit:use', '1', 'BUTTON', '2023-09-12 09:23:03', '2023-09-12 09:23:03', 'frog', 'frog', '大青蛙', '大青蛙'),
('1701406030014976002', 'limit:search', '1', 'BUTTON', '2023-09-12 09:23:03', '2023-09-12 09:23:03', 'frog', 'frog', '大青蛙', '大青蛙'),
('1701406030027558913', 'limit:save', '1', 'BUTTON', '2023-09-12 09:23:03', '2023-09-12 09:23:03', 'frog', 'frog', '大青蛙', '大青蛙'),
('1701406030044336130', 'limit:refreshCache', '1', 'BUTTON', '2023-09-12 09:23:03', '2023-09-12 09:23:03', 'frog', 'frog', '大青蛙', '大青蛙'),
('1701406030052724737', 'limit:get', '1', 'BUTTON', '2023-09-12 09:23:03', '2023-09-12 09:23:03', 'frog', 'frog', '大青蛙', '大青蛙'),
('1701406030061113346', 'limit:update', '1', 'BUTTON', '2023-09-12 09:23:03', '2023-09-12 09:23:03', 'frog', 'frog', '大青蛙', '大青蛙'),
('1701513930421346306', 'menu:getButtonAndApiById', '1', 'BUTTON', '2023-09-12 16:31:48', '2023-09-12 16:31:48', 'frog', 'frog', '大青蛙', '大青蛙'),
('1701513930496843777', 'menu:listButtonByKeyWord', '1', 'BUTTON', '2023-09-12 16:31:48', '2023-09-12 16:31:48', 'frog', 'frog', '大青蛙', '大青蛙');

INSERT INTO `sys_user` (`id`, `user_no`, `user_sex`, `user_passwd`, `user_mobile`, `line_phone`, `user_real_en_name`, `user_real_cn_name`, `user_email`, `expire_time`, `create_time`, `create_user`, `update_user`, `update_time`, `secret_key`, `avatar`, `state`, `note`, `qq`, `weixin`, `user_tag`, `create_user_cn_name`, `update_user_cn_name`, `pin_yin`, `be_search`, `user_email_pwd`, `user_email_host`, `user_email_protocol`, `full_pin_yin`, `job_no`, `auth_pass`, `auth_pass_start`, `auth_pass_end`, `work_no`, `be_multi_login`, `expire_policy`, `be_lock`) VALUES
('1465159414765408258', 'frog', '男', '14e1b600b1fd579f47433b88e8d85291', '15765487650', NULL, 'frog', '大青蛙', '316279828@qq.com', NULL, '2021-11-29 11:23:20', 'frog', 'frog', '2024-04-10 16:22:58', 'MIIBIjANBgkqhkiG9w0BAQEFAAOCAQ8AMIIBCgKCAQEAiqv+RiQAPYGHI7otvRhsKS+vw6TkwsWghR1XfgtQa+6HPWW7lZg7+1kZOgrOIntJ6XY0fpbXoa7M6rly2lwkVReQ6D5oN1I/Emw/bQhrJqc0OjnT/qCJO3JCj1Ta1ypgNJ7oXdq7nsIxPHw32WQ/AS4z50xqpw0W8R8CJ9e4sgKn/UnZNE8icVS4nqAmLTcPOXf6OTHrp5x4E56rOuVr3ZO38exmM9ZDCU3LGEB9n6YuISKlsxj2l8XxF9TRVxu+olVzhrGcBNy+nWUZDKFcTrtrVqGBr//7Wd31JQMLr5kn9a3+fvVRYTXDKDMZXl2PL3y/U0HyXmd7qbRB1L/rNwIDAQAB', NULL, 'ACTIVE', NULL, '316279828', NULL, 'MANAGER', 'frog', '大青蛙', 'dqw', 1, NULL, NULL, NULL, 'daqingwa', NULL, NULL, NULL, NULL, NULL, 1, 'FIXED', 0),
('1661260873230254081', 'ximen', '男', '14e1b600b1fd579f47433b88e8d85291', '15865531234', NULL, NULL, '西门', '316279828@qq.com', NULL, '2023-05-24 14:40:32', 'frog', 'frog', '2023-05-03 07:20:44', 'MIIBIjANBgkqhkiG9w0BAQEFAAOCAQ8AMIIBCgKCAQEApXln9l0wooBbj5DABiDzp9EE0nPlcgrlY94j5YW1P91MYORLIWqQEQbC0NlXyRrC2GD0K/i6iD22T15/T427OHbuW8DznpS7E+r+qsRna9a1pE8bZUTD4vBVRHrQ5/Xh0lSUG1an4qTb2eO9xtyCUfBhd3Rk9OvTiBUEEl6SV6uDU4p+jDhEe3qpYpIiL2Gm03sQJqM8HcOk2frs3unEbs3Ka2Ts1o8imAEyYCScVB8Kz8HJ5nOgzMGsSB2IGC8FL5F8EmVX9aUid66JRDU+UWXPso2uXFYEWHzGJh3H2LPVQOVt8nbu70jfenicla3LxP7JeOtNBGEHbWhNiD5bAwIDAQAB', NULL, 'ACTIVE', NULL, NULL, NULL, NULL, '大青蛙', '大青蛙', 'xm', 1, NULL, NULL, NULL, NULL, NULL, NULL, NULL, NULL, NULL, NULL, 'FIXED', 1),
('1679415077138186242', 'wanglei', '男', '14e1b600b1fd579f47433b88e8d85291', '15166069593', NULL, NULL, '王雷', '31627928@qq.com', NULL, '2023-07-13 16:58:51', 'frog', 'frog', '2023-05-03 07:20:44', NULL, NULL, 'ACTIVE', NULL, NULL, NULL, 'SALLER', '大青蛙', '大青蛙', 'wl', 1, NULL, NULL, NULL, NULL, NULL, NULL, NULL, NULL, NULL, 0, 'FIXED', 1),
('1679415289932005377', 'wangyu', '女', '14e1b600b1fd579f47433b88e8d85291', '13666069493', NULL, NULL, '王雨', '31627928@qq.com', NULL, '2023-07-13 16:59:42', 'frog', 'frog', '2023-05-03 07:20:44', NULL, NULL, 'ACTIVE', NULL, NULL, NULL, 'SALLER', '大青蛙', '大青蛙', 'wy', 1, NULL, NULL, NULL, NULL, NULL, NULL, NULL, NULL, NULL, 0, 'FIXED', 1),
('1679415468991037442', 'wangfeng', '女', '14e1b600b1fd579f47433b88e8d85291', '13166069493', NULL, NULL, '王凤', '31627928@qq.com', NULL, '2023-07-13 17:00:24', 'frog', 'frog', '2023-05-03 07:20:44', NULL, NULL, 'ACTIVE', NULL, NULL, NULL, 'SALLER', '大青蛙', '大青蛙', 'wf', 1, NULL, NULL, NULL, NULL, NULL, NULL, NULL, NULL, NULL, 0, 'FIXED', 1),
('1679415700801830914', 'wangdian', '男', '14e1b600b1fd579f47433b88e8d85291', '13566069394', NULL, NULL, '王点', '31627928@qq.com', NULL, '2023-07-13 17:01:20', 'frog', 'frog', '2023-05-03 07:20:44', NULL, NULL, 'ACTIVE', NULL, NULL, NULL, 'SALLER', '大青蛙', '大青蛙', 'wd', 1, NULL, NULL, NULL, NULL, NULL, NULL, NULL, NULL, NULL, 0, 'FIXED', 1),
('1679415851368955905', 'wangxing', '保密', '14e1b600b1fd579f47433b88e8d85291', '13466069493', NULL, NULL, '王星', '31627928@qq.com', NULL, '2023-07-13 17:01:56', 'frog', 'frog', '2023-05-03 07:20:44', NULL, NULL, 'ACTIVE', NULL, NULL, NULL, 'SALLER', '大青蛙', '大青蛙', 'wx', 1, NULL, NULL, NULL, NULL, NULL, NULL, NULL, NULL, NULL, 0, 'FIXED', 1),
('1679416050334154754', 'wangchun', '男', '14e1b600b1fd579f47433b88e8d85291', '13766069192', NULL, NULL, '王春', '31627928@qq.com', NULL, '2023-07-13 17:02:43', 'frog', 'frog', '2023-05-03 07:20:44', NULL, NULL, 'ACTIVE', NULL, NULL, NULL, 'SALLER', '大青蛙', '大青蛙', 'wc', 1, NULL, NULL, NULL, NULL, NULL, NULL, NULL, NULL, NULL, 0, 'FIXED', 1),
('1679416241044963329', 'sunxia', '女', '14e1b600b1fd579f47433b88e8d85291', '13966069392', NULL, NULL, '孙霞', '31627928@qq.com', NULL, '2023-07-13 17:03:29', 'frog', 'frog', '2023-05-03 07:20:44', NULL, NULL, 'ACTIVE', NULL, NULL, NULL, 'SALLER', '大青蛙', '大青蛙', 'sx', 1, NULL, NULL, NULL, NULL, NULL, NULL, NULL, NULL, NULL, 0, 'FIXED', 1),
('1679416426139598850', 'liqiu', '男', '14e1b600b1fd579f47433b88e8d85291', '13266069596', NULL, NULL, '李秋', '31627928@qq.com', NULL, '2023-07-13 17:04:13', 'frog', 'frog', '2023-05-03 07:20:44', NULL, NULL, 'ACTIVE', NULL, NULL, NULL, 'SALLER', '大青蛙', '大青蛙', 'lq', 1, NULL, NULL, NULL, NULL, NULL, NULL, NULL, NULL, NULL, 0, 'FIXED', 1),
('1679417065427025921', 'wangxinghao', '男', '14e1b600b1fd579f47433b88e8d85291', '13366068382', NULL, NULL, '王星皓', '31627928@qq.com', NULL, '2023-07-13 17:06:45', 'frog', 'frog', '2023-05-03 07:20:44', NULL, NULL, 'ACTIVE', NULL, NULL, NULL, 'SALLER', '大青蛙', '大青蛙', 'wxh', 1, NULL, NULL, NULL, NULL, NULL, NULL, NULL, NULL, NULL, 0, 'FIXED', 1),
('1679455809830248449', 'zhaodong', '男', '14e1b600b1fd579f47433b88e8d85291', '13266065453', NULL, NULL, '赵东', '316279828@qq.com', NULL, '2023-07-13 19:40:42', 'frog', 'frog', '2023-05-03 07:20:44', NULL, NULL, 'ACTIVE', NULL, NULL, NULL, 'SALLER', '大青蛙', '大青蛙', 'zd', 1, NULL, NULL, NULL, NULL, NULL, NULL, NULL, NULL, NULL, 0, 'FIXED', 1),
('1679456122960207874', 'liri', '男', '14e1b600b1fd579f47433b88e8d85291', '13166068483', NULL, NULL, '吴日', '316279828@qq.com', NULL, '2023-07-13 19:41:57', 'frog', 'frog', '2023-05-03 07:20:44', NULL, NULL, 'ACTIVE', NULL, NULL, NULL, 'SALLER', '大青蛙', '大青蛙', 'wr', 1, NULL, NULL, NULL, NULL, NULL, NULL, NULL, NULL, NULL, 0, 'FIXED', 1),
('1679456291973881858', 'liuyue', '女', '14e1b600b1fd579f47433b88e8d85291', '13266067271', NULL, NULL, '刘月', '316279828@qq.com', NULL, '2023-07-13 19:42:37', 'frog', 'frog', '2023-05-03 07:20:44', NULL, NULL, 'ACTIVE', NULL, NULL, NULL, 'SALLER', '大青蛙', '大青蛙', 'ly', 1, NULL, NULL, NULL, NULL, NULL, NULL, NULL, NULL, NULL, 0, 'FIXED', 1),
('1679456829742374914', 'hankai', '男', '14e1b600b1fd579f47433b88e8d85291', '13865530102', NULL, NULL, '韩凯', '316279828@qq.com', NULL, '2023-07-13 19:44:46', 'frog', 'frog', '2023-07-29 18:54:55', 'MIIBIjANBgkqhkiG9w0BAQEFAAOCAQ8AMIIBCgKCAQEAquWUmQyGl90505VTG8F+UALhDWQxqbzmmrBV7xKslB4IMXxf7VvDyz/0TKhqSiH/mHdK6xNGZSnAwZAMArNYl+ENlsMG5m89gN31URRo5Gl4WFSjKMPnc4nWpiN8tDoQlQ0Bmp7FTvVO9oE4EIJ6qFLH2YwNlu+wLISsxrTdadRrA23Zcyo6dqi5qZgDn1rZeTYtPRjFqkz9N42yKN04odgaiDI5fsBYd8mZtJ5JHDsMr5fnbb8YwOYjtaA59Xj3iCeIi0XwJfOqvx1tsHkjThEfhouf6dvmwxdO34o5kgKriCNUQ5gJmwC3HQIu0XvBo5+ZdwqakePPUhvmmRVLiQIDAQAB', NULL, 'ACTIVE', NULL, NULL, NULL, 'SALLER', '大青蛙', '大青蛙', 'hk', 1, NULL, NULL, NULL, NULL, NULL, NULL, NULL, NULL, NULL, 0, 'FIXED', 1),
('1679458423720427521', 'xiaona', '女', '14e1b600b1fd579f47433b88e8d85291', '13688591234', NULL, NULL, '小娜', '316279828@qq.com', NULL, '2023-07-13 19:51:06', 'frog', 'frog', '2023-05-03 07:20:44', NULL, NULL, 'ACTIVE', NULL, NULL, NULL, 'SERVICE', '大青蛙', '大青蛙', 'xn', 1, NULL, NULL, NULL, NULL, NULL, NULL, NULL, NULL, NULL, 0, 'FIXED', 1),
('1679458549335638018', 'xiaoxin', '女', '14e1b600b1fd579f47433b88e8d85291', '13788593322', NULL, NULL, '小欣', '316279828@qq.com', NULL, '2023-07-13 19:51:36', 'frog', 'frog', '2023-05-03 07:20:44', NULL, NULL, 'ACTIVE', NULL, NULL, NULL, 'SERVICE', '大青蛙', '大青蛙', 'xx', 1, NULL, NULL, NULL, NULL, NULL, NULL, NULL, NULL, NULL, 0, 'FIXED', 1),
('1679458715845312514', 'xiaojie', '男', '14e1b600b1fd579f47433b88e8d85291', '13588594545', NULL, NULL, '小杰', '316279828@qq.com', NULL, '2023-07-13 19:52:15', 'frog', 'frog', '2023-05-03 07:20:44', NULL, NULL, 'ACTIVE', NULL, NULL, NULL, 'SERVICE', '大青蛙', '大青蛙', 'xj', 1, NULL, NULL, NULL, NULL, NULL, NULL, NULL, NULL, NULL, 0, 'FIXED', 1),
('1679458845948428289', 'xiaolei', '男', '14e1b600b1fd579f47433b88e8d85291', '13988594567', NULL, NULL, '小磊', '316279828@qq.com', NULL, '2023-07-13 19:52:46', 'frog', 'frog', '2023-05-03 07:20:44', NULL, NULL, 'ACTIVE', NULL, NULL, NULL, 'SERVICE', '大青蛙', '大青蛙', 'xl', 1, NULL, NULL, NULL, NULL, NULL, NULL, NULL, NULL, NULL, 0, 'FIXED', 1),
('1679458996876263425', 'xiaoru', '女', '14e1b600b1fd579f47433b88e8d85291', '13988597711', NULL, NULL, '小如', '316279828@qq.com', NULL, '2023-07-13 19:53:22', 'frog', 'frog', '2023-05-03 07:20:44', NULL, NULL, 'ACTIVE', NULL, NULL, NULL, 'SERVICE', '大青蛙', '大青蛙', 'xr', 1, NULL, NULL, NULL, NULL, NULL, NULL, NULL, NULL, NULL, 0, 'FIXED', 1),
('1679459176417640450', 'xiaocui', '女', '14e1b600b1fd579f47433b88e8d85291', '13688593300', NULL, NULL, '小翠', '316279828@qq.com', NULL, '2023-07-13 19:54:05', 'frog', 'frog', '2023-05-03 07:20:44', NULL, NULL, 'ACTIVE', NULL, NULL, NULL, 'SERVICE', '大青蛙', '大青蛙', 'xc', 1, NULL, NULL, NULL, NULL, NULL, NULL, NULL, NULL, NULL, 0, 'FIXED', 1),
('1679463655183532034', 'libaobao', '男', '14e1b600b1fd579f47433b88e8d85291', '13865539727', NULL, NULL, '李保保', '316279828@qq.com', NULL, '2023-07-13 20:11:53', 'frog', 'frog', '2023-05-03 07:20:44', NULL, NULL, 'ACTIVE', NULL, NULL, NULL, 'KEEPER', '大青蛙', '大青蛙', 'lbb', 1, NULL, NULL, NULL, NULL, NULL, NULL, NULL, NULL, NULL, 0, 'FIXED', 1),
('1679463897698189314', 'wutie', '男', '14e1b600b1fd579f47433b88e8d85291', '13765538711', NULL, NULL, '武铁', '316279828@qq.com', NULL, '2023-07-13 20:12:51', 'frog', 'frog', '2023-07-29 21:06:17', 'MIIBIjANBgkqhkiG9w0BAQEFAAOCAQ8AMIIBCgKCAQEAxdmTKvuL61bek92vOuvtgEeFvyB9p7Ggrp8vyEveTD9925OGlisk5qDr+yQpD2yp2o/QE8M9Fm6yAU2X/hSvemHPDE1obKBd78K+fkt4so74ARpKC2KKe6EUrldWJ8SNdi13ECzL/cp/uYhYq/63FaE0igA7URcBmXufnbPhuVDi3NPLRR1ExMszAIoZhHUFGJ3JZoB1PeF+gad9fVDc+zt/0j7O0NhP6QuXCvZY2YTBCw2wVwTJxNrlNM8NvYq31ILoEKppQvR0D7AzOCHbWSNWi6bbuYGL0G2ZJ7sxFUOiWH6AhtgboXvPYCrRknIJmvD0HRKLaAMoN0D20C9EkwIDAQAB', NULL, 'ACTIVE', NULL, NULL, NULL, 'KEEPER', '大青蛙', '大青蛙', 'wt', 1, NULL, NULL, NULL, NULL, NULL, NULL, NULL, NULL, NULL, 0, 'FIXED', 1),
('1699044053837950978', 'lilin', '男', NULL, '15166069594', NULL, NULL, '李林', 'hzn646426@163.com', NULL, '2023-09-05 20:57:24', 'frog', 'frog', '2023-09-05 20:57:24', NULL, NULL, 'UNACTIVE', NULL, NULL, NULL, 'SERVICE', '大青蛙', '大青蛙', 'll', 1, NULL, NULL, NULL, NULL, NULL, NULL, NULL, NULL, NULL, 0, 'FIXED', 0);

INSERT INTO `sys_user_group` (`id`, `user_id`, `group_id`, `create_time`, `create_user`, `update_user`, `update_time`, `create_user_cn_name`, `update_user_cn_name`, `org_id`) VALUES
('1592423156702314498', '1465159414765408258', 'R010104', '2022-11-15 15:44:01', 'ning', 'ning', '2023-04-24 12:32:40', '宁振阳', '宁振阳', NULL),
('1661383748041908225', '1661260873230254081', 'R010104', '2023-05-24 22:48:47', 'frog', 'frog', '2023-04-24 12:32:40', '大青蛙', '大青蛙', NULL),
('1679416615105576961', '1679415468991037442', 'R010201', '2023-07-13 17:04:58', 'frog', 'frog', '2023-07-13 17:04:58', '大青蛙', '大青蛙', NULL),
('1679416615122354177', '1679415077138186242', 'R010201', '2023-07-13 17:04:58', 'frog', 'frog', '2023-07-13 17:04:58', '大青蛙', '大青蛙', NULL),
('1679416651323392002', '1679415700801830914', 'R010202', '2023-07-13 17:05:06', 'frog', 'frog', '2023-07-13 17:05:06', '大青蛙', '大青蛙', NULL),
('1679416651361140738', '1679415289932005377', 'R010202', '2023-07-13 17:05:06', 'frog', 'frog', '2023-07-13 17:05:06', '大青蛙', '大青蛙', NULL),
('1679416683992825858', '1679415851368955905', 'R0102', '2023-07-13 17:05:14', 'frog', 'frog', '2023-07-13 17:05:14', '大青蛙', '大青蛙', NULL),
('1679417112650694657', '1679417065427025921', 'R0102', '2023-07-13 17:06:56', 'frog', 'frog', '2023-07-13 17:06:56', '大青蛙', '大青蛙', NULL),
('1679456642546393089', '1679416241044963329', 'R020101', '2023-07-13 19:44:01', 'frog', 'frog', '2023-07-13 19:44:01', '大青蛙', '大青蛙', NULL),
('1679456642567364610', '1679416050334154754', 'R020101', '2023-07-13 19:44:01', 'frog', 'frog', '2023-07-13 19:44:01', '大青蛙', '大青蛙', NULL),
('1679456642617696257', '1679416426139598850', 'R020101', '2023-07-13 19:44:01', 'frog', 'frog', '2023-07-13 19:44:01', '大青蛙', '大青蛙', NULL),
('1679456642638667778', '1679455809830248449', 'R020101', '2023-07-13 19:44:01', 'frog', 'frog', '2023-07-13 19:44:01', '大青蛙', '大青蛙', NULL),
('1679456666391011329', '1679456122960207874', 'R020102', '2023-07-13 19:44:07', 'frog', 'frog', '2023-07-13 19:44:07', '大青蛙', '大青蛙', NULL),
('1679456666411982850', '1679456291973881858', 'R020102', '2023-07-13 19:44:07', 'frog', 'frog', '2023-07-13 19:44:07', '大青蛙', '大青蛙', NULL),
('1679456876395618305', '1679456829742374914', 'R0201', '2023-07-13 19:44:57', 'frog', 'frog', '2023-07-13 19:44:57', '大青蛙', '大青蛙', NULL),
('1679459229953736705', '1679458715845312514', 'R0103', '2023-07-13 19:54:18', 'frog', 'frog', '2023-07-13 19:54:18', '大青蛙', '大青蛙', NULL),
('1679459229995679746', '1679458423720427521', 'R0103', '2023-07-13 19:54:18', 'frog', 'frog', '2023-07-13 19:54:18', '大青蛙', '大青蛙', NULL),
('1679459230012456962', '1679458549335638018', 'R0103', '2023-07-13 19:54:18', 'frog', 'frog', '2023-07-13 19:54:18', '大青蛙', '大青蛙', NULL),
('1679459256008753154', '1679458996876263425', 'R0202', '2023-07-13 19:54:24', 'frog', 'frog', '2023-07-13 19:54:24', '大青蛙', '大青蛙', NULL),
('1679459256021336066', '1679459176417640450', 'R0202', '2023-07-13 19:54:24', 'frog', 'frog', '2023-07-13 19:54:24', '大青蛙', '大青蛙', NULL),
('1679459256038113281', '1679458845948428289', 'R0202', '2023-07-13 19:54:24', 'frog', 'frog', '2023-07-13 19:54:24', '大青蛙', '大青蛙', NULL),
('1679464006712344577', '1679463897698189314', 'R0203', '2023-07-13 20:13:17', 'frog', 'frog', '2023-07-13 20:13:17', '大青蛙', '大青蛙', NULL),
('1679464048684744705', '1679463655183532034', 'R0104', '2023-07-13 20:13:27', 'frog', 'frog', '2023-07-13 20:13:27', '大青蛙', '大青蛙', NULL);

INSERT INTO `sys_user_log` (`id`, `exchange_url`, `exchange_method`, `exchange_param`, `exchange_name`, `exchange_time`, `exception_msg`, `state`, `ip_address`, `create_user_cn_name`, `update_user_cn_name`, `create_time`, `create_user`, `update_user`, `update_time`, `execute_method`, `execute_timer`, `execute_module_name`, `log_type_code`, `browser`, `os`, `response_data`, `system_tag`) VALUES
('1625788147010945025', '/api/finSettle', 'POST', '{\"settleMethod\":\"SETTLE_REMITTANCE\",\"currency\":\"RMB\",\"bankName\":\"中国光大银行\",\"bankAccount\":\"77100188000137079\",\"accountName\":\"光大银行青岛东海路支行\",\"settleType\":\"IN\",\"customerId\":\"1591998358048735233\",\"checkCustomer\":\"华盛橡胶\",\"customerBankName\":\"中国农业银行\",\"customerBankAccount\":\"15333401040004291\",\"serialNo\":\"090807\",\"bankTradeDate\":\"2023-02-14T09:23:48.651Z\",\"checkMoney\":2050,\"voucher\":{\"file\":{\"uid\":\"rc-upload-1676453017336-3\",\"lastModified\":1675649403585,\"lastModifiedDate\":\"2023-02-06T02:10:03.585Z\",\"name\":\"中行-78038103.pdf\",\"size\":118619,\"type\":\"application/pdf\",\"percent\":0,\"originFileObj\":{\"uid\":\"rc-upload-1676453017336-3\"},\"status\":\"uploading\"},\"fileList\":[{\"uid\":\"rc-upload-1676453017336-3\",\"lastModified\":1675649403585,\"lastModifiedDate\":\"2023-02-06T02:10:03.585Z\",\"name\":\"中行-78038103.pdf\",\"size\":118619,\"type\":\"application/pdf\",\"percent\":0,\"originFileObj\":{\"uid\":\"rc-upload-1676453017336-3\"},\"status\":\"uploading\"}]},\"voucherFileName\":\"中行-78038103.pdf\",\"voucherFileUrl\":\"group1/M00/00/37/wKgB9GPspMGEIqfJAAAAAIhvmpA460.pdf\",\"id\":\"\",\"lossMoney\":0}', '新增结算申请', '2023-02-15 17:24:34', NULL, 'SUCCESS', '192.168.1.1', '王超', '王超', '2023-02-15 17:24:35', 'QuinnWang', 'QuinnWang', '2023-02-15 17:24:35', 'FinSettleController.saveSettle', 0, 'buta-order', '新增', 'Chrome:109.0.0.0', 'Windows 10 or Windows Server 2016:Windows', '{\"code\":200,\"data\":[],\"pageNo\":1,\"totalPage\":0,\"pageSize\":10,\"message\":\"OK\",\"totalCount\":0}', 'businessR010401'),
('1625788596862631937', '/api/finReceiveSettle/updateByOrders', 'PUT', '{\"customerId\":\"1591998358048735233\",\"feeType\":\"IN\",\"invoiceNo\":\"95608225\",\"orderIds\":[\"1593128996775211009\"],\"id\":\"1625788146217713666\",\"exchangeRate\":1,\"currency\":\"RMB\"}', '结算添加提单', '2023-02-15 17:26:22', NULL, 'SUCCESS', '192.168.1.1', '王超', '王超', '2023-02-15 17:26:22', 'QuinnWang', 'QuinnWang', '2023-02-15 17:26:22', 'FinReceiveSettleController.updateByOrders', 0, 'buta-order', '更新', 'Chrome:109.0.0.0', 'Windows 10 or Windows Server 2016:Windows', '{\"code\":200,\"data\":[],\"pageNo\":1,\"totalPage\":0,\"pageSize\":10,\"message\":\"OK\",\"totalCount\":0}', 'businessR010401'),
('1625788617079177218', '/api/finReceiveSettle/verify', 'POST', '{\"id\":\"1625788146217713666\",\"lossMoney\":\"0.00\",\"oldMoney\":\"0.00\"}', '收费结算核销', '2023-02-15 17:26:26', NULL, 'SUCCESS', '192.168.1.1', '王超', '王超', '2023-02-15 17:26:27', 'QuinnWang', 'QuinnWang', '2023-02-15 17:26:27', 'FinReceiveSettleController.verify', 0, 'buta-order', '其他', 'Chrome:109.0.0.0', 'Windows 10 or Windows Server 2016:Windows', '{\"code\":200,\"data\":[],\"pageNo\":1,\"totalPage\":0,\"pageSize\":10,\"message\":\"OK\",\"totalCount\":0}', 'businessR010401'),
('1625789580066209794', '/api/finCheckoff/saveBySettles', 'POST', '{\"customerId\":\"1591998358048735233\",\"settleIds\":[\"1625788146217713666\"],\"checkoffDate\":\"2023-02-15T09:29:50.833Z\",\"details\":[]}', '结算单新增核销', '2023-02-15 17:30:16', NULL, 'SUCCESS', '192.168.1.1', '王超', '王超', '2023-02-15 17:30:16', 'QuinnWang', 'QuinnWang', '2023-02-15 17:30:16', 'FinCheckoffController.saveBySettles', 0, 'buta-order', '新增', 'Chrome:109.0.0.0', 'Windows 10 or Windows Server 2016:Windows', '{\"code\":200,\"data\":[{\"code\":\"CO230200004\",\"settleIds\":[\"1625788146217713666\"],\"customerId\":\"1591998358048735233\",\"details\":[],\"id\":\"1625789579096817665\",\"state\":\"UNLOCKED\",\"checkoffDate\":\"2023-02-15T17:29:50.833+0800\",\"customerName\":\"华盛橡胶\"}],\"message\":\"OK\"}', 'businessR010401'),
('1625789598034608129', '/api/finCheckoff', 'PUT', '{\"checkoffDate\":\"2023-02-14T16:00:00.000Z\",\"id\":\"1625789579096817665\",\"code\":\"CO230200004\",\"state\":\"UNLOCKED\",\"customerId\":\"1591998358048735233\",\"customerName\":\"华盛橡胶\",\"groupId\":\"R010401\",\"beVoucher\":false,\"createTime\":\"2023-02-15T17:30:16.000+0800\",\"createUser\":\"QuinnWang\",\"createUserCnName\":\"王超\",\"details\":[{\"id\":\"1625789579201675266\",\"checkoffId\":\"1625789579096817665\",\"settleId\":\"1625788146217713666\",\"settleCode\":\"FS230200327\",\"customerId\":\"1591998358048735233\",\"customerName\":\"华盛橡胶\",\"unInvoiceMoney\":0,\"serviceMoney\":0,\"otherMoney\":0,\"settleMoney\":2050,\"bankNo\":\"77100188000137079\",\"bankAccountName\":\"光大银行青岛东海路支行\",\"bankName\":\"中国光大银行\",\"feeType\":\"IN\",\"currency\":\"RMB\",\"groupId\":\"R010401\",\"createTime\":\"2023-02-15T17:30:16.000+0800\",\"createUserCnName\":\"王超\",\"settleMethod\":\"SETTLE_REMITTANCE\",\"verifyUserNo\":\"QuinnWang\",\"verifyUserName\":\"王超\",\"bankTradeDate\":\"2023-02-14T00:00:00.000+0800\",\"checkMoney\":2050,\"checkDate\":\"2023-02-15T00:00:00.000+0800\",\"verifyDate\":\"2023-02-15T00:00:00.000+0800\",\"checkUserName\":\"王超\",\"oldMoney\":0}]}', '更新核销', '2023-02-15 17:30:20', NULL, 'SUCCESS', '192.168.1.1', '王超', '王超', '2023-02-15 17:30:21', 'QuinnWang', 'QuinnWang', '2023-02-15 17:30:21', 'FinCheckoffController.updateCheckoff', 0, 'buta-order', '更新', 'Chrome:109.0.0.0', 'Windows 10 or Windows Server 2016:Windows', '{\"code\":200,\"data\":[{\"beVoucher\":false,\"code\":\"CO230200004\",\"createTime\":\"2023-02-15T17:30:16.000+0800\",\"groupId\":\"R010401\",\"customerId\":\"1591998358048735233\",\"createUser\":\"QuinnWang\",\"details\":[{\"unInvoiceMoney\":0,\"oldMoney\":0,\"checkMoney\":2050,\"settleId\":\"1625788146217713666\",\"groupId\":\"R010401\",\"bankName\":\"中国光大银行\",\"settleCode\":\"FS230200327\",\"checkoffId\":\"1625789579096817665\",\"customerId\":\"1591998358048735233\",\"bankNo\":\"77100188000137079\",\"settleMoney\":2050,\"checkUserName\":\"王超\",\"currency\":\"RMB\",\"id\":\"1625789579201675266\",\"settleMethod\":\"SETTLE_REMITTANCE\",\"createUserCnName\":\"王超\",\"bankAccountName\":\"光大银行青岛东海路支行\",\"verifyDate\":\"2023-02-15T00:00:00.000+0800\",\"verifyUserName\":\"王超\",\"feeType\":\"IN\",\"bankTradeDate\":\"2023-02-14T00:00:00.000+0800\",\"checkDate\":\"2023-02-15T00:00:00.000+0800\",\"customerName\":\"华盛橡胶\",\"otherMoney\":0,\"createTime\":\"2023-02-15T17:30:16.000+0800\",\"verifyUserNo\":\"QuinnWang\",\"serviceMoney\":0}],\"id\":\"1625789579096817665\",\"state\":\"UNLOCKED\",\"checkoffDate\":\"2023-02-15T00:00:00.000+0800\",\"customerName\":\"华盛橡胶\",\"createUserCnName\":\"王超\"}],\"message\":\"OK\"}', 'businessR010401'),
('1658802757939015681', '/api/oauth/token', 'POST', '{\"userName\":\"frog\",\"userPasswd\":\"123456\",\"remember\":false,\"systemTag\":\"admin\"}', '系统登录', '2023-05-17 19:52:50', '{\"path\":\"/api/oauth/token\",\"code\":998,\"message\":\"用户名或密码错误!\"}', 'FAILURE', NULL, 'frog', '', '2023-05-17 19:52:51', 'frog', 'frog', '2023-05-17 19:52:51', 'SystemController.login', 0, 'snapper-authority', '用户登录', 'CHROME11:113.0.0.0', 'Mac OS X:Computer', NULL, NULL),
('1658802793749983233', '/api/oauth/token', 'POST', '{\"userName\":\"frog\",\"userPasswd\":\"hanzening\",\"remember\":false,\"systemTag\":\"admin\"}', '系统登录', '2023-05-17 19:53:00', '{\"path\":\"/api/oauth/token\",\"code\":998,\"message\":\"用户名或密码错误!\"}', 'FAILURE', NULL, 'frog', '', '2023-05-17 19:53:00', 'frog', 'frog', '2023-05-17 19:53:00', 'SystemController.login', 0, 'snapper-authority', '用户登录', 'CHROME11:113.0.0.0', 'Mac OS X:Computer', NULL, NULL),
('1658802828160053250', '/api/oauth/token', 'POST', '{\"userName\":\"frog\",\"userPasswd\":\"123456\",\"remember\":false,\"systemTag\":\"admin\"}', '系统登录', '2023-05-17 19:53:08', '{\"path\":\"/api/oauth/token\",\"code\":998,\"message\":\"用户名或密码错误!\"}', 'FAILURE', NULL, 'frog', '', '2023-05-17 19:53:08', 'frog', 'frog', '2023-05-17 19:53:08', 'SystemController.login', 0, 'snapper-authority', '用户登录', 'CHROME11:113.0.0.0', 'Mac OS X:Computer', NULL, NULL),
('1658803777406545921', '/api/oauth/token', 'POST', '{\"userName\":\"frog\",\"userPasswd\":\"123456\",\"remember\":false,\"systemTag\":\"admin\"}', '系统登录', '2023-05-17 19:56:15', '{\"path\":\"/api/oauth/token\",\"code\":998,\"message\":\"用户名或密码错误!\"}', 'FAILURE', NULL, 'frog', '', '2023-05-17 19:56:54', 'frog', 'frog', '2023-05-17 19:56:54', 'SystemController.login', 38, 'snapper-authority', '用户登录', 'CHROME11:113.0.0.0', 'Mac OS X:Computer', NULL, NULL),
('1658805227570376705', '/api/oauth/token', 'POST', '{\"userName\":\"frog\",\"userPasswd\":\"e10adc3949ba59abbe56e057f20f883e\",\"remember\":false,\"systemTag\":\"admin\"}', '系统登录', '2023-05-17 20:02:37', NULL, 'SUCCESS', NULL, 'frog', '', '2023-05-17 20:02:40', 'frog', 'frog', '2023-05-17 20:02:40', 'SystemController.login', 2, 'snapper-authority', '用户登录', 'CHROME11:113.0.0.0', 'Mac OS X:Computer', '{\"path\":\"/api/oauth/token\",\"code\":200,\"data\":[{\"access_token\":\"eyJhbGciOiJSUzI1NiJ9.eyJKV1RfVVNFUl9OTyI6ImZyb2ciLCJpc3MiOiJCdXRhIiwiSldUX1NZU1RFTV9UQUciOiJhZG1pbiIsIkpXVF9VU0VSX0lEIjoiMTQ2NTE1OTQxNDc2NTQwODI1OCIsImV4cCI6MTY4NDM1Mzc1OSwiaWF0IjoxNjg0MzI0OTU5LCJqdGkiOiI4NDM1NzkyMjM3NzA2NjA4NjQifQ.IZVym7y6crOo1coQ8PwJ5vEtovBYQyjLM91quk-eQPdcHHVEX9EmXwC0Gue0PiYL8CTr5noDseVX0pAH9LqsRAkW2w1Rt4Y0PdtO6wAl9wTvMIgFvNsI6jAoCuZ7dYxkkErVz5fUgSGPKzxIXLwEYnDp-Gu-wWK45PLR8G0pqv4CGqYs71SufHmOfqOHz1mvxNEKELSE9Wm6Z', NULL),
('1658808043605110785', '/api/oauth/token', 'POST', '{\"userName\":\"frog\",\"userPasswd\":\"e10adc3949ba59abbe56e057f20f883e\",\"remember\":false,\"systemTag\":\"admin\"}', '系统登录', '2023-05-17 20:13:51', NULL, 'SUCCESS', NULL, 'frog', '', '2023-05-17 20:13:51', 'frog', 'frog', '2023-05-17 20:13:51', 'SystemController.login', 0, 'snapper-authority', '用户登录', 'CHROME11:113.0.0.0', 'Mac OS X:Computer', '{\"path\":\"/api/oauth/token\",\"code\":200,\"data\":[{\"access_token\":\"eyJhbGciOiJSUzI1NiJ9.eyJKV1RfVVNFUl9OTyI6ImZyb2ciLCJpc3MiOiJCdXRhIiwiSldUX1NZU1RFTV9UQUciOiJhZG1pbiIsIkpXVF9VU0VSX0lEIjoiMTQ2NTE1OTQxNDc2NTQwODI1OCIsImV4cCI6MTY4NDM1NDQzMSwiaWF0IjoxNjg0MzI1NjMxLCJqdGkiOiI4NDM1ODIwNDAyMDgwNDgxMjgifQ.Sbc1mWfSoPOtc57h64Ch4r8jZ19jlxvei1le4pnPlg17HQBiKHb5jGhw_V2TXjXMfa6VWze0e5ndUUOOmV63_i8Ic_3vtFywV9wjoscEc1xwNF-9Z5EQIdC22pRDibZL78vZqSR0CaMzLXZ54SkQfdCt1OWtLWJOJMqEU2hJAMZgdVhrCHzaT_eyKiqm-wvF4mUXV8itv4cDW', NULL),
('1658809950050496514', '/api/oauth/token', 'POST', '{\"userName\":\"frog\",\"userPasswd\":\"e10adc3949ba59abbe56e057f20f883e\",\"remember\":false,\"systemTag\":\"admin\"}', '系统登录', '2023-05-17 20:21:25', NULL, 'SUCCESS', NULL, 'frog', '', '2023-05-17 20:21:26', 'frog', 'frog', '2023-05-17 20:21:26', 'SystemController.login', 0, 'snapper-authority', '用户登录', 'CHROME11:113.0.0.0', 'Mac OS X:Computer', '{\"path\":\"/api/oauth/token\",\"code\":200,\"data\":[{\"access_token\":\"eyJhbGciOiJSUzI1NiJ9.eyJKV1RfVVNFUl9OTyI6ImZyb2ciLCJpc3MiOiJCdXRhIiwiSldUX1NZU1RFTV9UQUciOiJhZG1pbiIsIkpXVF9VU0VSX0lEIjoiMTQ2NTE1OTQxNDc2NTQwODI1OCIsImV4cCI6MTY4NDM1NDg4NSwiaWF0IjoxNjg0MzI2MDg1LCJqdGkiOiI4NDM1ODM5NDY2NDkyMzk1NTIifQ.icYJJad3r_biHH78VWIi0WH0M_nNLDsAZs1r_V8lt5bmTQmfT7nOtcMZviBaAfLxOVz5ar4WF_FmwHOWrkM2pnDy-efNV4LANodS6cNff9VSAMyBH20wYXW4iMOIfFc_LKTOA7eCWMwP99uziObhu7j1ZM9bP8p21vJKBnuisqZ9ie2DGplZt7C6p1JGz0fQqV9SgSrobwe7s', NULL),
('1658825915396022274', '/api/oauth/token', 'POST', '{\"userName\":\"frog\",\"userPasswd\":\"e10adc3949ba59abbe56e057f20f883e\",\"autoLogin\":true,\"type\":\"account\",\"systemTag\":\"admin\"}', '系统登录', '2023-05-17 21:24:50', NULL, 'SUCCESS', NULL, 'frog', '', '2023-05-17 21:24:52', 'frog', 'frog', '2023-05-17 21:24:52', 'SystemController.login', 2, 'snapper-authority', '用户登录', 'CHROME11:113.0.0.0', 'Mac OS X:Computer', '{\"path\":\"/api/oauth/token\",\"code\":200,\"data\":[{\"access_token\":\"eyJhbGciOiJSUzI1NiJ9.eyJKV1RfVVNFUl9OTyI6ImZyb2ciLCJpc3MiOiJCdXRhIiwiSldUX1NZU1RFTV9UQUciOiJhZG1pbiIsIkpXVF9VU0VSX0lEIjoiMTQ2NTE1OTQxNDc2NTQwODI1OCIsImV4cCI6MTY4NDM1ODY5MSwiaWF0IjoxNjg0MzI5ODkxLCJqdGkiOiI4NDM1OTk5MDk3MjU2NjczMjgifQ.A90UKQSQMoXfuwLP173nvqQiSfp5X68UjHxgWg9IgqNplpEAXzy5BYGEdFz1V2mJJD3mHQtjCDV0S5xZgVVhqhLQgxyuopDjFG49Kk8DP39g59VNTDBH4UKLBO8bt7hsY-hRm4frDvAob5J4ZI-AnO13kxAdmUAvR1F1aE40e2JDPpnByIW038su39JfoiKtOVOezVO7VmLAW', NULL),
('1659190382227218434', '/api/oauth/token', 'POST', '{\"userName\":\"frog\",\"userPasswd\":\"e10adc3949ba59abbe56e057f20f883e\",\"remember\":false,\"systemTag\":\"admin\"}', '系统登录', '2023-05-18 21:33:05', NULL, 'SUCCESS', NULL, 'frog', '', '2023-05-18 21:33:08', 'frog', 'frog', '2023-05-18 21:33:08', 'SystemController.login', 2, 'snapper-authority', '用户登录', 'CHROME11:113.0.0.0', 'Mac OS X:Computer', '{\"path\":\"/api/oauth/token\",\"code\":200,\"data\":[{\"access_token\":\"eyJhbGciOiJSUzI1NiJ9.eyJKV1RfVVNFUl9OTyI6ImZyb2ciLCJpc3MiOiJCdXRhIiwiSldUX1NZU1RFTV9UQUciOiJhZG1pbiIsIkpXVF9VU0VSX0lEIjoiMTQ2NTE1OTQxNDc2NTQwODI1OCIsImV4cCI6MTY4NDQ0NTU4NywiaWF0IjoxNjg0NDE2Nzg3LCJqdGkiOiI4NDM5NjQzNzc5OTk2MDU3NjAifQ.AeAXxdMKWW0f8LgZLIwImjr8yMv7ppDnMGXshMQ2LLwQ_n3G2keqLtZvKUJcB2XtbbXEg9g3c9bYVkqrkTqsis1dqlvv2t1YNOHH1-AcwBZRaxPFpqXgxH3SLCKXWJDvvanyVogSslWVEqVKOgtXpkYVfdF3U_jl8xZiuX0tlQ6LtpXI6Qz4VW32_Xz73fPFSVvCgyeOErqeQ', NULL),
('1660255559102013441', '/api/oauth/token', 'POST', '{\"userName\":\"frog\",\"userPasswd\":\"e10adc3949ba59abbe56e057f20f883e\",\"remember\":false,\"systemTag\":\"admin\"}', '系统登录', '2023-05-21 20:05:43', NULL, 'SUCCESS', NULL, 'frog', '', '2023-05-21 20:05:46', 'frog', 'frog', '2023-05-21 20:05:46', 'SystemController.login', 2, 'snapper-authority', '用户登录', 'CHROME11:113.0.0.0', 'Mac OS X:Computer', '{\"path\":\"/api/oauth/token\",\"code\":200,\"data\":[{\"access_token\":\"eyJhbGciOiJSUzI1NiJ9.eyJKV1RfVVNFUl9OTyI6ImZyb2ciLCJpc3MiOiJCdXRhIiwiSldUX1NZU1RFTV9UQUciOiJhZG1pbiIsIkpXVF9VU0VSX0lEIjoiMTQ2NTE1OTQxNDc2NTQwODI1OCIsImV4cCI6MTY4NDY5OTU0NSwiaWF0IjoxNjg0NjcwNzQ1LCJqdGkiOiI4NDUwMjk1NTQ5MDgwMzcxMjAifQ.AxySfnTEos6k0b3N05BVfYJEvGiESfUAywi5TmekQE0wh8rEFjKQk2cMjm4RPJYfwPPyfnvDElZRiSNJbD--KauXnRC7bqO3xFFys9x0vri_1ZPM9ZBZzACXD0UvPbCsZMycJpETPN34FjHKaVlZ3uxEaSwCZ2UiCmRpD5KjcwEikKDVjbIJcOuk8P4GiWxJLWF1tg8_ulf2q', NULL),
('1660639718643384322', '/api/oauth/token', 'POST', '{\"userName\":\"frog\",\"userPasswd\":\"e10adc3949ba59abbe56e057f20f883e\",\"remember\":false,\"systemTag\":\"admin\"}', '系统登录', '2023-05-22 21:32:14', NULL, 'SUCCESS', NULL, 'frog', '', '2023-05-22 21:32:17', 'frog', 'frog', '2023-05-22 21:32:17', 'SystemController.login', 2, 'snapper-authority', '用户登录', 'CHROME11:113.0.0.0', 'Mac OS X:Computer', '{\"path\":\"/api/oauth/token\",\"code\":200,\"data\":[{\"access_token\":\"eyJhbGciOiJSUzI1NiJ9.eyJKV1RfVVNFUl9OTyI6ImZyb2ciLCJpc3MiOiJCdXRhIiwiSldUX1NZU1RFTV9UQUciOiJhZG1pbiIsIkpXVF9VU0VSX0lEIjoiMTQ2NTE1OTQxNDc2NTQwODI1OCIsImV4cCI6MTY4NDc5MTEzNiwiaWF0IjoxNjg0NzYyMzM2LCJqdGkiOiI4NDU0MTM3MTQ0MzI2MjI1OTIifQ.fSf78u590IJqeuoGaEwXl5hkJ-fiV7QLub4bvxFdN4FfX2u52WeymT2domcENRzSZVV7PBcL99bWasuboMFClHrfjzcs7v-qALrUbz3S_fWXvRucoyH2G8fotvsSk7oLSPX4ki7Rf8NmeJOCLLXjEfqkrrznwWhTgkd4V_frmD7uv3tbPr3THgo1qXaufZ-eQchaJg_af52jS', NULL),
('1660803938439434241', '/api/oauth/token', 'POST', '{\"userName\":\"frog\",\"userPasswd\":\"e10adc3949ba59abbe56e057f20f883e\",\"remember\":false,\"systemTag\":\"admin\"}', '系统登录', '2023-05-23 08:24:47', NULL, 'SUCCESS', NULL, 'frog', '', '2023-05-23 08:24:50', 'frog', 'frog', '2023-05-23 08:24:50', 'SystemController.login', 2, 'snapper-authority', '用户登录', 'CHROME11:113.0.0.0', 'Mac OS X:Computer', '{\"path\":\"/api/oauth/token\",\"code\":200,\"data\":[{\"access_token\":\"eyJhbGciOiJSUzI1NiJ9.eyJKV1RfVVNFUl9OTyI6ImZyb2ciLCJpc3MiOiJCdXRhIiwiSldUX1NZU1RFTV9UQUciOiJhZG1pbiIsIkpXVF9VU0VSX0lEIjoiMTQ2NTE1OTQxNDc2NTQwODI1OCIsImV4cCI6MTY4NDgzMDI4OSwiaWF0IjoxNjg0ODAxNDg5LCJqdGkiOiI4NDU1Nzc5MzQyNjg3OTI4MzIifQ.U7HZz9PBZulhokm9xJM-5uU9TXwnzM19u3s9k2z_rRmi4kAyqBIE165IIKbMOELvv3u2vn40TKvB8XeEyBz4lTHtdq80bsMiFTMr2qXDPxmcJSfvdMfFtyeBWXF8X3AZmI0Eu8jx8r1cqJ3WCNEhZIKDz9rrnFRF8jzpQgjgJSiuTB3OgcTIZp4Leiaxz_InrAH3pK0_0xxWb', NULL),
('1660887459906760706', '/api/oauth/token', 'POST', '{\"userName\":\"frog\",\"userPasswd\":\"e10adc3949ba59abbe56e057f20f883e\",\"remember\":false,\"systemTag\":\"admin\"}', '系统登录', '2023-05-23 13:56:40', NULL, 'SUCCESS', NULL, 'frog', '', '2023-05-23 13:56:43', 'frog', 'frog', '2023-05-23 13:56:43', 'SystemController.login', 2, 'snapper-authority', '用户登录', 'CHROME11:113.0.0.0', 'Mac OS X:Computer', '{\"path\":\"/api/oauth/token\",\"code\":200,\"data\":[{\"access_token\":\"eyJhbGciOiJSUzI1NiJ9.eyJKV1RfVVNFUl9OTyI6ImZyb2ciLCJpc3MiOiJCdXRhIiwiSldUX1NZU1RFTV9UQUciOiJhZG1pbiIsIkpXVF9VU0VSX0lEIjoiMTQ2NTE1OTQxNDc2NTQwODI1OCIsImV4cCI6MTY4NDg1MDIwMiwiaWF0IjoxNjg0ODIxNDAyLCJqdGkiOiI4NDU2NjE0NTU2NDk4NjU3MjgifQ.s9xNL22NLkPFrQak-eYcFnULpSZHYYx3EfL7BOROco5NUuk96wC7bE10L_Bt6p_ACFlVD-6lZz2QmZfeuTbCmPIbJGOqK2GeFvk05-UmzRsrVgeTZiqG3J_Z7SgwxYwgNoTy10Jc60wAY0P6nY9IGeTt6TMTQMJKaN_-zuV4MFl_f_ib6TSIkvF6vb-tU0Qc1u98sg9OaWhWE', NULL),
('1661165234276028418', '/api/oauth/token', 'POST', '{\"userName\":\"frog\",\"userPasswd\":\"e10adc3949ba59abbe56e057f20f883e\",\"remember\":false,\"systemTag\":\"admin\"}', '系统登录', '2023-05-24 08:20:27', NULL, 'SUCCESS', NULL, 'frog', '', '2023-05-24 08:20:29', 'frog', 'frog', '2023-05-24 08:20:29', 'SystemController.login', 2, 'snapper-authority', '用户登录', 'CHROME11:113.0.0.0', 'Mac OS X:Computer', '{\"path\":\"/api/oauth/token\",\"code\":200,\"data\":[{\"access_token\":\"eyJhbGciOiJSUzI1NiJ9.eyJKV1RfVVNFUl9OTyI6ImZyb2ciLCJpc3MiOiJCdXRhIiwiSldUX1NZU1RFTV9UQUciOiJhZG1pbiIsIkpXVF9VU0VSX0lEIjoiMTQ2NTE1OTQxNDc2NTQwODI1OCIsImV4cCI6MTY4NDkxNjQyOSwiaWF0IjoxNjg0ODg3NjI5LCJqdGkiOiI4NDU5MzkyMzAwODAyMzc1NjgifQ.jtf3rW4ZUBwePjB2Autbq59DyymqUjFhOrlANQoGCO9GFW3YKzlUvQ3HzTYwdkSb5H2xRgbj72bgR-sXC5-Rd8Yk4AWdpOxi6L-6vDUERspnNNPS8sMTmeiDGkupBieUUB_L4Nygi2TKqvdT99HHTZN33FRQyPxqok6sQ2PXv78ka6cIFOB0KIBo60huYKsRVu843yBbTwiHV', NULL),
('1661165559611412482', '/api/group', 'PUT', '{\"id\":\"R01\",\"groupName\":\"青岛分公司\"}', '编辑组织', '2023-05-24 08:21:47', NULL, 'SUCCESS', NULL, '大青蛙', '大青蛙', '2023-05-24 08:21:47', 'frog', 'frog', '2023-05-24 08:21:47', 'GroupController.update', 0, 'snapper-authority', '更新', 'CHROME11:113.0.0.0', 'Mac OS X:Computer', '{\"path\":\"/api/group\",\"code\":200,\"data\":[],\"pageNo\":1,\"totalPage\":0,\"pageSize\":10,\"message\":\"OK\",\"totalCount\":0}', 'admin'),
('1661165636161654786', '/api/group', 'PUT', '{\"id\":\"R02\",\"groupName\":\"上海分公司\"}', '编辑组织', '2023-05-24 08:22:05', NULL, 'SUCCESS', NULL, '大青蛙', '大青蛙', '2023-05-24 08:22:05', 'frog', 'frog', '2023-05-24 08:22:05', 'GroupController.update', 0, 'snapper-authority', '更新', 'CHROME11:113.0.0.0', 'Mac OS X:Computer', '{\"path\":\"/api/group\",\"code\":200,\"data\":[],\"pageNo\":1,\"totalPage\":0,\"pageSize\":10,\"message\":\"OK\",\"totalCount\":0}', 'admin'),
('1661165663831478273', '/api/group', 'PUT', '{\"id\":\"R03\",\"groupName\":\"深圳分公司\"}', '编辑组织', '2023-05-24 08:22:12', NULL, 'SUCCESS', NULL, '大青蛙', '大青蛙', '2023-05-24 08:22:12', 'frog', 'frog', '2023-05-24 08:22:12', 'GroupController.update', 0, 'snapper-authority', '更新', 'CHROME11:113.0.0.0', 'Mac OS X:Computer', '{\"path\":\"/api/group\",\"code\":200,\"data\":[],\"pageNo\":1,\"totalPage\":0,\"pageSize\":10,\"message\":\"OK\",\"totalCount\":0}', 'admin'),
('1661165688229744641', '/api/group', 'PUT', '{\"id\":\"R04\",\"groupName\":\"成都分公司\"}', '编辑组织', '2023-05-24 08:22:18', NULL, 'SUCCESS', NULL, '大青蛙', '大青蛙', '2023-05-24 08:22:18', 'frog', 'frog', '2023-05-24 08:22:18', 'GroupController.update', 0, 'snapper-authority', '更新', 'CHROME11:113.0.0.0', 'Mac OS X:Computer', '{\"path\":\"/api/group\",\"code\":200,\"data\":[],\"pageNo\":1,\"totalPage\":0,\"pageSize\":10,\"message\":\"OK\",\"totalCount\":0}', 'admin'),
('1661165712166637570', '/api/group', 'PUT', '{\"id\":\"R05\",\"groupName\":\"长沙分公司\"}', '编辑组织', '2023-05-24 08:22:23', NULL, 'SUCCESS', NULL, '大青蛙', '大青蛙', '2023-05-24 08:22:23', 'frog', 'frog', '2023-05-24 08:22:23', 'GroupController.update', 0, 'snapper-authority', '更新', 'CHROME11:113.0.0.0', 'Mac OS X:Computer', '{\"path\":\"/api/group\",\"code\":200,\"data\":[],\"pageNo\":1,\"totalPage\":0,\"pageSize\":10,\"message\":\"OK\",\"totalCount\":0}', 'admin'),
('1661165732261548033', '/api/group', 'PUT', '{\"id\":\"R06\",\"groupName\":\"揭阳分公司\"}', '编辑组织', '2023-05-24 08:22:28', NULL, 'SUCCESS', NULL, '大青蛙', '大青蛙', '2023-05-24 08:22:28', 'frog', 'frog', '2023-05-24 08:22:28', 'GroupController.update', 0, 'snapper-authority', '更新', 'CHROME11:113.0.0.0', 'Mac OS X:Computer', '{\"path\":\"/api/group\",\"code\":200,\"data\":[],\"pageNo\":1,\"totalPage\":0,\"pageSize\":10,\"message\":\"OK\",\"totalCount\":0}', 'admin'),
('1661165761474875394', '/api/group', 'PUT', '{\"id\":\"R07\",\"groupName\":\"宁波分公司\"}', '编辑组织', '2023-05-24 08:22:35', NULL, 'SUCCESS', NULL, '大青蛙', '大青蛙', '2023-05-24 08:22:35', 'frog', 'frog', '2023-05-24 08:22:35', 'GroupController.update', 0, 'snapper-authority', '更新', 'CHROME11:113.0.0.0', 'Mac OS X:Computer', '{\"path\":\"/api/group\",\"code\":200,\"data\":[],\"pageNo\":1,\"totalPage\":0,\"pageSize\":10,\"message\":\"OK\",\"totalCount\":0}', 'admin'),
('1661165782668693505', '/api/group', 'PUT', '{\"id\":\"R08\",\"groupName\":\"苏州分公司\"}', '编辑组织', '2023-05-24 08:22:40', NULL, 'SUCCESS', NULL, '大青蛙', '大青蛙', '2023-05-24 08:22:40', 'frog', 'frog', '2023-05-24 08:22:40', 'GroupController.update', 0, 'snapper-authority', '更新', 'CHROME11:113.0.0.0', 'Mac OS X:Computer', '{\"path\":\"/api/group\",\"code\":200,\"data\":[],\"pageNo\":1,\"totalPage\":0,\"pageSize\":10,\"message\":\"OK\",\"totalCount\":0}', 'admin'),
('1661170483476844546', '/api/group/addDepartment', 'POST', '{\"id\":\"\",\"parentId\":\"R01\",\"parentName\":\"青岛分公司\",\"groupName\":\"业务部\"}', '添加子部门', '2023-05-24 08:41:21', NULL, 'SUCCESS', NULL, '大青蛙', '大青蛙', '2023-05-24 08:41:21', 'frog', 'frog', '2023-05-24 08:41:21', 'GroupController.addDepartment', 0, 'snapper-authority', '其他', 'CHROME11:113.0.0.0', 'Mac OS X:Computer', '{\"path\":\"/api/group/addDepartment\",\"code\":200,\"data\":[],\"pageNo\":1,\"totalPage\":0,\"pageSize\":10,\"message\":\"OK\",\"totalCount\":0}', 'admin'),
('1661170505543077889', '/api/group', 'DELETE', '[\"R0102\"]', '删除组织', '2023-05-24 08:41:26', '{\"path\":\"/api/group\",\"code\":10041,\"message\":\"缺少必需的请求参数:缺少必须的[String]类型的参数[gid]!\"}', 'FAILURE', NULL, '大青蛙', '大青蛙', '2023-05-24 08:41:26', 'frog', 'frog', '2023-05-24 08:41:26', 'GroupController.delete', 0, 'snapper-authority', '删除', 'CHROME11:113.0.0.0', 'Mac OS X:Computer', NULL, 'admin'),
('1661172480636637186', '/api/group', 'DELETE', '{}', '删除组织', '2023-05-24 08:49:17', NULL, 'SUCCESS', NULL, '大青蛙', '大青蛙', '2023-05-24 08:49:17', 'frog', 'frog', '2023-05-24 08:49:17', 'GroupController.delete', 0, 'snapper-authority', '删除', 'CHROME11:113.0.0.0', 'Mac OS X:Computer', '{\"path\":\"/api/group\",\"code\":200,\"data\":[],\"pageNo\":1,\"totalPage\":0,\"pageSize\":10,\"message\":\"OK\",\"totalCount\":0}', 'admin'),
('1661260685191217153', '/api/oauth/token', 'POST', '{\"userName\":\"frog\",\"userPasswd\":\"e10adc3949ba59abbe56e057f20f883e\",\"remember\":false,\"systemTag\":\"admin\"}', '系统登录', '2023-05-24 14:39:44', NULL, 'SUCCESS', NULL, 'frog', '', '2023-05-24 14:39:47', 'frog', 'frog', '2023-05-24 14:39:47', 'SystemController.login', 2, 'snapper-authority', '用户登录', 'CHROME11:113.0.0.0', 'Mac OS X:Computer', '{\"path\":\"/api/oauth/token\",\"code\":200,\"data\":[{\"access_token\":\"eyJhbGciOiJSUzI1NiJ9.eyJKV1RfVVNFUl9OTyI6ImZyb2ciLCJpc3MiOiJCdXRhIiwiSldUX1NZU1RFTV9UQUciOiJhZG1pbiIsIkpXVF9VU0VSX0lEIjoiMTQ2NTE1OTQxNDc2NTQwODI1OCIsImV4cCI6MTY4NDkzOTE4NiwiaWF0IjoxNjg0OTEwMzg2LCJqdGkiOiI4NDYwMzQ2ODA3NzQ5MTgxNDQifQ.UPUhnOJVN5LCs_xmu1vTZPi31csuQV3eAaysUR8qb4XKb_lvDuJKGsIon1nhcFEw_ifhRhpA5AptKtRb6B8nw7ouLB8SHhgUMYc_uTD7ojjevigMWaaJJOoWgJ7DWOOwlR-GqV8slQtk6cGGl09-CKdAzCtsLAOtvsEVaT_HR9Isbj-e_tdUsksWXOIRcfY-tcjGiF6qkdHZj', NULL),
('1661263621669584897', '/api/group/addUsers', 'POST', '{\"groupId\":\"R010101\",\"users\":[\"1661260873230254081\"]}', '添加成员', '2023-05-24 14:51:27', NULL, 'SUCCESS', NULL, '大青蛙', '大青蛙', '2023-05-24 14:51:27', 'frog', 'frog', '2023-05-24 14:51:27', 'GroupController.addUsers', 0, 'snapper-authority', '其他', 'CHROME11:113.0.0.0', 'Mac OS X:Computer', '{\"path\":\"/api/group/addUsers\",\"code\":200,\"data\":[],\"pageNo\":1,\"totalPage\":0,\"pageSize\":10,\"message\":\"OK\",\"totalCount\":0}', 'admin'),
('1661263650039857153', '/api/group/removeUsers', 'POST', '{\"groupId\":\"R010101\",\"users\":[\"1661260873230254081\"]}', '删除成员', '2023-05-24 14:51:33', NULL, 'SUCCESS', NULL, '大青蛙', '大青蛙', '2023-05-24 14:51:34', 'frog', 'frog', '2023-05-24 14:51:34', 'GroupController.removeUsers', 0, 'snapper-authority', '其他', 'CHROME11:113.0.0.0', 'Mac OS X:Computer', '{\"path\":\"/api/group/removeUsers\",\"code\":200,\"data\":[],\"pageNo\":1,\"totalPage\":0,\"pageSize\":10,\"message\":\"OK\",\"totalCount\":0}', 'admin'),
('1661308183599448066', '/api/oauth/token', 'POST', '{\"userName\":\"frog\",\"userPasswd\":\"e10adc3949ba59abbe56e057f20f883e\",\"remember\":false,\"systemTag\":\"admin\"}', '系统登录', '2023-05-24 17:48:30', NULL, 'SUCCESS', NULL, 'frog', '', '2023-05-24 17:48:31', 'frog', 'frog', '2023-05-24 17:48:31', 'SystemController.login', 0, 'snapper-authority', '用户登录', 'CHROME11:113.0.0.0', 'Mac OS X:Computer', '{\"path\":\"/api/oauth/token\",\"code\":200,\"data\":[{\"access_token\":\"eyJhbGciOiJSUzI1NiJ9.eyJKV1RfVVNFUl9OTyI6ImZyb2ciLCJpc3MiOiJCdXRhIiwiSldUX1NZU1RFTV9UQUciOiJhZG1pbiIsIkpXVF9VU0VSX0lEIjoiMTQ2NTE1OTQxNDc2NTQwODI1OCIsImV4cCI6MTY4NDk1MDUxMSwiaWF0IjoxNjg0OTIxNzExLCJqdGkiOiI4NDYwODIxODAwODQ5MjQ0MTYifQ.O0mYzqcekxEcDcrlBXBqk_mzsfFMKWKwtoo9Mdkg5zeEj0ngA-In6xKo73fC-ZEcs4TLog-XxhzbR5c-4mk05VpRupiUCRTQ4gvIBVaLs22pRyOHJt8267HqsMknVC56u_z6hbw9HPY5BkjuowgY5wN3qPZJi0UPfNgT6gtiIKQUdzTR_cnVOow-g-kCewJIHoJ9KwudUS79D', NULL),
('1661378169693085698', '/api/position', 'POST', '{\"postName\":\"技术经理\",\"permScope\":\"CURRENT_GROUP\",\"note\":\"这是技术经理\",\"entrusts\":[]}', '职位新增', '2023-05-24 22:26:37', '{\"path\":\"/api/position\",\"code\":10046,\"message\":\"统一验证参数异常:所在组织不能为空!\"}', 'FAILURE', NULL, '大青蛙', '大青蛙', '2023-05-24 22:26:37', 'frog', 'frog', '2023-05-24 22:26:37', 'PositionController.savePosition', 0, 'snapper-authority', '新增', 'CHROME11:113.0.0.0', 'Mac OS X:Computer', NULL, 'admin'),
('1661379247364972546', '/api/position', 'POST', '{\"postName\":\"技术经理\",\"permScope\":\"CURRENT_GROUP\",\"note\":\"这是技术经理职位\",\"entrusts\":[]}', '职位新增', '2023-05-24 22:30:54', '{\"path\":\"/api/position\",\"code\":10046,\"message\":\"统一验证参数异常:所在组织不能为空!\"}', 'FAILURE', NULL, '大青蛙', '大青蛙', '2023-05-24 22:30:54', 'frog', 'frog', '2023-05-24 22:30:54', 'PositionController.savePosition', 0, 'snapper-authority', '新增', 'CHROME11:113.0.0.0', 'Mac OS X:Computer', NULL, 'admin'),
('1661379593856425986', '/api/position', 'POST', '{\"postName\":\"技术经理\",\"permScope\":\"CURRENT_GROUP\",\"note\":\"这是技术经理\",\"entrusts\":[]}', '职位新增', '2023-05-24 22:32:17', '{\"path\":\"/api/position\",\"code\":10046,\"message\":\"统一验证参数异常:所在组织不能为空!\"}', 'FAILURE', NULL, '大青蛙', '大青蛙', '2023-05-24 22:32:17', 'frog', 'frog', '2023-05-24 22:32:17', 'PositionController.savePosition', 0, 'snapper-authority', '新增', 'CHROME11:113.0.0.0', 'Mac OS X:Computer', NULL, 'admin'),
('1661379672050835457', '/api/position', 'POST', '{\"postName\":\"技术经理\",\"permScope\":\"CURRENT_GROUP\",\"note\":\"这是技术经理\",\"entrusts\":[]}', '职位新增', '2023-05-24 22:32:35', '{\"path\":\"/api/position\",\"code\":10046,\"message\":\"统一验证参数异常:所在组织不能为空!\"}', 'FAILURE', NULL, '大青蛙', '大青蛙', '2023-05-24 22:32:35', 'frog', 'frog', '2023-05-24 22:32:35', 'PositionController.savePosition', 0, 'snapper-authority', '新增', 'CHROME11:113.0.0.0', 'Mac OS X:Computer', NULL, 'admin'),
('1661379717055717378', '/api/position', 'POST', '{\"postName\":\"技术经理\",\"permScope\":\"CURRENT_GROUP\",\"note\":\"这是技术经理\",\"entrusts\":[]}', '职位新增', '2023-05-24 22:32:46', '{\"path\":\"/api/position\",\"code\":10046,\"message\":\"统一验证参数异常:所在组织不能为空!\"}', 'FAILURE', NULL, '大青蛙', '大青蛙', '2023-05-24 22:32:46', 'frog', 'frog', '2023-05-24 22:32:46', 'PositionController.savePosition', 0, 'snapper-authority', '新增', 'CHROME11:113.0.0.0', 'Mac OS X:Computer', NULL, 'admin'),
('1661380488686018562', '/api/position', 'POST', '{\"orgId\":\"R010101\",\"postName\":\"技术经理\",\"permScope\":\"CURRENT_GROUP\",\"note\":\"这是技术经理\",\"entrusts\":[]}', '职位新增', '2023-05-24 22:35:50', NULL, 'SUCCESS', NULL, '大青蛙', '大青蛙', '2023-05-24 22:35:50', 'frog', 'frog', '2023-05-24 22:35:50', 'PositionController.savePosition', 0, 'snapper-authority', '新增', 'CHROME11:113.0.0.0', 'Mac OS X:Computer', '{\"path\":\"/api/position\",\"code\":200,\"data\":[],\"pageNo\":1,\"totalPage\":0,\"pageSize\":10,\"message\":\"OK\",\"totalCount\":0}', 'admin'),
('1661382127601917954', '/api/position/stop', 'POST', '[\"1661380487247372289\"]', '职位停用', '2023-05-24 22:42:21', NULL, 'SUCCESS', NULL, '大青蛙', '大青蛙', '2023-05-24 22:42:21', 'frog', 'frog', '2023-05-24 22:42:21', 'PositionController.stop', 0, 'snapper-authority', '其他', 'CHROME11:113.0.0.0', 'Mac OS X:Computer', '{\"path\":\"/api/position/stop\",\"code\":200,\"data\":[],\"pageNo\":1,\"totalPage\":0,\"pageSize\":10,\"message\":\"OK\",\"totalCount\":0}', 'admin'),
('1661382142592360450', '/api/position/use', 'POST', '[\"1661380487247372289\"]', '职位启用', '2023-05-24 22:42:24', NULL, 'SUCCESS', NULL, '大青蛙', '大青蛙', '2023-05-24 22:42:24', 'frog', 'frog', '2023-05-24 22:42:24', 'PositionController.use', 0, 'snapper-authority', '其他', 'CHROME11:113.0.0.0', 'Mac OS X:Computer', '{\"path\":\"/api/position/use\",\"code\":200,\"data\":[],\"pageNo\":1,\"totalPage\":0,\"pageSize\":10,\"message\":\"OK\",\"totalCount\":0}', 'admin'),
('1661383748167737346', '/api/group/addUsers', 'POST', '{\"groupId\":\"R010101\",\"users\":[\"1661260873230254081\"]}', '添加成员', '2023-05-24 22:48:47', NULL, 'SUCCESS', NULL, '大青蛙', '大青蛙', '2023-05-24 22:48:47', 'frog', 'frog', '2023-05-24 22:48:47', 'GroupController.addUsers', 0, 'snapper-authority', '其他', 'CHROME11:113.0.0.0', 'Mac OS X:Computer', '{\"path\":\"/api/group/addUsers\",\"code\":200,\"data\":[],\"pageNo\":1,\"totalPage\":0,\"pageSize\":10,\"message\":\"OK\",\"totalCount\":0}', 'admin'),
('1661385811605921793', '/api/position', 'POST', '{\"orgId\":\"R010101\",\"postName\":\"技术经理\",\"permScope\":\"CUSTOMER_SPECIFIED\",\"note\":\"这是技术经理\",\"entrusts\":[\"R010101\",null,null,\"R0101\",\"R01\"]}', '职位新增', '2023-05-24 22:56:59', '{\"path\":\"/api/position\",\"code\":10002,\"message\":\"空指针异常，无法进行后续操作！\"}', 'FAILURE', NULL, '大青蛙', '大青蛙', '2023-05-24 22:56:59', 'frog', 'frog', '2023-05-24 22:56:59', 'PositionController.savePosition', 0, 'snapper-authority', '新增', 'CHROME11:113.0.0.0', 'Mac OS X:Computer', NULL, 'admin'),
('1661386934827950082', '/api/position', 'POST', '{\"orgId\":\"R010101\",\"postName\":\"技术经理\",\"permScope\":\"CUSTOMER_SPECIFIED\",\"note\":\"这是技术经理\",\"entrusts\":[\"1661260873230254081\"]}', '职位新增', '2023-05-24 23:01:27', NULL, 'SUCCESS', NULL, '大青蛙', '大青蛙', '2023-05-24 23:01:27', 'frog', 'frog', '2023-05-24 23:01:27', 'PositionController.savePosition', 0, 'snapper-authority', '新增', 'CHROME11:113.0.0.0', 'Mac OS X:Computer', '{\"path\":\"/api/position\",\"code\":200,\"data\":[],\"pageNo\":1,\"totalPage\":0,\"pageSize\":10,\"message\":\"OK\",\"totalCount\":0}', 'admin'),
('1661636194376658945', '/api/oauth/token', 'POST', '{\"userName\":\"frog\",\"userPasswd\":\"e10adc3949ba59abbe56e057f20f883e\",\"remember\":false,\"systemTag\":\"admin\"}', '系统登录', '2023-05-25 15:31:53', NULL, 'SUCCESS', NULL, 'frog', '', '2023-05-25 15:31:55', 'frog', 'frog', '2023-05-25 15:31:55', 'SystemController.login', 2, 'snapper-authority', '用户登录', 'CHROME11:113.0.0.0', 'Mac OS X:Computer', '{\"path\":\"/api/oauth/token\",\"code\":200,\"data\":[{\"access_token\":\"eyJhbGciOiJSUzI1NiJ9.eyJKV1RfVVNFUl9OTyI6ImZyb2ciLCJpc3MiOiJCdXRhIiwiSldUX1NZU1RFTV9UQUciOiJhZG1pbiIsIkpXVF9VU0VSX0lEIjoiMTQ2NTE1OTQxNDc2NTQwODI1OCIsImV4cCI6MTY4NTAyODcxNCwiaWF0IjoxNjg0OTk5OTE0LCJqdGkiOiI4NDY0MTAxOTAxMDUzNDYwNDgifQ.P_qSh-SwNnf9xwSS5KEi27Zo5qpLMGm6CNrL-oCghKhJ3yBKAGzNqOPsR-OOYUPeeyQ9JxmFSqanC-ZKXqfzCKUksvyqPOMcmWpTLsGUiO0-rcQGsdEA18IFI0DgTymli34m5lS6YJx3dNz8ThfsjOTv3omt2OMavSm6NzhqB-yi8yBO5lhkerGCyNzyoVaW22wt4-QiK_TlO', NULL),
('1661730061690396673', '/api/oauth/token', 'POST', '{\"userName\":\"frog\",\"userPasswd\":\"e10adc3949ba59abbe56e057f20f883e\",\"remember\":false,\"systemTag\":\"admin\"}', '系统登录', '2023-05-25 21:44:53', NULL, 'SUCCESS', NULL, 'frog', '', '2023-05-25 21:44:55', 'frog', 'frog', '2023-05-25 21:44:55', 'SystemController.login', 1, 'snapper-authority', '用户登录', 'CHROME11:113.0.0.0', 'Mac OS X:Computer', '{\"path\":\"/api/oauth/token\",\"code\":200,\"data\":[{\"access_token\":\"eyJhbGciOiJSUzI1NiJ9.eyJKV1RfVVNFUl9OTyI6ImZyb2ciLCJpc3MiOiJCdXRhIiwiSldUX1NZU1RFTV9UQUciOiJhZG1pbiIsIkpXVF9VU0VSX0lEIjoiMTQ2NTE1OTQxNDc2NTQwODI1OCIsImV4cCI6MTY4NTA1MTA5NCwiaWF0IjoxNjg1MDIyMjk0LCJqdGkiOiI4NDY1MDQwNTc1MDQ3OTI1NzYifQ.eJRLBXL9RXAWqPLKW9euiW4OKQePmBMkYh1k-Q9tdTJkwp6_9x5vvD3tZ-BwmwU0RHD__gnpSi4-pCvLjhqs9RlxFQoWJ_qTtzr83JieX1hG9PlHO3Ov_lWRaDygq3cYaPASjub28Do2eXIHG01eqF8vKzGdngVSCko8bfb_ShmdHUciiT6ovaS8j7ksfXqLiiHKC-lEZbE_v', NULL),
('1661736814092038146', '/api/oauth/token', 'POST', '{\"userName\":\"frog\",\"userPasswd\":\"e10adc3949ba59abbe56e057f20f883e\",\"remember\":false,\"systemTag\":\"admin\"}', '系统登录', '2023-05-25 22:11:42', NULL, 'SUCCESS', NULL, 'frog', '', '2023-05-25 22:11:45', 'frog', 'frog', '2023-05-25 22:11:45', 'SystemController.login', 2, 'snapper-authority', '用户登录', 'CHROME11:113.0.0.0', 'Mac OS X:Computer', '{\"path\":\"/api/oauth/token\",\"code\":200,\"data\":[{\"access_token\":\"eyJhbGciOiJSUzI1NiJ9.eyJKV1RfVVNFUl9OTyI6ImZyb2ciLCJpc3MiOiJCdXRhIiwiSldUX1NZU1RFTV9UQUciOiJhZG1pbiIsIkpXVF9VU0VSX0lEIjoiMTQ2NTE1OTQxNDc2NTQwODI1OCIsImV4cCI6MTY4NTA1MjcwNCwiaWF0IjoxNjg1MDIzOTA0LCJqdGkiOiI4NDY1MTA4MTAwOTA5NjI5NDQifQ.R6hTy0PkFngGwb2or9d8_Z8AHG3FsEF3Zjzv_sZ_XhO3Q7xW2CbzritejVA3v9RK7TtLKNTvyDGmV-QQ6LXpt4Hin1y1ZWeJPzKyhPvCphM1QLpvEhM-m7jvhuYAHbYusToWn88t3BR_zCPs-Ru2Cf0_k-udfSqwHYY73uVkVTGUfkS4hCLiSwde7AfHR1YOsXGONiZ7DxAQj', NULL),
('1661890508955664385', '/api/oauth/token', 'POST', '{\"userName\":\"frog\",\"userPasswd\":\"e10adc3949ba59abbe56e057f20f883e\",\"remember\":false,\"systemTag\":\"admin\"}', '系统登录', '2023-05-26 08:22:25', NULL, 'SUCCESS', NULL, 'frog', '', '2023-05-26 08:22:28', 'frog', 'frog', '2023-05-26 08:22:28', 'SystemController.login', 3, 'snapper-authority', '用户登录', 'CHROME11:113.0.0.0', 'Mac OS X:Computer', '{\"path\":\"/api/oauth/token\",\"code\":200,\"data\":[{\"access_token\":\"eyJhbGciOiJSUzI1NiJ9.eyJKV1RfVVNFUl9OTyI6ImZyb2ciLCJpc3MiOiJCdXRhIiwiSldUX1NZU1RFTV9UQUciOiJhZG1pbiIsIkpXVF9VU0VSX0lEIjoiMTQ2NTE1OTQxNDc2NTQwODI1OCIsImV4cCI6MTY4NTA4OTM0OCwiaWF0IjoxNjg1MDYwNTQ4LCJqdGkiOiI4NDY2NjQ1MDQ5MjEwMzA2NTYifQ.AfbH5A7dlqEhVHR83rotlt34Bt-zRo0er8t2hIcfQ8mWHKc5RBZM0J8XuFehNjRT4_PwnLZXLplZFIh0tBW--3UmeGiLa0ud_oAePpv7rW4S_2n6XpPER8dJlBp4ii_U9L3ULU489Z4S8GuL2PLNoIWZt5H88TKO6dtvHEYeZH_VGVr6g9e0usd0qh_gxPcKzjvsgMb4h6Bse', NULL),
('1661929133550403585', '/api/oauth/token', 'POST', '{\"userName\":\"frog\",\"userPasswd\":\"e10adc3949ba59abbe56e057f20f883e\",\"remember\":false,\"systemTag\":\"admin\"}', '系统登录', '2023-05-26 10:55:54', NULL, 'SUCCESS', NULL, 'frog', '', '2023-05-26 10:55:57', 'frog', 'frog', '2023-05-26 10:55:57', 'SystemController.login', 2, 'snapper-authority', '用户登录', 'CHROME11:113.0.0.0', 'Mac OS X:Computer', '{\"path\":\"/api/oauth/token\",\"code\":200,\"data\":[{\"access_token\":\"eyJhbGciOiJSUzI1NiJ9.eyJKV1RfVVNFUl9OTyI6ImZyb2ciLCJpc3MiOiJCdXRhIiwiSldUX1NZU1RFTV9UQUciOiJhZG1pbiIsIkpXVF9VU0VSX0lEIjoiMTQ2NTE1OTQxNDc2NTQwODI1OCIsImV4cCI6MTY4NTA5ODU1NiwiaWF0IjoxNjg1MDY5NzU2LCJqdGkiOiI4NDY3MDMxMjczNTE1MjUzNzYifQ.hy5uiAiQlBYessZkVqXVIX67XUAU8eFVTnkZxwZmUb2ykB6s2iA2UP-lh4e_hsL0mO2ycLCQHHIKowmxTrgncJp0tn8yvFYqkosFQ_6sYWN4Ib-bKRBhCvIAnM_6nmPjY_lMkcGmmWoel4irrHgEhBg1i1w-15vp5o6kbEDCkkzchObAbAj2ur5QqohmkYkmOLkm0QyogQ5pl', NULL),
('1662055726071480321', '/api/oauth/token', 'POST', '{\"userName\":\"frog\",\"userPasswd\":\"e10adc3949ba59abbe56e057f20f883e\",\"remember\":false,\"systemTag\":\"admin\"}', '系统登录', '2023-05-26 19:18:56', NULL, 'SUCCESS', NULL, 'frog', '', '2023-05-26 19:18:59', 'frog', 'frog', '2023-05-26 19:18:59', 'SystemController.login', 3, 'snapper-authority', '用户登录', 'CHROME11:113.0.0.0', 'Mac OS X:Computer', '{\"path\":\"/api/oauth/token\",\"code\":200,\"data\":[{\"access_token\":\"eyJhbGciOiJSUzI1NiJ9.eyJKV1RfVVNFUl9OTyI6ImZyb2ciLCJpc3MiOiJCdXRhIiwiSldUX1NZU1RFTV9UQUciOiJhZG1pbiIsIkpXVF9VU0VSX0lEIjoiMTQ2NTE1OTQxNDc2NTQwODI1OCIsImV4cCI6MTY4NTEyODczOSwiaWF0IjoxNjg1MDk5OTM5LCJqdGkiOiI4NDY4Mjk3MjE4NDgxMTkyOTYifQ.OtjvqOSSdjjqfM7siegdirnJ3fpNKLNXTFC0CwAUjYFxdnDue9JXSdODwV13lpQb2x9Owlzr6BrxOg8pFfSBhrEjMMF5QsckOfvUL6eynYOr8tB9kS2OgbcPtjcBuryZvhiQduWIfMTVc9nS1M5-wFOl6WsiBjo6Fi1qpHC-oYo75eDH3PmJbqDaJOauR5vy6QrE87GRR4BXk', NULL),
('1662406840731848705', '/api/oauth/token', 'POST', '{\"userName\":\"frog\",\"userPasswd\":\"e10adc3949ba59abbe56e057f20f883e\",\"remember\":false,\"systemTag\":\"admin\"}', '系统登录', '2023-05-27 18:34:09', NULL, 'SUCCESS', NULL, 'frog', '', '2023-05-27 18:34:11', 'frog', 'frog', '2023-05-27 18:34:11', 'SystemController.login', 2, 'snapper-authority', '用户登录', 'CHROME11:113.0.0.0', 'Mac OS X:Computer', '{\"path\":\"/api/oauth/token\",\"code\":200,\"data\":[{\"access_token\":\"eyJhbGciOiJSUzI1NiJ9.eyJKV1RfVVNFUl9OTyI6ImZyb2ciLCJpc3MiOiJCdXRhIiwiSldUX1NZU1RFTV9UQUciOiJhZG1pbiIsIkpXVF9VU0VSX0lEIjoiMTQ2NTE1OTQxNDc2NTQwODI1OCIsImV4cCI6MTY4NTIxMjQ1MSwiaWF0IjoxNjg1MTgzNjUxLCJqdGkiOiI4NDcxODA4MzY1NDg2NDA3NjgifQ.GGxb67x48dhtKp0CdZ-lYIKBc3YMQKJZ53M4bPsFB-rPlLGzA_5f-jA1313DrOr_BAXwPojUVDsHIhPPzK-Mh-v0z4AijqyE7w0-iNhXpnAd-Nb9DnLv59YO-nklscGGa0bExSXa18teQGrmTbjm6z-gZhXdWUJnbneoHmKfSwi2YKojxaREFu7Q9uGtjgYMvAP7-NvBpXs-F', NULL),
('1662463406780772354', '/api/oauth/token', 'POST', '{\"userName\":\"frog\",\"userPasswd\":\"e10adc3949ba59abbe56e057f20f883e\",\"remember\":false,\"systemTag\":\"admin\"}', '系统登录', '2023-05-27 22:18:55', NULL, 'SUCCESS', NULL, 'frog', '', '2023-05-27 22:18:58', 'frog', 'frog', '2023-05-27 22:18:58', 'SystemController.login', 2, 'snapper-authority', '用户登录', 'CHROME11:113.0.0.0', 'Mac OS X:Computer', '{\"path\":\"/api/oauth/token\",\"code\":200,\"data\":[{\"access_token\":\"eyJhbGciOiJSUzI1NiJ9.eyJKV1RfVVNFUl9OTyI6ImZyb2ciLCJpc3MiOiJCdXRhIiwiSldUX1NZU1RFTV9UQUciOiJhZG1pbiIsIkpXVF9VU0VSX0lEIjoiMTQ2NTE1OTQxNDc2NTQwODI1OCIsImV4cCI6MTY4NTIyNTkzNywiaWF0IjoxNjg1MTk3MTM3LCJqdGkiOiI4NDcyMzc0MDEzMDE0ODM1MjAifQ.Q-cRv-mIbWBXtiVHOWYeVfnLkvyUQgrypwdbDe7qeG00yh_mzs8goSB_Mn2w76aJJd2aXnwLpZ4e2uhNLDTFEY1gZ6uAXeb7SsHSGgMDwa4HJsiRay4_JGkK8_cusNeRt0yEf8pPQhbdvIDFI5MzSozpfV3Im67JdPnCp8VuVB21Eq96QFLUX32z75NVlNI2FmLFNZo8HrGKX', NULL),
('1663008953541668865', '/api/oauth/token', 'POST', '{\"userName\":\"frog\",\"userPasswd\":\"e10adc3949ba59abbe56e057f20f883e\",\"remember\":false,\"systemTag\":\"admin\"}', '系统登录', '2023-05-29 10:26:44', NULL, 'SUCCESS', NULL, 'frog', '', '2023-05-29 10:26:46', 'frog', 'frog', '2023-05-29 10:26:46', 'SystemController.login', 2, 'snapper-authority', '用户登录', 'CHROME11:113.0.0.0', 'Mac OS X:Computer', '{\"path\":\"/api/oauth/token\",\"code\":200,\"data\":[{\"access_token\":\"eyJhbGciOiJSUzI1NiJ9.eyJKV1RfVVNFUl9OTyI6ImZyb2ciLCJpc3MiOiJCdXRhIiwiSldUX1NZU1RFTV9UQUciOiJhZG1pbiIsIkpXVF9VU0VSX0lEIjoiMTQ2NTE1OTQxNDc2NTQwODI1OCIsImV4cCI6MTY4NTM1NjAwNiwiaWF0IjoxNjg1MzI3MjA2LCJqdGkiOiI4NDc3ODI5NDkzMzUwNzI3NjgifQ.aaSBqZpTNXI9YOCnt7TZLVq8GPGJerzw5RapT2sjjAuLWpYQZmRPWFwtdOq5f_fEBvM-gpMgXLkCR5dRVzY-5LA8eHQFUH8OQ35fwefXN9zIeLHTZGBeC59hkQSyBXxKjjcyOHtBTTkJhez_VgQiJuLiWg1SJXGDAfouYJIT-vM-vjqEncOoKEeAmxjWgbnvQvsFsVyX2VK5n', NULL),
('1663016385227599874', '/api/oauth/token', 'POST', '{\"userName\":\"frog\",\"userPasswd\":\"fcea920f7412b5da7be0cf42b8c93759\",\"remember\":false,\"systemTag\":\"admin\"}', '系统登录', '2023-05-29 10:56:18', '{\"path\":\"/api/oauth/token\",\"code\":998,\"message\":\"用户名或密码错误!\"}', 'FAILURE', NULL, 'frog', '', '2023-05-29 10:56:18', 'frog', 'frog', '2023-05-29 10:56:18', 'SystemController.login', 0, 'snapper-authority', '用户登录', 'CHROME11:113.0.0.0', 'Mac OS X:Computer', NULL, NULL),
('1663016405725163521', '/api/oauth/token', 'POST', '{\"userName\":\"frog\",\"userPasswd\":\"e10adc3949ba59abbe56e057f20f883e\",\"remember\":false,\"systemTag\":\"admin\"}', '系统登录', '2023-05-29 10:56:22', NULL, 'SUCCESS', NULL, 'frog', '', '2023-05-29 10:56:23', 'frog', 'frog', '2023-05-29 10:56:23', 'SystemController.login', 0, 'snapper-authority', '用户登录', 'CHROME11:113.0.0.0', 'Mac OS X:Computer', '{\"path\":\"/api/oauth/token\",\"code\":200,\"data\":[{\"access_token\":\"eyJhbGciOiJSUzI1NiJ9.eyJKV1RfVVNFUl9OTyI6ImZyb2ciLCJpc3MiOiJCdXRhIiwiSldUX1NZU1RFTV9UQUciOiJhZG1pbiIsIkpXVF9VU0VSX0lEIjoiMTQ2NTE1OTQxNDc2NTQwODI1OCIsImV4cCI6MTY4NTM1Nzc4MywiaWF0IjoxNjg1MzI4OTgzLCJqdGkiOiI4NDc3OTA0MDIyOTQ1MTM2NjQifQ.UqowYKBCuKcoHeQGhZECSb1jLUq-F5Rw-CmEXOUdYQXpSGJ0Gav6YePP01z7K4BYndEsQYhP-iWzALkyB6kU2KakqMYmr2oS4TwCG-RqcA-PUFu3A4QvAKnnF4nPxWWKCO3o_z5RX-0CSlG-ukLQh6BlE5mjgD84CRg0fISK4n55PXKNV7QVcJfTucPoyvTy1yzdBmus805WD', NULL),
('1663464993611436034', '/api/oauth/token', 'POST', '{\"userName\":\"frog\",\"userPasswd\":\"e10adc3949ba59abbe56e057f20f883e\",\"remember\":false,\"systemTag\":\"admin\"}', '系统登录', '2023-05-30 16:38:52', NULL, 'SUCCESS', NULL, 'frog', '', '2023-05-30 16:38:55', 'frog', 'frog', '2023-05-30 16:38:55', 'SystemController.login', 2, 'snapper-authority', '用户登录', 'CHROME11:113.0.0.0', 'Mac OS X:Computer', '{\"path\":\"/api/oauth/token\",\"code\":200,\"data\":[{\"access_token\":\"eyJhbGciOiJSUzI1NiJ9.eyJKV1RfVVNFUl9OTyI6ImZyb2ciLCJpc3MiOiJCdXRhIiwiSldUX1NZU1RFTV9UQUciOiJhZG1pbiIsIkpXVF9VU0VSX0lEIjoiMTQ2NTE1OTQxNDc2NTQwODI1OCIsImV4cCI6MTY4NTQ2NDczNCwiaWF0IjoxNjg1NDM1OTM0LCJqdGkiOiI4NDgyMzg5ODkyNjg3NDYyNDAifQ.YS0a2d4qs9gMJy98vsj4PN-tEJPshOSP52alnZsCqEe-trtZu4_boWdhSgkj61UArtcqAXkPDdZ7TOUemX8MYtsE-ed_0dVZacKdTF_FFKnB2gcDI16DzcZaDu-7RneK37fvslIzFbrtE3irkLE0GEqBagsNk2mw8eQIExhqlgWfb8nG4j9byi9ASzXD2XDvLlOkq8f4ZQXlN', NULL),
('1663470546073014273', '/api/oauth/token', 'POST', '{\"userName\":\"frog\",\"userPasswd\":\"e10adc3949ba59abbe56e057f20f883e\",\"remember\":false,\"systemTag\":\"admin\"}', '系统登录', '2023-05-30 17:00:57', NULL, 'SUCCESS', NULL, 'frog', '', '2023-05-30 17:00:59', 'frog', 'frog', '2023-05-30 17:00:59', 'SystemController.login', 1, 'snapper-authority', '用户登录', 'CHROME11:113.0.0.0', 'Mac OS X:Computer', '{\"path\":\"/api/oauth/token\",\"code\":200,\"data\":[{\"access_token\":\"eyJhbGciOiJSUzI1NiJ9.eyJKV1RfVVNFUl9OTyI6ImZyb2ciLCJpc3MiOiJCdXRhIiwiSldUX1NZU1RFTV9UQUciOiJhZG1pbiIsIkpXVF9VU0VSX0lEIjoiMTQ2NTE1OTQxNDc2NTQwODI1OCIsImV4cCI6MTY4NTQ2NjA1OCwiaWF0IjoxNjg1NDM3MjU4LCJqdGkiOiI4NDgyNDQ1NDI1NDgyMTM3NjAifQ.P-uSPiRO5LwcAMi6rfjExMVmPMVzgj4JTBbmitYYrfzKt5B10YsRwdsyt6gMonTLuv0MY1em1lw8V08WetBmVdRa3HJ6mVzNeE9Pu2QPNut6iHVlY-c3za7uQbM_0BumbQDD_M3_Nx7pfaPMia8Asv_AHgLOlfC7fpZPKhIcbRKY0d_tSLfeF0wISIhSFo71rZMJ-rq0uhz5a', NULL),
('1663487843986604033', '/api/oauth/token', 'POST', '{\"userName\":\"frog\",\"userPasswd\":\"e10adc3949ba59abbe56e057f20f883e\",\"remember\":false,\"systemTag\":\"admin\"}', '系统登录', '2023-05-30 18:09:39', NULL, 'SUCCESS', NULL, 'frog', '', '2023-05-30 18:09:43', 'frog', 'frog', '2023-05-30 18:09:43', 'SystemController.login', 3, 'snapper-authority', '用户登录', 'CHROME11:113.0.0.0', 'Mac OS X:Computer', '{\"path\":\"/api/oauth/token\",\"code\":200,\"data\":[{\"access_token\":\"eyJhbGciOiJSUzI1NiJ9.eyJKV1RfVVNFUl9OTyI6ImZyb2ciLCJpc3MiOiJCdXRhIiwiSldUX1NZU1RFTV9UQUciOiJhZG1pbiIsIkpXVF9VU0VSX0lEIjoiMTQ2NTE1OTQxNDc2NTQwODI1OCIsImV4cCI6MTY4NTQ3MDE4MiwiaWF0IjoxNjg1NDQxMzgyLCJqdGkiOiI4NDgyNjE4Mzk3MDY5MTQ4MTYifQ.JdrQpXUtKC5A8P2D_2yMiN-Eu9iJP3-cQ17n19obF0a3MZsmH5javEEU_erwaDGsny2uleswDznjhDwfQVjCXFT30BIRqN904o0V9SPC7Ljn1UXCHJMNQpzp_tPtQRYI-awOLm71LDWYT_-swbI0z38V_nlLcVQIykAzhsu7okP91hqJ36euhc1LWGCjiXBXZ7ibFYVkIcTTN', 'undefined'),
('1663488079748431874', '/api/oauth/token', 'POST', '{\"userName\":\"frog\",\"userPasswd\":\"e10adc3949ba59abbe56e057f20f883e\",\"remember\":false,\"systemTag\":\"admin\"}', '系统登录', '2023-05-30 18:10:38', NULL, 'SUCCESS', NULL, 'frog', '', '2023-05-30 18:10:39', 'frog', 'frog', '2023-05-30 18:10:39', 'SystemController.login', 0, 'snapper-authority', '用户登录', 'CHROME11:113.0.0.0', 'Mac OS X:Computer', '{\"path\":\"/api/oauth/token\",\"code\":200,\"data\":[{\"access_token\":\"eyJhbGciOiJSUzI1NiJ9.eyJKV1RfVVNFUl9OTyI6ImZyb2ciLCJpc3MiOiJCdXRhIiwiSldUX1NZU1RFTV9UQUciOiJhZG1pbiIsIkpXVF9VU0VSX0lEIjoiMTQ2NTE1OTQxNDc2NTQwODI1OCIsImV4cCI6MTY4NTQ3MDIzOCwiaWF0IjoxNjg1NDQxNDM4LCJqdGkiOiI4NDgyNjIwNzYxODU5Njg2NDAifQ.Q5b7PTGZH2tUaQBYij5v8mZ98XaLhQGDQG3FcDm2EJdD-kAy500zoZgG6ju6IL2KGt-dVKXqPoeeE2AVodO1OMVBid1F3y2ziFF_0F7qMCvPjKnT_HBFGrkaucOwtqbyWs41_V3X9u-WXFblNRkmuxzIggGNJb6-UXqIatgF4WfscoG3jb4XfMbeok1BXOzuMUSpVIQM51i5y', 'admin'),
('1663546407067648002', '/api/oauth/token', 'POST', '{\"userName\":\"frog\",\"userPasswd\":\"e10adc3949ba59abbe56e057f20f883e\",\"remember\":false,\"systemTag\":\"admin\"}', '系统登录', '2023-05-30 22:02:22', NULL, 'SUCCESS', NULL, 'frog', '', '2023-05-30 22:02:25', 'frog', 'frog', '2023-05-30 22:02:25', 'SystemController.login', 2, 'snapper-authority', '用户登录', 'CHROME11:113.0.0.0', 'Mac OS X:Computer', '{\"path\":\"/api/oauth/token\",\"code\":200,\"data\":[{\"access_token\":\"eyJhbGciOiJSUzI1NiJ9.eyJKV1RfVVNFUl9OTyI6ImZyb2ciLCJpc3MiOiJCdXRhIiwiSldUX1NZU1RFTV9UQUciOiJhZG1pbiIsIkpXVF9VU0VSX0lEIjoiMTQ2NTE1OTQxNDc2NTQwODI1OCIsImV4cCI6MTY4NTQ4NDE0NSwiaWF0IjoxNjg1NDU1MzQ1LCJqdGkiOiI4NDgzMjA0MDI3MTQyNjM1NTIifQ.WRChYzQBmkQ11-x8uUOw8Dnz5_MkV45qqY6cB3snfd2s3rNq8bHJm2TW6Le1KYzU1J-r7DOl4yI8Ik8xn9sIi0ZgJxGlEW3GnNjekM7atYmZngTnJNjN-GeZLjmyHDzZz5YjaOqwvzjxahjnm_FfTkJf6cTb_4_TMrb6Qy6VbOwUgXxm6QEvKhJus9KUW4Gq3sH59nYaKv9m4', 'admin'),
('1663546680016175105', '/api/oauth/token', 'POST', '{\"userName\":\"frog\",\"userPasswd\":\"e10adc3949ba59abbe56e057f20f883e\",\"remember\":false,\"systemTag\":\"admin\"}', '系统登录', '2023-05-30 22:03:30', NULL, 'SUCCESS', NULL, 'frog', '', '2023-05-30 22:03:30', 'frog', 'frog', '2023-05-30 22:03:30', 'SystemController.login', 0, 'snapper-authority', '用户登录', 'CHROME11:113.0.0.0', 'Mac OS X:Computer', '{\"path\":\"/api/oauth/token\",\"code\":200,\"data\":[{\"access_token\":\"eyJhbGciOiJSUzI1NiJ9.eyJKV1RfVVNFUl9OTyI6ImZyb2ciLCJpc3MiOiJCdXRhIiwiSldUX1NZU1RFTV9UQUciOiJhZG1pbiIsIkpXVF9VU0VSX0lEIjoiMTQ2NTE1OTQxNDc2NTQwODI1OCIsImV4cCI6MTY4NTQ4NDIxMCwiaWF0IjoxNjg1NDU1NDEwLCJqdGkiOiI4NDgzMjA2NzY2Mjc0ODA1NzYifQ.NeMk2tuATnz9kpx91C3ID3zjEuCHX-eeEY8UsvtjxQd5itDBC1p4BwvGQlOASgIQdMenOwIlAMBEJe2UuGfUXgwE9KtfTzPEBW7T6AmE476gCUFK5tBkmkZDGjNAAVKIJYQVr6UcZGBhj0DskbV9ZbIfI6k6ZClzabnDmKStK_3QCiaA8Ime09NGGUdOunDjx47f_5KhuudKx', 'admin'),
('1663562887012364290', '/api/position', 'POST', '{\"orgId\":\"R010104\",\"postName\":\"项目经理\",\"permScope\":\"CURRENT_GROUP\",\"entrusts\":[]}', '职位新增', '2023-05-30 23:07:54', NULL, 'SUCCESS', NULL, '大青蛙', '大青蛙', '2023-05-30 23:07:54', 'frog', 'frog', '2023-05-30 23:07:54', 'PositionController.savePosition', 0, 'snapper-authority', '新增', 'CHROME11:113.0.0.0', 'Mac OS X:Computer', '{\"path\":\"/api/position\",\"code\":200,\"data\":[],\"pageNo\":1,\"totalPage\":0,\"pageSize\":10,\"message\":\"OK\",\"totalCount\":0}', 'admin'),
('1663736260042170369', '/api/oauth/token', 'POST', '{\"userName\":\"frog\",\"userPasswd\":\"e10adc3949ba59abbe56e057f20f883e\",\"remember\":false,\"systemTag\":\"admin\"}', '系统登录', '2023-05-31 10:36:47', NULL, 'SUCCESS', NULL, 'frog', '', '2023-05-31 10:36:50', 'frog', 'frog', '2023-05-31 10:36:50', 'SystemController.login', 2, 'snapper-authority', '用户登录', 'CHROME11:113.0.0.0', 'Mac OS X:Computer', '{\"path\":\"/api/oauth/token\",\"code\":200,\"data\":[{\"access_token\":\"eyJhbGciOiJSUzI1NiJ9.eyJKV1RfVVNFUl9OTyI6ImZyb2ciLCJpc3MiOiJCdXRhIiwiSldUX1NZU1RFTV9UQUciOiJhZG1pbiIsIkpXVF9VU0VSX0lEIjoiMTQ2NTE1OTQxNDc2NTQwODI1OCIsImV4cCI6MTY4NTUyOTQwOSwiaWF0IjoxNjg1NTAwNjA5LCJqdGkiOiI4NDg1MTAyNTU2NTc2NDgxMjgifQ.3dYYrEj5lK_bylTFJbkrqO1hJ-IWq0bMiLr0mj0UQyRAVZGyNakpBRSvzv7MwqdDcxmtjpe2UKJrv9UGTJyINPRHRN2w-62xMYgDVTmuiPs6VsebI4lP8pYVQdYkZmByUZ8ea1Y6CLxQQ2wR_UzXYyT2ePHgIawl9H2MyISEuiyuwd19jLK8_8_9JsDK5mGgmxitRRvX9YRrx', 'admin'),
('1663750255088246785', '/api/oauth/token', 'POST', '{\"userName\":\"frog\",\"userPasswd\":\"e10adc3949ba59abbe56e057f20f883e\",\"remember\":false,\"systemTag\":\"admin\"}', '系统登录', '2023-05-31 11:32:25', NULL, 'SUCCESS', NULL, 'frog', '', '2023-05-31 11:32:26', 'frog', 'frog', '2023-05-31 11:32:26', 'SystemController.login', 1, 'snapper-authority', '用户登录', 'CHROME11:113.0.0.0', 'Mac OS X:Computer', '{\"path\":\"/api/oauth/token\",\"code\":200,\"data\":[{\"access_token\":\"eyJhbGciOiJSUzI1NiJ9.eyJKV1RfVVNFUl9OTyI6ImZyb2ciLCJpc3MiOiJCdXRhIiwiSldUX1NZU1RFTV9UQUciOiJhZG1pbiIsIkpXVF9VU0VSX0lEIjoiMTQ2NTE1OTQxNDc2NTQwODI1OCIsImV4cCI6MTY4NTUzMjc0NiwiaWF0IjoxNjg1NTAzOTQ2LCJqdGkiOiI4NDg1MjQyNTE2MjY0NzE0MjQifQ.U-6Id6lMIt_dqxUHZEA5Xqc4nCvS7gNY-MvIKFUdfyNFvyG0jM-ESYeJ2qTfp_B5p9LdQ76ygCjINVME37345EFtkUP7p_MdtyF3ElDzWoXZYW-aaby023WSWAcGw0MGFCWgp9uGyKHKMVTuwNsHqXsGpTv9Thr_yog6P6edD-NdMH3W-t9NU3p0FWdS5uU6Nt3UWGCVe0jc9', 'admin'),
('1663817129914281986', '/api/oauth/token', 'POST', '{\"userName\":\"frog\",\"userPasswd\":\"e10adc3949ba59abbe56e057f20f883e\",\"remember\":false,\"systemTag\":\"admin\"}', '系统登录', '2023-05-31 15:58:08', NULL, 'SUCCESS', NULL, 'frog', '', '2023-05-31 15:58:11', 'frog', 'frog', '2023-05-31 15:58:11', 'SystemController.login', 2, 'snapper-authority', '用户登录', 'CHROME11:113.0.0.0', 'Mac OS X:Computer', '{\"path\":\"/api/oauth/token\",\"code\":200,\"data\":[{\"access_token\":\"eyJhbGciOiJSUzI1NiJ9.eyJKV1RfVVNFUl9OTyI6ImZyb2ciLCJpc3MiOiJCdXRhIiwiSldUX1NZU1RFTV9UQUciOiJhZG1pbiIsIkpXVF9VU0VSX0lEIjoiMTQ2NTE1OTQxNDc2NTQwODI1OCIsImV4cCI6MTY4NTU0ODY5MCwiaWF0IjoxNjg1NTE5ODkwLCJqdGkiOiI4NDg1OTExMjU3MTg0OTkzMjgifQ.iB8tGCR-zwjt-pXtYTuGgpmvpHJD6QRNviBltvj077E4NvuxbA4_GIp608Wb1nOit-ZHTwsPvKMYWJ1F7tMtOlMFqrgv_2jCiWGYfie1_U8JyYkMKTA4b_R-690ybOaQikw6FXR7E5OVTZ2YqfKxI3Csg1hHMFlldHdPZyN86jmMPXML6Xp1k-5284s-r5TLg7iLjLZiI8MTY', 'admin'),
('1665633611791024130', '/api/oauth/token', 'POST', '{\"userName\":\"frog\",\"userPasswd\":\"e10adc3949ba59abbe56e057f20f883e\",\"remember\":false,\"systemTag\":\"admin\"}', '系统登录', '2023-06-05 16:16:11', NULL, 'SUCCESS', NULL, 'frog', '', '2023-06-05 16:16:14', 'frog', 'frog', '2023-06-05 16:16:14', 'SystemController.login', 2, 'snapper-authority', '用户登录', 'CHROME11:114.0.0.0', 'Mac OS X:Computer', '{\"path\":\"/api/oauth/token\",\"code\":200,\"data\":[{\"access_token\":\"eyJhbGciOiJSUzI1NiJ9.eyJKV1RfVVNFUl9OTyI6ImZyb2ciLCJpc3MiOiJTbmFwcGVyIiwiSldUX1NZU1RFTV9UQUciOiJhZG1pbiIsIkpXVF9VU0VSX0lEIjoiMTQ2NTE1OTQxNDc2NTQwODI1OCIsImV4cCI6MTY4NTk4MTc3MywiaWF0IjoxNjg1OTUyOTczLCJqdGkiOiI4NTA0MDc2MDc1MTEyODU3NjAifQ.hlU1ftE9obgBSpJhkB78PfNhP0jIu_7Zszrc0rb9R2lOWWFQ2uquhxH2FkJWJmN0cOSgzfAn7TIhk9QYYYTnQ2MJU2k-iJFcjIdEzOiJo0YVEmbDQKQcJbYPgjGgRLkQ3sRA9gYzFW4zwr69q9tHUnw37y3flH6fk7pVN4aEkPn_JdYtuMJthqoRNd8UPGhSaEctXmWy3', 'admin'),
('1666359673260883969', '/api/oauth/token', 'POST', '{\"userName\":\"frog\",\"userPasswd\":\"e10adc3949ba59abbe56e057f20f883e\",\"remember\":false,\"systemTag\":\"admin\"}', '系统登录', '2023-06-07 16:21:18', NULL, 'SUCCESS', NULL, 'frog', '', '2023-06-07 16:21:20', 'frog', 'frog', '2023-06-07 16:21:20', 'SystemController.login', 2, 'snapper-authority', '用户登录', 'CHROME11:114.0.0.0', 'Mac OS X:Computer', '{\"path\":\"/api/oauth/token\",\"code\":200,\"data\":[{\"access_token\":\"eyJhbGciOiJSUzI1NiJ9.eyJKV1RfVVNFUl9OTyI6ImZyb2ciLCJpc3MiOiJTbmFwcGVyIiwiSldUX1NZU1RFTV9UQUciOiJhZG1pbiIsIkpXVF9VU0VSX0lEIjoiMTQ2NTE1OTQxNDc2NTQwODI1OCIsImV4cCI6MTY4NjE1NDg3OSwiaWF0IjoxNjg2MTI2MDc5LCJqdGkiOiI4NTExMzM2Njg5NDM0NjI0MDAifQ.bLNEgYF_vCwxIUfFOLcat9qtSmwwzedNFVbfXyRCrNzX32StwIQKUveH_kyHiZpBOij0N-1xbAKO_xHmMcIyNS7C4qMiRIMZhHlqILL4WJJtfE-O-dgLoAWB4m-eguJxb5X5tU3TZguaNQfVOK6PTSQR_jrTuugltk2yaZgL2pIdWVgUDh8n4w10xUPyhdfvhxkOitE_8', 'admin'),
('1666360559731228674', '/api/oauth/token', 'POST', '{\"userName\":\"frog\",\"userPasswd\":\"e10adc3949ba59abbe56e057f20f883e\",\"remember\":false,\"systemTag\":\"admin\"}', '系统登录', '2023-06-07 16:24:51', NULL, 'SUCCESS', NULL, 'frog', '', '2023-06-07 16:24:52', 'frog', 'frog', '2023-06-07 16:24:52', 'SystemController.login', 0, 'snapper-authority', '用户登录', 'CHROME11:114.0.0.0', 'Mac OS X:Computer', '{\"path\":\"/api/oauth/token\",\"code\":200,\"data\":[{\"access_token\":\"eyJhbGciOiJSUzI1NiJ9.eyJKV1RfVVNFUl9OTyI6ImZyb2ciLCJpc3MiOiJTbmFwcGVyIiwiSldUX1NZU1RFTV9UQUciOiJhZG1pbiIsIkpXVF9VU0VSX0lEIjoiMTQ2NTE1OTQxNDc2NTQwODI1OCIsImV4cCI6MTY4NjE1NTA5MSwiaWF0IjoxNjg2MTI2MjkxLCJqdGkiOiI4NTExMzQ1NTYyMjMzMDc3NzYifQ.Zh4JjdVnBqu3QN_7HJcSQaY7J158R4vGwvYI48C4bSMm0a2Aq34TKjoRqeKawp0H26Vf7PrKUgLjiWXl-7ELiqqctQg1tu5u7KN0B_BmlagY1aJHvXfl47BjKcYL81CHm3wHCZhvMUW9vGwydZz7pl6D5bmEyAAJkXsLkkxTf3wFZPXyz-lsZN_1fBW6ok-E54GBC6zeN', 'admin'),
('1666360679558299650', '/api/oauth/token', 'POST', '{\"userName\":\"frog\",\"userPasswd\":\"e10adc3949ba59abbe56e057f20f883e\",\"remember\":false,\"systemTag\":\"admin\"}', '系统登录', '2023-06-07 16:25:20', NULL, 'SUCCESS', NULL, 'frog', '', '2023-06-07 16:25:20', 'frog', 'frog', '2023-06-07 16:25:20', 'SystemController.login', 0, 'snapper-authority', '用户登录', 'CHROME11:114.0.0.0', 'Mac OS X:Computer', '{\"path\":\"/api/oauth/token\",\"code\":200,\"data\":[{\"access_token\":\"eyJhbGciOiJSUzI1NiJ9.eyJKV1RfVVNFUl9OTyI6ImZyb2ciLCJpc3MiOiJTbmFwcGVyIiwiSldUX1NZU1RFTV9UQUciOiJhZG1pbiIsIkpXVF9VU0VSX0lEIjoiMTQ2NTE1OTQxNDc2NTQwODI1OCIsImV4cCI6MTY4NjE1NTEyMCwiaWF0IjoxNjg2MTI2MzIwLCJqdGkiOiI4NTExMzQ2NzYxMTc0ODc2MTYifQ.GyYSis-7fagms2mAAQzUIXzHwGIZ75DfCWxtrfwOCNJdjIxAGI2iTIlh0WB-hEnzKMx2s6Ctp0SBCMv9lDYDyC4JMWMv3lFc-1pnd8fkvlZV2NRpNmDCAVkpkDjCEDDPYbRfV4OIFP2DUjmf2cSupjG161-anfITDfgQ_I4jvFJbLUlCf7yX5DDPGbzNemdZ_0zJyB1ZG', 'admin'),
('1666361524937048066', '/api/oauth/token', 'POST', '{\"userName\":\"frog\",\"userPasswd\":\"e10adc3949ba59abbe56e057f20f883e\",\"remember\":false,\"systemTag\":\"business\"}', '系统登录', '2023-06-07 16:28:42', '{\"path\":\"/api/oauth/token\",\"code\":10064,\"message\":\"用户组织未明确,请明确组织!\"}', 'FAILURE', NULL, 'frog', '', '2023-06-07 16:28:42', 'frog', 'frog', '2023-06-07 16:28:42', 'SystemController.login', 0, 'snapper-authority', '用户登录', 'CHROME11:114.0.0.0', 'Mac OS X:Computer', NULL, 'business'),
('1666361525004156929', '/api/oauth/token', 'POST', '{\"userName\":\"frog\",\"userPasswd\":\"e10adc3949ba59abbe56e057f20f883e\",\"remember\":false,\"systemTag\":\"business\"}', '系统登录', '2023-06-07 16:28:42', '{\"path\":\"/api/oauth/token\",\"code\":10064,\"message\":\"用户组织未明确,请明确组织!\"}', 'FAILURE', NULL, 'frog', '', '2023-06-07 16:28:42', 'frog', 'frog', '2023-06-07 16:28:42', 'SystemController.login', 0, 'snapper-authority', '用户登录', 'CHROME11:114.0.0.0', 'Mac OS X:Computer', NULL, 'business'),
('1666361525079654402', '/api/oauth/token', 'POST', '{\"userName\":\"frog\",\"userPasswd\":\"e10adc3949ba59abbe56e057f20f883e\",\"remember\":false,\"systemTag\":\"business\"}', '系统登录', '2023-06-07 16:28:42', '{\"path\":\"/api/oauth/token\",\"code\":10064,\"message\":\"用户组织未明确,请明确组织!\"}', 'FAILURE', NULL, 'frog', '', '2023-06-07 16:28:42', 'frog', 'frog', '2023-06-07 16:28:42', 'SystemController.login', 0, 'snapper-authority', '用户登录', 'CHROME11:114.0.0.0', 'Mac OS X:Computer', NULL, 'business'),
('1666361525163540481', '/api/oauth/token', 'POST', '{\"userName\":\"frog\",\"userPasswd\":\"e10adc3949ba59abbe56e057f20f883e\",\"remember\":false,\"systemTag\":\"business\"}', '系统登录', '2023-06-07 16:28:42', '{\"path\":\"/api/oauth/token\",\"code\":10064,\"message\":\"用户组织未明确,请明确组织!\"}', 'FAILURE', NULL, 'frog', '', '2023-06-07 16:28:42', 'frog', 'frog', '2023-06-07 16:28:42', 'SystemController.login', 0, 'snapper-authority', '用户登录', 'CHROME11:114.0.0.0', 'Mac OS X:Computer', NULL, 'business'),
('1666361542322438145', '/api/oauth/token', 'POST', '{\"userName\":\"frog\",\"userPasswd\":\"e10adc3949ba59abbe56e057f20f883e\",\"remember\":false,\"systemTag\":\"business\"}', '系统登录', '2023-06-07 16:28:46', '{\"path\":\"/api/oauth/token\",\"code\":10064,\"message\":\"用户组织未明确,请明确组织!\"}', 'FAILURE', NULL, 'frog', '', '2023-06-07 16:28:46', 'frog', 'frog', '2023-06-07 16:28:46', 'SystemController.login', 0, 'snapper-authority', '用户登录', 'CHROME11:114.0.0.0', 'Mac OS X:Computer', NULL, 'business'),
('1666361542364381186', '/api/oauth/token', 'POST', '{\"userName\":\"frog\",\"userPasswd\":\"e10adc3949ba59abbe56e057f20f883e\",\"remember\":false,\"systemTag\":\"business\"}', '系统登录', '2023-06-07 16:28:46', '{\"path\":\"/api/oauth/token\",\"code\":10064,\"message\":\"用户组织未明确,请明确组织!\"}', 'FAILURE', NULL, 'frog', '', '2023-06-07 16:28:46', 'frog', 'frog', '2023-06-07 16:28:46', 'SystemController.login', 0, 'snapper-authority', '用户登录', 'CHROME11:114.0.0.0', 'Mac OS X:Computer', NULL, 'business'),
('1666361542469238786', '/api/oauth/token', 'POST', '{\"userName\":\"frog\",\"userPasswd\":\"e10adc3949ba59abbe56e057f20f883e\",\"remember\":false,\"systemTag\":\"business\"}', '系统登录', '2023-06-07 16:28:46', '{\"path\":\"/api/oauth/token\",\"code\":10064,\"message\":\"用户组织未明确,请明确组织!\"}', 'FAILURE', NULL, 'frog', '', '2023-06-07 16:28:46', 'frog', 'frog', '2023-06-07 16:28:46', 'SystemController.login', 0, 'snapper-authority', '用户登录', 'CHROME11:114.0.0.0', 'Mac OS X:Computer', NULL, 'business'),
('1666361542544736258', '/api/oauth/token', 'POST', '{\"userName\":\"frog\",\"userPasswd\":\"e10adc3949ba59abbe56e057f20f883e\",\"remember\":false,\"systemTag\":\"business\"}', '系统登录', '2023-06-07 16:28:46', '{\"path\":\"/api/oauth/token\",\"code\":10064,\"message\":\"用户组织未明确,请明确组织!\"}', 'FAILURE', NULL, 'frog', '', '2023-06-07 16:28:46', 'frog', 'frog', '2023-06-07 16:28:46', 'SystemController.login', 0, 'snapper-authority', '用户登录', 'CHROME11:114.0.0.0', 'Mac OS X:Computer', NULL, 'business'),
('1666381758934827010', '/api/oauth/token', 'POST', '{\"userName\":\"frog\",\"userPasswd\":\"e10adc3949ba59abbe56e057f20f883e\",\"groupId\":\"R010104\",\"autoLogin\":false,\"systemTag\":\"businessR010104\",\"originPassword\":\"e10adc3949ba59abbe56e057f20f883e\"}', '系统登录', '2023-06-07 17:49:05', NULL, 'SUCCESS', NULL, 'frog', '', '2023-06-07 17:49:06', 'frog', 'frog', '2023-06-07 17:49:06', 'SystemController.login', 0, 'snapper-authority', '用户登录', 'CHROME11:114.0.0.0', 'Mac OS X:Computer', '{\"path\":\"/api/oauth/token\",\"code\":200,\"data\":[{\"access_token\":\"eyJhbGciOiJSUzI1NiJ9.eyJKV1RfVVNFUl9OTyI6ImZyb2ciLCJpc3MiOiJTbmFwcGVyIiwiSldUX1NZU1RFTV9UQUciOiJidXNpbmVzc1IwMTAxMDQiLCJKV1RfVVNFUl9JRCI6IjE0NjUxNTk0MTQ3NjU0MDgyNTgiLCJleHAiOjE2ODYxNjAxNDUsImlhdCI6MTY4NjEzMTM0NSwianRpIjoiODUxMTU1NzU1NTUyNzM1MjMyIn0.iZd63w34aFwGXP8Jl3yGNVLqvg10opkhY6k_sg0ADvQzkHsOliUwJC7iU7NsZ12Yo171SneynectwxvEtT3okRntTb482DIVeQlPreKOeHbU5QVAYiQXOgR08fGpHCzyywWS7jxwkYlRcmsNfnSOKF_CSiCepNgj4DBPWJsyR6ErdpXIUSFo-vNvW4o4', 'businessR010104'),
('1666382637796704257', '/api/oauth/token', 'POST', '{\"userName\":\"frog\",\"userPasswd\":\"e10adc3949ba59abbe56e057f20f883e\",\"groupId\":\"R010104\",\"autoLogin\":false,\"systemTag\":\"businessR010104\",\"originPassword\":\"e10adc3949ba59abbe56e057f20f883e\"}', '系统登录', '2023-06-07 17:52:35', NULL, 'SUCCESS', NULL, 'frog', '', '2023-06-07 17:52:35', 'frog', 'frog', '2023-06-07 17:52:35', 'SystemController.login', 0, 'snapper-authority', '用户登录', 'CHROME11:114.0.0.0', 'Mac OS X:Computer', '{\"path\":\"/api/oauth/token\",\"code\":200,\"data\":[{\"access_token\":\"eyJhbGciOiJSUzI1NiJ9.eyJKV1RfVVNFUl9OTyI6ImZyb2ciLCJpc3MiOiJTbmFwcGVyIiwiSldUX1NZU1RFTV9UQUciOiJidXNpbmVzc1IwMTAxMDQiLCJKV1RfVVNFUl9JRCI6IjE0NjUxNTk0MTQ3NjU0MDgyNTgiLCJleHAiOjE2ODYxNjAzNTUsImlhdCI6MTY4NjEzMTU1NSwianRpIjoiODUxMTU2NjM0NDUyMzYxMjE2In0.jjMzXjn0YzK-rkBGf_TWOpPggWzpdh6RfXVnv8G9nIN-VPOyr2maHLtXEstU1FGLZXUj6pyay_Yqpu4UIvtytYyYO3hJ55CrLjcZFCtY4BSIraV9eSqGSw7n97tnG10AVSQEdmysGsGKqK0cZ1BZLMCl-42gkalHjwHhBYXfTHx_3zBeR1sUbAb5vFr3', 'businessR010104'),
('1666443967688105986', '/api/oauth/token', 'POST', '{\"userName\":\"frog\",\"userPasswd\":\"e10adc3949ba59abbe56e057f20f883e\",\"autoLogin\":false,\"systemTag\":\"admin\",\"originPassword\":\"e10adc3949ba59abbe56e057f20f883e\"}', '系统登录', '2023-06-07 21:56:15', NULL, 'SUCCESS', NULL, 'frog', '', '2023-06-07 21:56:18', 'frog', 'frog', '2023-06-07 21:56:18', 'SystemController.login', 2, 'snapper-authority', '用户登录', 'CHROME11:114.0.0.0', 'Mac OS X:Computer', '{\"path\":\"/api/oauth/token\",\"code\":200,\"data\":[{\"access_token\":\"eyJhbGciOiJSUzI1NiJ9.eyJKV1RfVVNFUl9OTyI6ImZyb2ciLCJpc3MiOiJTbmFwcGVyIiwiSldUX1NZU1RFTV9UQUciOiJhZG1pbiIsIkpXVF9VU0VSX0lEIjoiMTQ2NTE1OTQxNDc2NTQwODI1OCIsImV4cCI6MTY4NjE3NDk3NywiaWF0IjoxNjg2MTQ2MTc3LCJqdGkiOiI4NTEyMTc5NjMzMjIxNzk1ODQifQ.Jejklo2QmMrKvPkfxdQ2TDHTMy3SPPLgE8snqlwlaaG7lt4UTHL-rK1NrRQu2M0u1Ynw_elv5IBK4P3heu1mQgt_S-ADEqPTM9H_v02Z-usIL_DrTbNU8tJIY-dS275PVwimrlbmQyzxWAcA7YLPwxM91TSyagOGJVTYp06dH0ciyZKPmCVvWnFTyVIQIvyZLF61a3QRS', 'admin'),
('1666448568646656002', '/api/oauth/token', 'POST', '{\"userName\":\"frog\",\"userPasswd\":\"e10adc3949ba59abbe56e057f20f883e\",\"groupId\":\"R010104\",\"autoLogin\":false,\"systemTag\":\"businessR010104\",\"originPassword\":\"e10adc3949ba59abbe56e057f20f883e\"}', '系统登录', '2023-06-07 22:14:34', NULL, 'SUCCESS', NULL, 'frog', '', '2023-06-07 22:14:35', 'frog', 'frog', '2023-06-07 22:14:35', 'SystemController.login', 0, 'snapper-authority', '用户登录', 'CHROME11:114.0.0.0', 'Mac OS X:Computer', '{\"path\":\"/api/oauth/token\",\"code\":200,\"data\":[{\"access_token\":\"eyJhbGciOiJSUzI1NiJ9.eyJKV1RfVVNFUl9OTyI6ImZyb2ciLCJpc3MiOiJTbmFwcGVyIiwiSldUX1NZU1RFTV9UQUciOiJidXNpbmVzc1IwMTAxMDQiLCJKV1RfVVNFUl9JRCI6IjE0NjUxNTk0MTQ3NjU0MDgyNTgiLCJleHAiOjE2ODYxNzYwNzQsImlhdCI6MTY4NjE0NzI3NCwianRpIjoiODUxMjIyNTY1MjM3MDMwOTEyIn0.NoOyf0dbQrcWUgGajffM71wari2vY0L1XbWsFeZX3cOUasCSIElnLkzEb3Z0UXkGvwd2v72HGkv6hX6NpewuZGEUrtQ_Gzp9ArYStHrJyBLhOA17IMxpHKmKNnVte2MOyOddfsCTfv4cZEBQMpJ2m1oY6rhuhXxA6NosTGsc4lEsndqdbyrRDZTvwx22', 'businessR010104'),
('1666452722752446466', '/api/oauth/token', 'POST', '{\"userName\":\"frog\",\"userPasswd\":\"e10adc3949ba59abbe56e057f20f883e\",\"autoLogin\":false,\"systemTag\":\"admin\",\"originPassword\":\"e10adc3949ba59abbe56e057f20f883e\"}', '系统登录', '2023-06-07 22:31:04', NULL, 'SUCCESS', NULL, 'frog', '', '2023-06-07 22:31:05', 'frog', 'frog', '2023-06-07 22:31:05', 'SystemController.login', 0, 'snapper-authority', '用户登录', 'CHROME11:114.0.0.0', 'Mac OS X:Computer', '{\"path\":\"/api/oauth/token\",\"code\":200,\"data\":[{\"access_token\":\"eyJhbGciOiJSUzI1NiJ9.eyJKV1RfVVNFUl9OTyI6ImZyb2ciLCJpc3MiOiJTbmFwcGVyIiwiSldUX1NZU1RFTV9UQUciOiJhZG1pbiIsIkpXVF9VU0VSX0lEIjoiMTQ2NTE1OTQxNDc2NTQwODI1OCIsImV4cCI6MTY4NjE3NzA2NCwiaWF0IjoxNjg2MTQ4MjY0LCJqdGkiOiI4NTEyMjY3MTkzNTU0MDQyODgifQ.my470N9IOkQupaqvXkhgg-2deJYpbnHfpEp_dCKuYTbtwJXnno4gad93EVBqmvWUzfGzvvutimJ-pt9BTgYNCZ8Z6RpV7sM_V9f7aX5y6-KWZjD0-OjZtpMjUlTnNFGTVtYLDFRn8l9k_jvRwq6T6CfuGBkjLtP1eHJP3dOBh_0N3DQSXzRTsGZqHOb5tq7At7ONIYmSU', 'admin'),
('1666785569589743618', '/api/oauth/token', 'POST', '{\"userName\":\"frog\",\"userPasswd\":\"e10adc3949ba59abbe56e057f20f883e\",\"groupId\":\"R010104\",\"autoLogin\":false,\"systemTag\":\"businessR010104\",\"originPassword\":\"e10adc3949ba59abbe56e057f20f883e\"}', '系统登录', '2023-06-08 20:33:39', NULL, 'SUCCESS', '192.168.0.39', 'frog', '', '2023-06-08 20:33:42', 'frog', 'frog', '2023-06-08 20:33:42', 'SystemController.login', 2, 'snapper-authority', '用户登录', 'CHROME11:114.0.0.0', 'Mac OS X:Computer', '{\"path\":\"/api/oauth/token\",\"code\":200,\"data\":[{\"access_token\":\"eyJhbGciOiJSUzI1NiJ9.eyJKV1RfVVNFUl9OTyI6ImZyb2ciLCJpc3MiOiJTbmFwcGVyIiwiSldUX1NZU1RFTV9UQUciOiJidXNpbmVzc1IwMTAxMDQiLCJKV1RfVVNFUl9JRCI6IjE0NjUxNTk0MTQ3NjU0MDgyNTgiLCJleHAiOjE2ODYyNTY0MjEsImlhdCI6MTY4NjIyNzYyMSwianRpIjoiODUxNTU5NTY1NDYyODYzODcyIn0.n16yQhnKckjZkVfLIq_97UcQKiZADukXQPQSZZBTI5jkePR8Sy2woJiYGt5nLl9fY2bfsgRhDIXmjK6zs_dqjhM2fGnZrxmxxN82NqrHBJ2x_X3qs8LEx2WY_DGQTECMzn1XiKBJPeAyPG6UCeJvpj-Y81UR0WqzWkQxVn-cDkqTvBEnj8pHJdGwOdgT', 'businessR010104'),
('1668778551756779522', '/api/oauth/token', 'POST', '{\"userName\":\"frog\",\"userPasswd\":\"e10adc3949ba59abbe56e057f20f883e\",\"autoLogin\":false,\"systemTag\":\"admin\",\"originPassword\":\"e10adc3949ba59abbe56e057f20f883e\"}', '系统登录', '2023-06-14 08:33:02', NULL, 'SUCCESS', '127.0.0.1', 'frog', '', '2023-06-14 08:33:06', 'frog', 'frog', '2023-06-14 08:33:06', 'SystemController.login', 3, 'snapper-authority', '用户登录', 'CHROME11:114.0.0.0', 'Mac OS X:Computer', '{\"path\":\"/api/oauth/token\",\"code\":200,\"data\":[{\"access_token\":\"eyJhbGciOiJSUzI1NiJ9.eyJKV1RfVVNFUl9OTyI6ImZyb2ciLCJpc3MiOiJTbmFwcGVyIiwiSldUX1NZU1RFTV9UQUciOiJhZG1pbiIsIkpXVF9VU0VSX0lEIjoiMTQ2NTE1OTQxNDc2NTQwODI1OCIsImV4cCI6MTY4NjczMTU4NSwiaWF0IjoxNjg2NzAyNzg1LCJqdGkiOiI4NTM1NTI1NDc1MzU3ODE4ODgifQ.HnU_CEP3sbfHyk53qBrMgyOxD8arirlqBRubA0HElHfmrfVGBb6FQZ1r5foOpV00FOIQeX4j1tVVOzrIa8CkVNha1ttX3iIx__83uOhshJosnZLa9wIfNjfERAld_Ah0hQ0myLvE3A-DjXVdmPSestwnCZ_xhtT7gpdUGhawfgx_Nj_tMH6NfvDn0pFejOQ_UGY6MZXcn', 'admin'),
('1668879040926195713', '/api/oauth/token', 'POST', '{\"userName\":\"frog\",\"userPasswd\":\"e10adc3949ba59abbe56e057f20f883e\",\"autoLogin\":false,\"systemTag\":\"admin\",\"originPassword\":\"e10adc3949ba59abbe56e057f20f883e\"}', '系统登录', '2023-06-14 15:12:22', NULL, 'SUCCESS', '192.168.0.101', 'frog', '', '2023-06-14 15:12:24', 'frog', 'frog', '2023-06-14 15:12:24', 'SystemController.login', 2, 'snapper-authority', '用户登录', 'CHROME11:114.0.0.0', 'Mac OS X:Computer', '{\"path\":\"/api/oauth/token\",\"code\":200,\"data\":[{\"access_token\":\"eyJhbGciOiJSUzI1NiJ9.eyJKV1RfVVNFUl9OTyI6ImZyb2ciLCJpc3MiOiJTbmFwcGVyIiwiSldUX1NZU1RFTV9UQUciOiJhZG1pbiIsIkpXVF9VU0VSX0lEIjoiMTQ2NTE1OTQxNDc2NTQwODI1OCIsImV4cCI6MTY4Njc1NTU0NCwiaWF0IjoxNjg2NzI2NzQ0LCJqdGkiOiI4NTM2NTMwMzY2ODQyNzk4MDgifQ.Ll5DnOiK5pDXAPhRq-QaKRzfqa7m4laxklNGdMAQzpQNXIG5QKC0M2N0rVHMPLDzGk45AwtKAkts2ZnZhu7h3kViH8vottE6N8z3namsY8qPcoZl5Qf0S3uta20x3HUKnshuVEJOJmnd-_RFvTjmaVvVmEDC8bwaxW1Lv4qUkUi3tRi6C4Xrz5c-DBTA1XjwBsAy1QgBv', 'admin'),
('1668977545747673090', '/api/oauth/token', 'POST', '{\"userName\":\"frog\",\"userPasswd\":\"e10adc3949ba59abbe56e057f20f883e\",\"autoLogin\":false,\"systemTag\":\"admin\",\"originPassword\":\"e10adc3949ba59abbe56e057f20f883e\"}', '系统登录', '2023-06-14 21:43:46', NULL, 'SUCCESS', '192.168.0.39', 'frog', '', '2023-06-14 21:43:50', 'frog', 'frog', '2023-06-14 21:43:50', 'SystemController.login', 3, 'snapper-authority', '用户登录', 'CHROME11:114.0.0.0', 'Mac OS X:Computer', '{\"path\":\"/api/oauth/token\",\"code\":200,\"data\":[{\"access_token\":\"eyJhbGciOiJSUzI1NiJ9.eyJKV1RfVVNFUl9OTyI6ImZyb2ciLCJpc3MiOiJTbmFwcGVyIiwiSldUX1NZU1RFTV9UQUciOiJhZG1pbiIsIkpXVF9VU0VSX0lEIjoiMTQ2NTE1OTQxNDc2NTQwODI1OCIsImV4cCI6MTY4Njc3OTAyOSwiaWF0IjoxNjg2NzUwMjI5LCJqdGkiOiI4NTM3NTE1NDE0NzQwMDA4OTYifQ.Mij5DWsswXpT6JJLpIrc19m1fj6ZS1LZZdb7_ZnRxHyGXdy_OHTe3x7IzlIiwZ_GE-YRALSQd62Vkh7KUTHxqLcGqnQSiqwqw5qKrEEdbcMmW2_bo6ED-74zgZSdnGaG2wbeVsf3YXIxC3j0Qtgrg1OlHYDBYKTdQdew7CeKEoEcKuBe4Qdh4q5ns_rHgyrVmsRoq5YeA', 'admin'),
('1669135924035973121', '/api/oauth/token', 'POST', '{\"userName\":\"frog\",\"userPasswd\":\"e10adc3949ba59abbe56e057f20f883e\",\"autoLogin\":false,\"systemTag\":\"admin\",\"originPassword\":\"e10adc3949ba59abbe56e057f20f883e\"}', '系统登录', '2023-06-15 08:13:09', '{\"path\":\"/api/oauth/token\",\"code\":998,\"message\":\"用户名或密码错误!\"}', 'FAILURE', '127.0.0.1', 'frog', '', '2023-06-15 08:13:10', 'frog', 'frog', '2023-06-15 08:13:10', 'SystemController.login', 0, 'snapper-authority', '用户登录', 'CHROME11:114.0.0.0', 'Mac OS X:Computer', NULL, 'admin'),
('1669135948304216066', '/api/oauth/token', 'POST', '{\"userName\":\"frog\",\"userPasswd\":\"e10adc3949ba59abbe56e057f20f883e\",\"autoLogin\":false,\"systemTag\":\"admin\",\"originPassword\":\"e10adc3949ba59abbe56e057f20f883e\"}', '系统登录', '2023-06-15 08:13:16', '{\"path\":\"/api/oauth/token\",\"code\":998,\"message\":\"用户名或密码错误!\"}', 'FAILURE', '127.0.0.1', 'frog', '', '2023-06-15 08:13:16', 'frog', 'frog', '2023-06-15 08:13:16', 'SystemController.login', 0, 'snapper-authority', '用户登录', 'CHROME11:114.0.0.0', 'Mac OS X:Computer', NULL, 'admin'),
('1669135972450824193', '/api/oauth/token', 'POST', '{\"userName\":\"frog\",\"userPasswd\":\"e10adc3949ba59abbe56e057f20f883e\",\"autoLogin\":false,\"systemTag\":\"admin\",\"originPassword\":\"e10adc3949ba59abbe56e057f20f883e\"}', '系统登录', '2023-06-15 08:13:21', '{\"path\":\"/api/oauth/token\",\"code\":998,\"message\":\"用户名或密码错误!\"}', 'FAILURE', '127.0.0.1', 'frog', '', '2023-06-15 08:13:22', 'frog', 'frog', '2023-06-15 08:13:22', 'SystemController.login', 0, 'snapper-authority', '用户登录', 'CHROME11:114.0.0.0', 'Mac OS X:Computer', NULL, 'admin'),
('1669136123529654274', '/api/oauth/token', 'POST', '{\"userName\":\"frog\",\"userPasswd\":\"e10adc3949ba59abbe56e057f20f883e\",\"autoLogin\":false,\"systemTag\":\"admin\",\"originPassword\":\"e10adc3949ba59abbe56e057f20f883e\"}', '系统登录', '2023-06-15 08:13:57', '{\"path\":\"/api/oauth/token\",\"code\":998,\"message\":\"用户名或密码错误!\"}', 'FAILURE', '127.0.0.1', 'frog', '', '2023-06-15 08:13:58', 'frog', 'frog', '2023-06-15 08:13:58', 'SystemController.login', 0, 'snapper-authority', '用户登录', 'CHROME11:114.0.0.0', 'Mac OS X:Computer', NULL, 'admin'),
('1669136689991380993', '/api/oauth/token', 'POST', '{\"userName\":\"frog\",\"userPasswd\":\"e10adc3949ba59abbe56e057f20f883e\",\"autoLogin\":false,\"systemTag\":\"admin\",\"originPassword\":\"e10adc3949ba59abbe56e057f20f883e\"}', '系统登录', '2023-06-15 08:14:06', '{\"path\":\"/api/oauth/token\",\"code\":998,\"message\":\"用户名或密码错误!\"}', 'FAILURE', '127.0.0.1', 'frog', '', '2023-06-15 08:16:13', 'frog', 'frog', '2023-06-15 08:16:13', 'SystemController.login', 6, 'snapper-authority', '用户登录', 'CHROME11:114.0.0.0', 'Mac OS X:Computer', NULL, 'admin'),
('1669137496161697794', '/api/oauth/token', 'POST', '{\"userName\":\"frog\",\"userPasswd\":\"e10adc3949ba59abbe56e057f20f883e\",\"autoLogin\":false,\"systemTag\":\"admin\",\"originPassword\":\"e10adc3949ba59abbe56e057f20f883e\"}', '系统登录', '2023-06-15 08:19:13', NULL, 'SUCCESS', '127.0.0.1', 'frog', '', '2023-06-15 08:19:25', 'frog', 'frog', '2023-06-15 08:19:25', 'SystemController.login', 11, 'snapper-authority', '用户登录', 'CHROME11:114.0.0.0', 'Mac OS X:Computer', '{\"path\":\"/api/oauth/token\",\"code\":200,\"data\":[{\"access_token\":\"eyJhbGciOiJSUzI1NiJ9.eyJKV1RfVVNFUl9OTyI6ImZyb2ciLCJKV1RfTVVMVElfTE9HSU4iOmZhbHNlLCJpc3MiOiJTbmFwcGVyIiwiSldUX1NZU1RFTV9UQUciOiJhZG1pbiIsIkpXVF9VU0VSX0lEIjoiMTQ2NTE1OTQxNDc2NTQwODI1OCIsIkpXVF9FWFBJUkVfUE9MSUNZIjoiRklYRUQiLCJpYXQiOjE2ODY3ODgzNjQsImp0aSI6Ijg1MzkxMTQ5MTc2ODc0NTk4NCJ9.UdHwOKtJ5O2c6S6VlS4fumdPFV7nlA42NRWsZy-UHQlFgUQ64d8duYmVSCd2oFmXEY4imLyBSC-X-0nd5UAypuIQGYeZx2fwMLw0SUCa6NsLKwzmN-Ho6ALerraJMojJYVh4uzX0LNAsbbtlr_uYVFcYrIZ', 'admin'),
('1669138171037794306', '/api/oauth/token', 'POST', '{\"userName\":\"frog\",\"userPasswd\":\"e10adc3949ba59abbe56e057f20f883e\",\"autoLogin\":false,\"systemTag\":\"admin\",\"originPassword\":\"e10adc3949ba59abbe56e057f20f883e\"}', '系统登录', '2023-06-15 08:22:05', NULL, 'SUCCESS', '127.0.0.1', 'frog', '', '2023-06-15 08:22:06', 'frog', 'frog', '2023-06-15 08:22:06', 'SystemController.login', 0, 'snapper-authority', '用户登录', 'CHROME11:114.0.0.0', 'Mac OS X:Computer', '{\"path\":\"/api/oauth/token\",\"code\":200,\"data\":[{\"access_token\":\"eyJhbGciOiJSUzI1NiJ9.eyJKV1RfVVNFUl9OTyI6ImZyb2ciLCJKV1RfTVVMVElfTE9HSU4iOnRydWUsImlzcyI6IlNuYXBwZXIiLCJKV1RfU1lTVEVNX1RBRyI6ImFkbWluIiwiSldUX1VTRVJfSUQiOiIxNDY1MTU5NDE0NzY1NDA4MjU4IiwiSldUX0VYUElSRV9QT0xJQ1kiOiJMQVNUX0FDVElWRSIsImlhdCI6MTY4Njc4ODUyNSwianRpIjoiODUzOTEyMTY3NTc1OTc3OTg0In0.OZhvLIc_B7ZmiOgaDu6eLBWs2FJpjn-bOx72cbBi1jY6yUoMaDvvL0MhMlvaNIrtawyfjwI70juvQ4jLKVGds18NGL4gElQIRp7maKGFq5h3MUEh5tkWxZ0-34haV5zuQ3woyw-jxiDEv3397eeD', 'admin'),
('1669138221776289793', '/api/oauth/token', 'POST', '{\"userName\":\"frog\",\"userPasswd\":\"e10adc3949ba59abbe56e057f20f883e\",\"autoLogin\":false,\"systemTag\":\"admin\",\"originPassword\":\"e10adc3949ba59abbe56e057f20f883e\"}', '系统登录', '2023-06-15 08:22:17', NULL, 'SUCCESS', '127.0.0.1', 'frog', '', '2023-06-15 08:22:18', 'frog', 'frog', '2023-06-15 08:22:18', 'SystemController.login', 0, 'snapper-authority', '用户登录', 'CHROME11:114.0.0.0', 'Mac OS X:Computer', '{\"path\":\"/api/oauth/token\",\"code\":200,\"data\":[{\"access_token\":\"eyJhbGciOiJSUzI1NiJ9.eyJKV1RfVVNFUl9OTyI6ImZyb2ciLCJKV1RfTVVMVElfTE9HSU4iOnRydWUsImlzcyI6IlNuYXBwZXIiLCJKV1RfU1lTVEVNX1RBRyI6ImFkbWluIiwiSldUX1VTRVJfSUQiOiIxNDY1MTU5NDE0NzY1NDA4MjU4IiwiSldUX0VYUElSRV9QT0xJQ1kiOiJGSVhFRCIsImlhdCI6MTY4Njc4ODUzNywianRpIjoiODUzOTEyMjE4MzA2MDg0ODY0In0.cm59UOerXeBKZECoCZGnIlk1l8xTAav1qvL0bv_I4tO7Mb9e4Lb3RM_duDec4moD1cxLmn5AOJuDrrNnKaHQTIc-vS9qdZApA4kaLiIzV2KDqswNz1ReX6iZqYoLrcvPGN5h0e3_usltxEWOtOSPZ72Nu4f7', 'admin'),
('1669138537506717697', '/api/oauth/token', 'POST', '{\"userName\":\"frog\",\"userPasswd\":\"e10adc3949ba59abbe56e057f20f883e\",\"autoLogin\":false,\"systemTag\":\"admin\",\"originPassword\":\"e10adc3949ba59abbe56e057f20f883e\"}', '系统登录', '2023-06-15 08:23:32', NULL, 'SUCCESS', '127.0.0.1', 'frog', '', '2023-06-15 08:23:33', 'frog', 'frog', '2023-06-15 08:23:33', 'SystemController.login', 0, 'snapper-authority', '用户登录', 'CHROME11:114.0.0.0', 'Mac OS X:Computer', '{\"path\":\"/api/oauth/token\",\"code\":200,\"data\":[{\"access_token\":\"eyJhbGciOiJSUzI1NiJ9.eyJKV1RfVVNFUl9OTyI6ImZyb2ciLCJKV1RfTVVMVElfTE9HSU4iOmZhbHNlLCJpc3MiOiJTbmFwcGVyIiwiSldUX1NZU1RFTV9UQUciOiJhZG1pbiIsIkpXVF9VU0VSX0lEIjoiMTQ2NTE1OTQxNDc2NTQwODI1OCIsIkpXVF9FWFBJUkVfUE9MSUNZIjoiTEFTVF9BQ1RJVkUiLCJpYXQiOjE2ODY3ODg2MTMsImp0aSI6Ijg1MzkxMjUzNDEzMjk4MTc2MCJ9.Uh0heGYE0DcFks3ZYL_OYvLOqbDlqkFuKSXZBkQUc7ULXacrGj7D5j3-TMkEBZEDwNttoV7NXwoCC3kawUEeytkPDhT8Rc-B4LQBw-XwHe6wamARh-fY3I8QhZVwaYnGlhHm6TJJCIaa5HIbv49', 'admin'),
('1676024690235154434', '/api/oauth/token', 'POST', '{\"userName\":\"frog\",\"userPasswd\":\"e10adc3949ba59abbe56e057f20f883e\",\"autoLogin\":false,\"systemTag\":\"admin\",\"originPassword\":\"e10adc3949ba59abbe56e057f20f883e\"}', '系统登录', '2023-07-04 08:26:37', NULL, 'SUCCESS', '127.0.0.1', 'frog', '', '2023-07-04 08:26:40', 'frog', 'frog', '2023-07-04 08:26:40', 'SystemController.login', 2, 'snapper-authority', '用户登录', 'CHROME11:114.0.0.0', 'Mac OS X:Computer', '{\"path\":\"/api/oauth/token\",\"code\":200,\"data\":[{\"access_token\":\"eyJhbGciOiJSUzI1NiJ9.eyJKV1RfVVNFUl9OTyI6ImZyb2ciLCJKV1RfTVVMVElfTE9HSU4iOmZhbHNlLCJpc3MiOiJTbmFwcGVyIiwiSldUX1NZU1RFTV9UQUciOiJhZG1pbiIsIkpXVF9VU0VSX0lEIjoiMTQ2NTE1OTQxNDc2NTQwODI1OCIsIkpXVF9FWFBJUkVfUE9MSUNZIjoiRklYRUQiLCJpYXQiOjE2ODg0MzAzOTksImp0aSI6Ijg2MDc5ODY4NTkwMDk2Mzg0MCJ9.hruEC5wbNeRmONkD9FY8KbKSQ6ZZudONnXmGIGzFVyBqmIZ22-VEsdsK-LvBWRMmIXktdYD3HH7R5-zFMlvem9XdM1SL0egWXVV4UDb86wH1ZOa24T7jdfzEcqmlk9S_0aoYaniOrgyG8vR4pIzY4A_GT87', 'admin'),
('1676040547172945921', '/api/oauth/token', 'POST', '{\"userName\":\"frog\",\"userPasswd\":\"e10adc3949ba59abbe56e057f20f883e\",\"autoLogin\":false,\"systemTag\":\"admin\",\"originPassword\":\"e10adc3949ba59abbe56e057f20f883e\"}', '系统登录', '2023-07-04 09:29:38', NULL, 'SUCCESS', '192.168.0.100', 'frog', '', '2023-07-04 09:29:40', 'frog', 'frog', '2023-07-04 09:29:40', 'SystemController.login', 2, 'snapper-authority', '用户登录', 'CHROME11:114.0.0.0', 'Mac OS X:Computer', '{\"path\":\"/api/oauth/token\",\"code\":200,\"data\":[{\"access_token\":\"eyJhbGciOiJSUzI1NiJ9.eyJKV1RfVVNFUl9OTyI6ImZyb2ciLCJKV1RfTVVMVElfTE9HSU4iOmZhbHNlLCJpc3MiOiJTbmFwcGVyIiwiSldUX1NZU1RFTV9UQUciOiJhZG1pbiIsIkpXVF9VU0VSX0lEIjoiMTQ2NTE1OTQxNDc2NTQwODI1OCIsIkpXVF9FWFBJUkVfUE9MSUNZIjoiRklYRUQiLCJpYXQiOjE2ODg0MzQxODAsImp0aSI6Ijg2MDgxNDU0Mjc2NTAzMTQyNCJ9.JG2EfU4qaYd4cJDCZHsjzryaMEFysPAF_73tvP405tG3HjMgfdmmqdvxERfLVXatoeQFHANiqnCEZ55Ns_M4N7TZ6FUHZMKKBQ4EemFAH6qHQ8OJen5R8xzGCGyAQGj7jnxWrQ8Wu5Y0C1sctsMf7GeLzEy', 'admin'),
('1676070995028357122', '/api/oauth/token', 'POST', '{\"userName\":\"frog\",\"userPasswd\":\"e10adc3949ba59abbe56e057f20f883e\",\"autoLogin\":false,\"systemTag\":\"admin\",\"originPassword\":\"e10adc3949ba59abbe56e057f20f883e\"}', '系统登录', '2023-07-04 11:30:37', NULL, 'SUCCESS', '127.0.0.1', 'frog', '', '2023-07-04 11:30:40', 'frog', 'frog', '2023-07-04 11:30:40', 'SystemController.login', 2, 'snapper-authority', '用户登录', 'CHROME11:114.0.0.0', 'Mac OS X:Computer', '{\"path\":\"/api/oauth/token\",\"code\":200,\"data\":[{\"access_token\":\"eyJhbGciOiJSUzI1NiJ9.eyJKV1RfVVNFUl9OTyI6ImZyb2ciLCJKV1RfTVVMVElfTE9HSU4iOmZhbHNlLCJpc3MiOiJTbmFwcGVyIiwiSldUX1NZU1RFTV9UQUciOiJhZG1pbiIsIkpXVF9VU0VSX0lEIjoiMTQ2NTE1OTQxNDc2NTQwODI1OCIsIkpXVF9FWFBJUkVfUE9MSUNZIjoiRklYRUQiLCJpYXQiOjE2ODg0NDE0MzksImp0aSI6Ijg2MDg0NDk5MDcxNTEzMzk1MiJ9.RwC8CTpuOC0MGJ3HsB0Gy4Pi1xvfFo6mhyFPRL273XHRbF-4EzuJHtFTGe4zvnnjG1A5tPnwkS-3eLWcZuUxhKa_EWTh6cSf_C4SsCx3ZHqZk1u894f_g3JLgiilPnLoOvujaT2DY3XKeARO2pLdbzsKsxF', 'admin'),
('1676105797836222465', '/api/oauth/token', 'POST', '{\"userName\":\"frog\",\"userPasswd\":\"e10adc3949ba59abbe56e057f20f883e\",\"autoLogin\":false,\"systemTag\":\"admin\",\"originPassword\":\"e10adc3949ba59abbe56e057f20f883e\"}', '系统登录', '2023-07-04 13:48:57', NULL, 'SUCCESS', '127.0.0.1', 'frog', '', '2023-07-04 13:48:57', 'frog', 'frog', '2023-07-04 13:48:57', 'SystemController.login', 0, 'snapper-authority', '用户登录', 'CHROME11:114.0.0.0', 'Mac OS X:Computer', '{\"path\":\"/api/oauth/token\",\"code\":200,\"data\":[{\"access_token\":\"eyJhbGciOiJSUzI1NiJ9.eyJKV1RfVVNFUl9OTyI6ImZyb2ciLCJKV1RfTVVMVElfTE9HSU4iOmZhbHNlLCJpc3MiOiJTbmFwcGVyIiwiSldUX1NZU1RFTV9UQUciOiJhZG1pbiIsIkpXVF9VU0VSX0lEIjoiMTQ2NTE1OTQxNDc2NTQwODI1OCIsIkpXVF9FWFBJUkVfUE9MSUNZIjoiRklYRUQiLCJpYXQiOjE2ODg0NDk3MzcsImp0aSI6Ijg2MDg3OTc5NDM3NDQ0MzAwOCJ9.lllQabwJ0mOLX4KU9X-aF69WILRcnXsO5zZzjCFlp4wMvaCSnvh5TAanQqe8WAuEc6HMxs7Nz2LCTodtsU0DJ39SRMRidq6WMuzWyk8-idtEoDZysXofn4nwE4l39aWhHPvpSNDUyhJlMZM4eT8o-AC-cHX', 'admin'),
('1676106080762998785', '/api/oauth/token', 'POST', '{\"userName\":\"frog\",\"userPasswd\":\"e10adc3949ba59abbe56e057f20f883e\",\"autoLogin\":false,\"systemTag\":\"admin\",\"originPassword\":\"e10adc3949ba59abbe56e057f20f883e\"}', '系统登录', '2023-07-04 13:50:04', NULL, 'SUCCESS', '127.0.0.1', 'frog', '', '2023-07-04 13:50:05', 'frog', 'frog', '2023-07-04 13:50:05', 'SystemController.login', 1, 'snapper-authority', '用户登录', 'CHROME11:114.0.0.0', 'Mac OS X:Computer', '{\"path\":\"/api/oauth/token\",\"code\":200,\"data\":[{\"access_token\":\"eyJhbGciOiJSUzI1NiJ9.eyJKV1RfVVNFUl9OTyI6ImZyb2ciLCJKV1RfTVVMVElfTE9HSU4iOmZhbHNlLCJpc3MiOiJTbmFwcGVyIiwiSldUX1NZU1RFTV9UQUciOiJhZG1pbiIsIkpXVF9VU0VSX0lEIjoiMTQ2NTE1OTQxNDc2NTQwODI1OCIsIkpXVF9FWFBJUkVfUE9MSUNZIjoiRklYRUQiLCJpYXQiOjE2ODg0NDk4MDQsImp0aSI6Ijg2MDg4MDA3NzM2ODMyODE5MiJ9.H2jUalxXVWAnw6kkwVNnes_P0ervSsHoZMuuV1tEvAy9I9Xnzo2Lx9BF-PD5xh6Vg2MFG3kao0J-jkmRKHcLNgRFGBIbE2OMiwu6WAUk9nKw7ti9zPlBtuwIj2L3JESNWac7_X80Sm-jb6iIGlTV221JHvr', 'admin'),
('1676107617853890562', '/api/oauth/token', 'POST', '{\"userName\":\"frog\",\"userPasswd\":\"e10adc3949ba59abbe56e057f20f883e\",\"autoLogin\":false,\"systemTag\":\"admin\",\"originPassword\":\"e10adc3949ba59abbe56e057f20f883e\"}', '系统登录', '2023-07-04 13:56:09', NULL, 'SUCCESS', '127.0.0.1', 'frog', '', '2023-07-04 13:56:11', 'frog', 'frog', '2023-07-04 13:56:11', 'SystemController.login', 2, 'snapper-authority', '用户登录', 'CHROME11:114.0.0.0', 'Mac OS X:Computer', '{\"path\":\"/api/oauth/token\",\"code\":200,\"data\":[{\"access_token\":\"eyJhbGciOiJSUzI1NiJ9.eyJKV1RfVVNFUl9OTyI6ImZyb2ciLCJKV1RfTVVMVElfTE9HSU4iOmZhbHNlLCJpc3MiOiJTbmFwcGVyIiwiSldUX1NZU1RFTV9UQUciOiJhZG1pbiIsIkpXVF9VU0VSX0lEIjoiMTQ2NTE1OTQxNDc2NTQwODI1OCIsIkpXVF9FWFBJUkVfUE9MSUNZIjoiRklYRUQiLCJpYXQiOjE2ODg0NTAxNzEsImp0aSI6Ijg2MDg4MTYxMzc4ODAyMDczNiJ9.kd3OFVlvds02HZfy2tTR87uTDCb7mupf-4b-hhviq72UtwWs01xf5Roku4qaFOfnfYcnhXEsAR5hbdzStgh35yL2_cL_BMDH2wrNxOtTGvn86Tk9h3bhXyPv8oK_Oz-jt9BpfQDg1iAUWVJYtD3MBRyN_uL', 'admin'),
('1679043404094357506', '/api/oauth/token', 'POST', '{\"userName\":\"frog\",\"userPasswd\":\"e10adc3949ba59abbe56e057f20f883e\",\"groupId\":\"R010104\",\"autoLogin\":false,\"systemTag\":\"businessR010104\",\"originPassword\":\"e10adc3949ba59abbe56e057f20f883e\"}', '系统登录', '2023-07-12 16:21:55', NULL, 'SUCCESS', '127.0.0.1', 'frog', '', '2023-07-12 16:21:57', 'frog', 'frog', '2023-07-12 16:21:57', 'SystemController.login', 2, 'snapper-authority', '用户登录', 'CHROME11:114.0.0.0', 'Mac OS X:Computer', '{\"path\":\"/api/oauth/token\",\"code\":200,\"data\":[{\"access_token\":\"eyJhbGciOiJSUzI1NiJ9.eyJKV1RfVVNFUl9OTyI6ImZyb2ciLCJKV1RfTVVMVElfTE9HSU4iOmZhbHNlLCJpc3MiOiJTbmFwcGVyIiwiSldUX1NZU1RFTV9UQUciOiJidXNpbmVzc1IwMTAxMDQiLCJKV1RfVVNFUl9JRCI6IjE0NjUxNTk0MTQ3NjU0MDgyNTgiLCJKV1RfRVhQSVJFX1BPTElDWSI6IkZJWEVEIiwiaWF0IjoxNjg5MTUwMTE3LCJqdGkiOiI4NjM4MTczOTk1ODgwOTM5NTIifQ.FjzyJZLlkAEa3h8wcp3jIABUGDWQkgUKHWjIhIMPYizjxfup4IUUbi7nrEei1LQyThrlvDd-MVfEqukIx4BiMqjhfTCcG7RmpNZ9X8Dnkkp1t4gcBiaZDRH4HvzCf0AnMxHqpizlkN4sx', 'businessR010104'),
('1679384955429445634', '/api/oauth/token', 'POST', '{\"userName\":\"frog\",\"userPasswd\":\"e10adc3949ba59abbe56e057f20f883e\",\"autoLogin\":false,\"systemTag\":\"admin\",\"originPassword\":\"e10adc3949ba59abbe56e057f20f883e\"}', '系统登录', '2023-07-13 14:59:09', '{\"path\":\"/api/oauth/token\",\"code\":10038,\"message\":\"消息不可读取转化错误，请确认传递的消息格式是否正确!\"}', 'FAILURE', '127.0.0.1', 'frog', '', '2023-07-13 14:59:09', 'frog', 'frog', '2023-07-13 14:59:09', 'n.d', 0, 'snapper-authority', '其他', 'CHROME11:114.0.0.0', 'Mac OS X:Computer', NULL, 'admin'),
('1679399680242364418', '/api/oauth/token', 'POST', '{\"userName\":\"frog\",\"userPasswd\":\"e10adc3949ba59abbe56e057f20f883e\",\"autoLogin\":false,\"systemTag\":\"admin\",\"originPassword\":\"e10adc3949ba59abbe56e057f20f883e\"}', '系统登录', '2023-07-13 15:57:37', NULL, 'SUCCESS', '192.168.0.100', 'frog', '', '2023-07-13 15:57:40', 'frog', 'frog', '2023-07-13 15:57:40', 'SystemController.login', 3, 'snapper-authority', '用户登录', 'CHROME11:114.0.0.0', 'Mac OS X:Computer', '{\"path\":\"/api/oauth/token\",\"code\":200,\"data\":[{\"access_token\":\"eyJhbGciOiJSUzI1NiJ9.eyJKV1RfVVNFUl9OTyI6ImZyb2ciLCJKV1RfTVVMVElfTE9HSU4iOmZhbHNlLCJpc3MiOiJTbmFwcGVyIiwiSldUX1NZU1RFTV9UQUciOiJhZG1pbiIsIkpXVF9VU0VSX0lEIjoiMTQ2NTE1OTQxNDc2NTQwODI1OCIsIkpXVF9FWFBJUkVfUE9MSUNZIjoiRklYRUQiLCJpYXQiOjE2ODkyMzUwNTksImp0aSI6Ijg2NDE3MzY3NTc4MjM0MDYwOCJ9.G1KPtPk5GA_gdsAuLBPE89nxJQGQ2r-jyijggHmpGaP5aC8P8jGylcZpegSxs5EPUMJpy1b9rInjdYzO-cV0MzUTYzORnUpgUI5jKHUBcjw_wA9RGr0cu9kZLpwFXq15T1NvznMWVpknthOmdcWEkpr2NYY', 'admin'),
('1679401402209677313', '/api/oauth/token', 'POST', '{\"userName\":\"frog\",\"userPasswd\":\"e10adc3949ba59abbe56e057f20f883e\",\"groupId\":\"R010104\",\"autoLogin\":false,\"systemTag\":\"businessR010104\",\"originPassword\":\"e10adc3949ba59abbe56e057f20f883e\"}', '系统登录', '2023-07-13 16:04:30', NULL, 'SUCCESS', '127.0.0.1', 'frog', '', '2023-07-13 16:04:31', 'frog', 'frog', '2023-07-13 16:04:31', 'SystemController.login', 0, 'snapper-authority', '用户登录', 'CHROME11:114.0.0.0', 'Mac OS X:Computer', '{\"path\":\"/api/oauth/token\",\"code\":200,\"data\":[{\"access_token\":\"eyJhbGciOiJSUzI1NiJ9.eyJKV1RfVVNFUl9OTyI6ImZyb2ciLCJKV1RfTVVMVElfTE9HSU4iOmZhbHNlLCJpc3MiOiJTbmFwcGVyIiwiSldUX1NZU1RFTV9UQUciOiJidXNpbmVzc1IwMTAxMDQiLCJKV1RfVVNFUl9JRCI6IjE0NjUxNTk0MTQ3NjU0MDgyNTgiLCJKV1RfRVhQSVJFX1BPTElDWSI6IkZJWEVEIiwiaWF0IjoxNjg5MjM1NDcwLCJqdGkiOiI4NjQxNzUzOTg2NTE0Mjg4NjQifQ.l4Q0kGHoqA_-_ZbXoQZ3epugrucQ55tNjSkSCBrvdLL3sUHBFujHf-VuCTeeSrBtyJY42WqfN3mTbw-BVwCt02zUzQCsgvDOSYBeIVAnLIxQIZrFTssZ9jotRO7zNMt5s5NLuOoYbhcFy', 'businessR010104'),
('1679401737070325761', '/api/oauth/token', 'POST', '{\"userName\":\"frog\",\"userPasswd\":\"e10adc3949ba59abbe56e057f20f883e\",\"groupId\":\"R010104\",\"autoLogin\":false,\"systemTag\":\"businessR010104\",\"originPassword\":\"e10adc3949ba59abbe56e057f20f883e\"}', '系统登录', '2023-07-13 16:05:50', NULL, 'SUCCESS', '127.0.0.1', 'frog', '', '2023-07-13 16:05:51', 'frog', 'frog', '2023-07-13 16:05:51', 'SystemController.login', 0, 'snapper-authority', '用户登录', 'CHROME11:114.0.0.0', 'Mac OS X:Computer', '{\"path\":\"/api/oauth/token\",\"code\":200,\"data\":[{\"access_token\":\"eyJhbGciOiJSUzI1NiJ9.eyJKV1RfVVNFUl9OTyI6ImZyb2ciLCJKV1RfTVVMVElfTE9HSU4iOmZhbHNlLCJpc3MiOiJTbmFwcGVyIiwiSldUX1NZU1RFTV9UQUciOiJidXNpbmVzc1IwMTAxMDQiLCJKV1RfVVNFUl9JRCI6IjE0NjUxNTk0MTQ3NjU0MDgyNTgiLCJKV1RfRVhQSVJFX1BPTElDWSI6IkZJWEVEIiwiaWF0IjoxNjg5MjM1NTUwLCJqdGkiOiI4NjQxNzU3MzM2NTg4Nzc5NTIifQ.Xx-6ff6MozdAUEMAfOUKQmqosgPti6rc6ZAL4nNvzPCHr3fT5qAqMg6I9AWSJEYw2Mo-lqJ2QxwPga-oGRqygMx1T26GC_tt5vMp0a489x-QGAC-mW5vLEtRO3fQu2BLpy_HWQImvxzFE', 'businessR010104'),
('1679402015773437953', '/api/oauth/token', 'POST', '{\"userName\":\"frog\",\"userPasswd\":\"e10adc3949ba59abbe56e057f20f883e\",\"groupId\":\"R010104\",\"autoLogin\":false,\"systemTag\":\"businessR010104\",\"originPassword\":\"e10adc3949ba59abbe56e057f20f883e\"}', '系统登录', '2023-07-13 16:06:56', NULL, 'SUCCESS', '127.0.0.1', 'frog', '', '2023-07-13 16:06:57', 'frog', 'frog', '2023-07-13 16:06:57', 'SystemController.login', 0, 'snapper-authority', '用户登录', 'CHROME11:114.0.0.0', 'Mac OS X:Computer', '{\"path\":\"/api/oauth/token\",\"code\":200,\"data\":[{\"access_token\":\"eyJhbGciOiJSUzI1NiJ9.eyJKV1RfVVNFUl9OTyI6ImZyb2ciLCJKV1RfTVVMVElfTE9HSU4iOmZhbHNlLCJpc3MiOiJTbmFwcGVyIiwiSldUX1NZU1RFTV9UQUciOiJidXNpbmVzc1IwMTAxMDQiLCJKV1RfVVNFUl9JRCI6IjE0NjUxNTk0MTQ3NjU0MDgyNTgiLCJKV1RfRVhQSVJFX1BPTElDWSI6IkZJWEVEIiwiaWF0IjoxNjg5MjM1NjE2LCJqdGkiOiI4NjQxNzYwMTIzMjAwNDcxMDQifQ.gJKWY0sxP5DNz_x3NENn8mssP3CvSJdvMX2LZsTw8H6ORNDpkm1SOpahGg6lWHAGQBvOK-zEHHfuUf3jfFdPHwNq_MQP-pe0Tybcjy-4mlePKlSexSWbtDW2eDONFlNcYadqOMGVhRZKX', 'businessR010104'),
('1679404470406070274', '/api/param', 'PUT', '{\"id\":\"4\",\"paramCode\":\"EMAIL_USER_NAME\",\"paramName\":\"邮箱用户账号\",\"paramValue\":\"316279828@qq.com\"}', '参数更新', '2023-07-13 16:16:42', NULL, 'SUCCESS', '127.0.0.1', '大青蛙', '大青蛙', '2023-07-13 16:16:42', 'frog', 'frog', '2023-07-13 16:16:42', 'ParamController.updateParam', 0, 'snapper-authority', '更新', 'CHROME11:114.0.0.0', 'Mac OS X:Computer', '{\"path\":\"/api/param\",\"code\":200,\"data\":[],\"pageNo\":1,\"totalPage\":0,\"pageSize\":10,\"message\":\"OK\",\"totalCount\":0}', 'admin'),
('1679404544741720065', '/api/param', 'PUT', '{\"id\":\"6\",\"paramCode\":\"EMAIL_TITILE_NAME\",\"paramName\":\"邮箱显示名称\",\"paramValue\":\"QQ邮箱\"}', '参数更新', '2023-07-13 16:17:00', NULL, 'SUCCESS', '127.0.0.1', '大青蛙', '大青蛙', '2023-07-13 16:17:00', 'frog', 'frog', '2023-07-13 16:17:00', 'ParamController.updateParam', 0, 'snapper-authority', '更新', 'CHROME11:114.0.0.0', 'Mac OS X:Computer', '{\"path\":\"/api/param\",\"code\":200,\"data\":[],\"pageNo\":1,\"totalPage\":0,\"pageSize\":10,\"message\":\"OK\",\"totalCount\":0}', 'admin'),
('1679404612865605633', '/api/param', 'PUT', '{\"id\":\"8\",\"paramCode\":\"EMAIL_TITILE_PREFIX\",\"paramName\":\"邮箱标题前缀\",\"paramValue\":\"SNAPPER\"}', '参数更新', '2023-07-13 16:17:16', NULL, 'SUCCESS', '127.0.0.1', '大青蛙', '大青蛙', '2023-07-13 16:17:16', 'frog', 'frog', '2023-07-13 16:17:16', 'ParamController.updateParam', 0, 'snapper-authority', '更新', 'CHROME11:114.0.0.0', 'Mac OS X:Computer', '{\"path\":\"/api/param\",\"code\":200,\"data\":[],\"pageNo\":1,\"totalPage\":0,\"pageSize\":10,\"message\":\"OK\",\"totalCount\":0}', 'admin'),
('1679404645652480001', '/api/param', 'PUT', '{\"id\":\"6\",\"paramCode\":\"EMAIL_TITILE_NAME\",\"paramName\":\"邮箱显示名称\",\"paramValue\":\"SNAPPER\"}', '参数更新', '2023-07-13 16:17:24', NULL, 'SUCCESS', '127.0.0.1', '大青蛙', '大青蛙', '2023-07-13 16:17:24', 'frog', 'frog', '2023-07-13 16:17:24', 'ParamController.updateParam', 0, 'snapper-authority', '更新', 'CHROME11:114.0.0.0', 'Mac OS X:Computer', '{\"path\":\"/api/param\",\"code\":200,\"data\":[],\"pageNo\":1,\"totalPage\":0,\"pageSize\":10,\"message\":\"OK\",\"totalCount\":0}', 'admin'),
('1679404745984425986', '/api/param', 'PUT', '{\"id\":\"9\",\"paramCode\":\"WEBSITE_URL\",\"paramName\":\"网站URL\",\"paramValue\":\"http://www.baomibing.com\"}', '参数更新', '2023-07-13 16:17:48', NULL, 'SUCCESS', '127.0.0.1', '大青蛙', '大青蛙', '2023-07-13 16:17:48', 'frog', 'frog', '2023-07-13 16:17:48', 'ParamController.updateParam', 0, 'snapper-authority', '更新', 'CHROME11:114.0.0.0', 'Mac OS X:Computer', '{\"path\":\"/api/param\",\"code\":200,\"data\":[],\"pageNo\":1,\"totalPage\":0,\"pageSize\":10,\"message\":\"OK\",\"totalCount\":0}', 'admin'),
('1679404805916835841', '/api/param', 'PUT', '{\"id\":\"10\",\"paramCode\":\"WEBSITE_LOGO\",\"paramName\":\"网站LOGO\",\"paramValue\":\"http://www.baomibing.com\"}', '参数更新', '2023-07-13 16:18:02', NULL, 'SUCCESS', '127.0.0.1', '大青蛙', '大青蛙', '2023-07-13 16:18:02', 'frog', 'frog', '2023-07-13 16:18:02', 'ParamController.updateParam', 0, 'snapper-authority', '更新', 'CHROME11:114.0.0.0', 'Mac OS X:Computer', '{\"path\":\"/api/param\",\"code\":200,\"data\":[],\"pageNo\":1,\"totalPage\":0,\"pageSize\":10,\"message\":\"OK\",\"totalCount\":0}', 'admin'),
('1679404848707125250', '/api/param', 'PUT', '{\"id\":\"11\",\"paramCode\":\"WEBSITE_TITLE\",\"paramName\":\"网站标题\",\"paramValue\":\"SNAPPER\"}', '参数更新', '2023-07-13 16:18:12', NULL, 'SUCCESS', '127.0.0.1', '大青蛙', '大青蛙', '2023-07-13 16:18:12', 'frog', 'frog', '2023-07-13 16:18:12', 'ParamController.updateParam', 0, 'snapper-authority', '更新', 'CHROME11:114.0.0.0', 'Mac OS X:Computer', '{\"path\":\"/api/param\",\"code\":200,\"data\":[],\"pageNo\":1,\"totalPage\":0,\"pageSize\":10,\"message\":\"OK\",\"totalCount\":0}', 'admin'),
('1679404932488347649', '/api/param', 'DELETE', '[\"12\",\"1461579254455681025\",\"1531521015410167809\",\"1531521092665053186\",\"7\"]', '批量删除参数', '2023-07-13 16:18:32', NULL, 'SUCCESS', '127.0.0.1', '大青蛙', '大青蛙', '2023-07-13 16:18:32', 'frog', 'frog', '2023-07-13 16:18:32', 'ParamController.deleteParams', 0, 'snapper-authority', '删除', 'CHROME11:114.0.0.0', 'Mac OS X:Computer', '{\"path\":\"/api/param\",\"code\":200,\"data\":[],\"pageNo\":1,\"totalPage\":0,\"pageSize\":10,\"message\":\"OK\",\"totalCount\":0}', 'admin'),
('1679405981571858434', '/api/param', 'PUT', '{\"id\":\"5\",\"paramCode\":\"EMAIL_USER_PAWD\",\"paramName\":\"邮箱账号密码\",\"paramValue\":\"bzobloibawjmcbec\"}', '参数更新', '2023-07-13 16:22:42', NULL, 'SUCCESS', '127.0.0.1', '大青蛙', '大青蛙', '2023-07-13 16:22:43', 'frog', 'frog', '2023-07-13 16:22:43', 'ParamController.updateParam', 0, 'snapper-authority', '更新', 'CHROME11:114.0.0.0', 'Mac OS X:Computer', '{\"path\":\"/api/param\",\"code\":200,\"data\":[],\"pageNo\":1,\"totalPage\":0,\"pageSize\":10,\"message\":\"OK\",\"totalCount\":0}', 'admin'),
('1679406070478520322', '/api/param', 'PUT', '{\"id\":\"1\",\"paramCode\":\"SMTP_HOST\",\"paramName\":\"邮箱SMTP服务器\",\"paramValue\":\"qq.com\"}', '参数更新', '2023-07-13 16:23:04', NULL, 'SUCCESS', '127.0.0.1', '大青蛙', '大青蛙', '2023-07-13 16:23:04', 'frog', 'frog', '2023-07-13 16:23:04', 'ParamController.updateParam', 0, 'snapper-authority', '更新', 'CHROME11:114.0.0.0', 'Mac OS X:Computer', '{\"path\":\"/api/param\",\"code\":200,\"data\":[],\"pageNo\":1,\"totalPage\":0,\"pageSize\":10,\"message\":\"OK\",\"totalCount\":0}', 'admin'),
('1679408733484072962', '/api/group/addDepartment', 'POST', '{\"id\":\"\",\"parentId\":\"R01\",\"parentName\":\"青岛分公司\",\"groupName\":\"销售部\"}', '添加子部门', '2023-07-13 16:33:38', NULL, 'SUCCESS', '192.168.0.100', '大青蛙', '大青蛙', '2023-07-13 16:33:39', 'frog', 'frog', '2023-07-13 16:33:39', 'GroupController.addDepartment', 0, 'snapper-authority', '其他', 'CHROME11:114.0.0.0', 'Mac OS X:Computer', '{\"path\":\"/api/group/addDepartment\",\"code\":200,\"data\":[],\"pageNo\":1,\"totalPage\":0,\"pageSize\":10,\"message\":\"OK\",\"totalCount\":0}', 'admin'),
('1679408770062598145', '/api/group/addDepartment', 'POST', '{\"id\":\"\",\"parentId\":\"R01\",\"parentName\":\"青岛分公司\",\"groupName\":\"客服部\"}', '添加子部门', '2023-07-13 16:33:47', NULL, 'SUCCESS', '192.168.0.100', '大青蛙', '大青蛙', '2023-07-13 16:33:47', 'frog', 'frog', '2023-07-13 16:33:47', 'GroupController.addDepartment', 0, 'snapper-authority', '其他', 'CHROME11:114.0.0.0', 'Mac OS X:Computer', '{\"path\":\"/api/group/addDepartment\",\"code\":200,\"data\":[],\"pageNo\":1,\"totalPage\":0,\"pageSize\":10,\"message\":\"OK\",\"totalCount\":0}', 'admin'),
('1679408821182775297', '/api/group/addDepartment', 'POST', '{\"id\":\"\",\"parentId\":\"R01\",\"parentName\":\"青岛分公司\",\"groupName\":\"商管部\"}', '添加子部门', '2023-07-13 16:33:59', NULL, 'SUCCESS', '127.0.0.1', '大青蛙', '大青蛙', '2023-07-13 16:34:00', 'frog', 'frog', '2023-07-13 16:34:00', 'GroupController.addDepartment', 0, 'snapper-authority', '其他', 'CHROME11:114.0.0.0', 'Mac OS X:Computer', '{\"path\":\"/api/group/addDepartment\",\"code\":200,\"data\":[],\"pageNo\":1,\"totalPage\":0,\"pageSize\":10,\"message\":\"OK\",\"totalCount\":0}', 'admin'),
('1679408864145031169', '/api/group/addDepartment', 'POST', '{\"id\":\"\",\"parentId\":\"R02\",\"parentName\":\"上海分公司\",\"groupName\":\"销售部\"}', '添加子部门', '2023-07-13 16:34:10', NULL, 'SUCCESS', '127.0.0.1', '大青蛙', '大青蛙', '2023-07-13 16:34:10', 'frog', 'frog', '2023-07-13 16:34:10', 'GroupController.addDepartment', 0, 'snapper-authority', '其他', 'CHROME11:114.0.0.0', 'Mac OS X:Computer', '{\"path\":\"/api/group/addDepartment\",\"code\":200,\"data\":[],\"pageNo\":1,\"totalPage\":0,\"pageSize\":10,\"message\":\"OK\",\"totalCount\":0}', 'admin'),
('1679412711722696706', '/api/group/addDepartment', 'POST', '{\"id\":\"\",\"parentId\":\"R02\",\"parentName\":\"上海分公司\",\"groupName\":\"客服部\"}', '添加子部门', '2023-07-13 16:49:27', NULL, 'SUCCESS', '127.0.0.1', '大青蛙', '大青蛙', '2023-07-13 16:49:27', 'frog', 'frog', '2023-07-13 16:49:27', 'GroupController.addDepartment', 0, 'snapper-authority', '其他', 'CHROME11:114.0.0.0', 'Mac OS X:Computer', '{\"path\":\"/api/group/addDepartment\",\"code\":200,\"data\":[],\"pageNo\":1,\"totalPage\":0,\"pageSize\":10,\"message\":\"OK\",\"totalCount\":0}', 'admin'),
('1679412754307465217', '/api/group/addDepartment', 'POST', '{\"id\":\"\",\"parentId\":\"R02\",\"parentName\":\"上海分公司\",\"groupName\":\"商管部\"}', '添加子部门', '2023-07-13 16:49:37', NULL, 'SUCCESS', '127.0.0.1', '大青蛙', '大青蛙', '2023-07-13 16:49:37', 'frog', 'frog', '2023-07-13 16:49:37', 'GroupController.addDepartment', 0, 'snapper-authority', '其他', 'CHROME11:114.0.0.0', 'Mac OS X:Computer', '{\"path\":\"/api/group/addDepartment\",\"code\":200,\"data\":[],\"pageNo\":1,\"totalPage\":0,\"pageSize\":10,\"message\":\"OK\",\"totalCount\":0}', 'admin'),
('1679416521425797121', '/api/group/addDepartment', 'POST', '{\"id\":\"\",\"parentId\":\"R0102\",\"parentName\":\"销售部\",\"groupName\":\"销售一部\"}', '添加子部门', '2023-07-13 17:04:35', NULL, 'SUCCESS', '127.0.0.1', '大青蛙', '大青蛙', '2023-07-13 17:04:35', 'frog', 'frog', '2023-07-13 17:04:35', 'GroupController.addDepartment', 0, 'snapper-authority', '其他', 'CHROME11:114.0.0.0', 'Mac OS X:Computer', '{\"path\":\"/api/group/addDepartment\",\"code\":200,\"data\":[],\"pageNo\":1,\"totalPage\":0,\"pageSize\":10,\"message\":\"OK\",\"totalCount\":0}', 'admin'),
('1679416562727108609', '/api/group/addDepartment', 'POST', '{\"id\":\"\",\"parentId\":\"R0102\",\"parentName\":\"销售部\",\"groupName\":\"销售二部\"}', '添加子部门', '2023-07-13 17:04:45', NULL, 'SUCCESS', '127.0.0.1', '大青蛙', '大青蛙', '2023-07-13 17:04:45', 'frog', 'frog', '2023-07-13 17:04:45', 'GroupController.addDepartment', 0, 'snapper-authority', '其他', 'CHROME11:114.0.0.0', 'Mac OS X:Computer', '{\"path\":\"/api/group/addDepartment\",\"code\":200,\"data\":[],\"pageNo\":1,\"totalPage\":0,\"pageSize\":10,\"message\":\"OK\",\"totalCount\":0}', 'admin'),
('1679416615218823169', '/api/group/addUsers', 'POST', '{\"groupId\":\"R010201\",\"users\":[\"1679415077138186242\",\"1679415468991037442\"]}', '添加成员', '2023-07-13 17:04:58', NULL, 'SUCCESS', '127.0.0.1', '大青蛙', '大青蛙', '2023-07-13 17:04:58', 'frog', 'frog', '2023-07-13 17:04:58', 'GroupController.addUsers', 0, 'snapper-authority', '其他', 'CHROME11:114.0.0.0', 'Mac OS X:Computer', '{\"path\":\"/api/group/addUsers\",\"code\":200,\"data\":[],\"pageNo\":1,\"totalPage\":0,\"pageSize\":10,\"message\":\"OK\",\"totalCount\":0}', 'admin'),
('1679416651440832513', '/api/group/addUsers', 'POST', '{\"groupId\":\"R010202\",\"users\":[\"1679415289932005377\",\"1679415700801830914\"]}', '添加成员', '2023-07-13 17:05:06', NULL, 'SUCCESS', '127.0.0.1', '大青蛙', '大青蛙', '2023-07-13 17:05:06', 'frog', 'frog', '2023-07-13 17:05:06', 'GroupController.addUsers', 0, 'snapper-authority', '其他', 'CHROME11:114.0.0.0', 'Mac OS X:Computer', '{\"path\":\"/api/group/addUsers\",\"code\":200,\"data\":[],\"pageNo\":1,\"totalPage\":0,\"pageSize\":10,\"message\":\"OK\",\"totalCount\":0}', 'admin'),
('1679416684043157506', '/api/group/addUsers', 'POST', '{\"groupId\":\"R0102\",\"users\":[\"1679415851368955905\"]}', '添加成员', '2023-07-13 17:05:14', NULL, 'SUCCESS', '127.0.0.1', '大青蛙', '大青蛙', '2023-07-13 17:05:14', 'frog', 'frog', '2023-07-13 17:05:14', 'GroupController.addUsers', 0, 'snapper-authority', '其他', 'CHROME11:114.0.0.0', 'Mac OS X:Computer', '{\"path\":\"/api/group/addUsers\",\"code\":200,\"data\":[],\"pageNo\":1,\"totalPage\":0,\"pageSize\":10,\"message\":\"OK\",\"totalCount\":0}', 'admin'),
('1679417112747163649', '/api/group/addUsers', 'POST', '{\"groupId\":\"R0102\",\"users\":[\"1679417065427025921\"]}', '添加成员', '2023-07-13 17:06:56', NULL, 'SUCCESS', '127.0.0.1', '大青蛙', '大青蛙', '2023-07-13 17:06:56', 'frog', 'frog', '2023-07-13 17:06:56', 'GroupController.addUsers', 0, 'snapper-authority', '其他', 'CHROME11:114.0.0.0', 'Mac OS X:Computer', '{\"path\":\"/api/group/addUsers\",\"code\":200,\"data\":[],\"pageNo\":1,\"totalPage\":0,\"pageSize\":10,\"message\":\"OK\",\"totalCount\":0}', 'admin'),
('1679417253570920449', '/api/position', 'POST', '{\"orgId\":\"R0102\",\"postName\":\"总监\",\"permScope\":\"CURRENT_GROUP\",\"beManager\":true,\"entrusts\":[]}', '职位新增', '2023-07-13 17:07:30', NULL, 'SUCCESS', '127.0.0.1', '大青蛙', '大青蛙', '2023-07-13 17:07:30', 'frog', 'frog', '2023-07-13 17:07:30', 'PositionController.savePosition', 0, 'snapper-authority', '新增', 'CHROME11:114.0.0.0', 'Mac OS X:Computer', '{\"path\":\"/api/position\",\"code\":200,\"data\":[],\"pageNo\":1,\"totalPage\":0,\"pageSize\":10,\"message\":\"OK\",\"totalCount\":0}', 'admin'),
('1679417277579116545', '/api/position', 'PUT', '{\"id\":\"1679417253478645761\",\"orgId\":\"R0102\",\"postName\":\"总监\",\"permScope\":\"CURRENT_GROUP\",\"beManager\":true,\"entrusts\":[]}', '职位修改', '2023-07-13 17:07:36', NULL, 'SUCCESS', '127.0.0.1', '大青蛙', '大青蛙', '2023-07-13 17:07:36', 'frog', 'frog', '2023-07-13 17:07:36', 'PositionController.updatePosition', 0, 'snapper-authority', '更新', 'CHROME11:114.0.0.0', 'Mac OS X:Computer', '{\"path\":\"/api/position\",\"code\":200,\"data\":[],\"pageNo\":1,\"totalPage\":0,\"pageSize\":10,\"message\":\"OK\",\"totalCount\":0}', 'admin'),
('1679417534262132738', '/api/position', 'POST', '{\"orgId\":\"R0102\",\"postName\":\"副总监\",\"permScope\":\"UNDERLING_GROUP\",\"entrusts\":[]}', '职位新增', '2023-07-13 17:08:37', NULL, 'SUCCESS', '127.0.0.1', '大青蛙', '大青蛙', '2023-07-13 17:08:37', 'frog', 'frog', '2023-07-13 17:08:37', 'PositionController.savePosition', 0, 'snapper-authority', '新增', 'CHROME11:114.0.0.0', 'Mac OS X:Computer', '{\"path\":\"/api/position\",\"code\":200,\"data\":[],\"pageNo\":1,\"totalPage\":0,\"pageSize\":10,\"message\":\"OK\",\"totalCount\":0}', 'admin'),
('1679417579719999489', '/api/group/assignPosition', 'POST', '{\"id\":\"1679416683992825858\",\"groupId\":\"R0102\",\"groupName\":\"销售部\",\"userId\":\"1679415851368955905\",\"positionId\":\"1679417253478645761\"}', '修改成员职位', '2023-07-13 17:08:48', NULL, 'SUCCESS', '127.0.0.1', '大青蛙', '大青蛙', '2023-07-13 17:08:48', 'frog', 'frog', '2023-07-13 17:08:48', 'GroupController.assignUserPosition', 0, 'snapper-authority', '其他', 'CHROME11:114.0.0.0', 'Mac OS X:Computer', '{\"path\":\"/api/group/assignPosition\",\"code\":200,\"data\":[],\"pageNo\":1,\"totalPage\":0,\"pageSize\":10,\"message\":\"OK\",\"totalCount\":0}', 'admin'),
('1679417658312867842', '/api/group/assignPosition', 'POST', '{\"id\":\"1679417112650694657\",\"groupId\":\"R0102\",\"groupName\":\"销售部\",\"userId\":\"1679417065427025921\",\"positionId\":\"1679417253478645761\"}', '修改成员职位', '2023-07-13 17:09:06', NULL, 'SUCCESS', '127.0.0.1', '大青蛙', '大青蛙', '2023-07-13 17:09:06', 'frog', 'frog', '2023-07-13 17:09:06', 'GroupController.assignUserPosition', 0, 'snapper-authority', '其他', 'CHROME11:114.0.0.0', 'Mac OS X:Computer', '{\"path\":\"/api/group/assignPosition\",\"code\":200,\"data\":[],\"pageNo\":1,\"totalPage\":0,\"pageSize\":10,\"message\":\"OK\",\"totalCount\":0}', 'admin'),
('1679423092583153666', '/api/group/assignPosition', 'POST', '{\"id\":\"1679417112650694657\",\"groupId\":\"R0102\",\"groupName\":\"销售部\",\"userId\":\"1679417065427025921\",\"positionId\":\"1679417534195023873\"}', '修改成员职位', '2023-07-13 17:30:42', NULL, 'SUCCESS', '127.0.0.1', '大青蛙', '大青蛙', '2023-07-13 17:30:42', 'frog', 'frog', '2023-07-13 17:30:42', 'GroupController.assignUserPosition', 0, 'snapper-authority', '其他', 'CHROME11:114.0.0.0', 'Mac OS X:Computer', '{\"path\":\"/api/group/assignPosition\",\"code\":200,\"data\":[],\"pageNo\":1,\"totalPage\":0,\"pageSize\":10,\"message\":\"OK\",\"totalCount\":0}', 'admin'),
('1679423855350890497', '/api/group/assignPosition', 'POST', '{\"id\":\"1679417112650694657\",\"groupId\":\"R0102\",\"groupName\":\"销售部\",\"userId\":\"1679417065427025921\"}', '修改成员职位', '2023-07-13 17:33:44', NULL, 'SUCCESS', '127.0.0.1', '大青蛙', '大青蛙', '2023-07-13 17:33:44', 'frog', 'frog', '2023-07-13 17:33:44', 'GroupController.assignUserPosition', 0, 'snapper-authority', '其他', 'CHROME11:114.0.0.0', 'Mac OS X:Computer', '{\"path\":\"/api/group/assignPosition\",\"code\":200,\"data\":[],\"pageNo\":1,\"totalPage\":0,\"pageSize\":10,\"message\":\"OK\",\"totalCount\":0}', 'admin'),
('1679424531338477569', '/api/group/assignPosition', 'POST', '{\"id\":\"1679417112650694657\",\"groupId\":\"R0102\",\"groupName\":\"销售部\",\"userId\":\"1679417065427025921\",\"positionId\":\"1679417534195023873\"}', '修改成员职位', '2023-07-13 17:36:25', NULL, 'SUCCESS', '127.0.0.1', '大青蛙', '大青蛙', '2023-07-13 17:36:25', 'frog', 'frog', '2023-07-13 17:36:25', 'GroupController.assignUserPosition', 0, 'snapper-authority', '其他', 'CHROME11:114.0.0.0', 'Mac OS X:Computer', '{\"path\":\"/api/group/assignPosition\",\"code\":200,\"data\":[],\"pageNo\":1,\"totalPage\":0,\"pageSize\":10,\"message\":\"OK\",\"totalCount\":0}', 'admin'),
('1679454440931057666', '/api/oauth/token', 'POST', '{\"userName\":\"frog\",\"userPasswd\":\"e10adc3949ba59abbe56e057f20f883e\",\"autoLogin\":false,\"systemTag\":\"admin\",\"originPassword\":\"e10adc3949ba59abbe56e057f20f883e\"}', '系统登录', '2023-07-13 19:35:12', NULL, 'SUCCESS', '192.168.0.39', 'frog', '', '2023-07-13 19:35:16', 'frog', 'frog', '2023-07-13 19:35:16', 'SystemController.login', 3, 'snapper-authority', '用户登录', 'CHROME11:114.0.0.0', 'Mac OS X:Computer', '{\"path\":\"/api/oauth/token\",\"code\":200,\"data\":[{\"access_token\":\"eyJhbGciOiJSUzI1NiJ9.eyJKV1RfVVNFUl9OTyI6ImZyb2ciLCJKV1RfTVVMVElfTE9HSU4iOmZhbHNlLCJpc3MiOiJTbmFwcGVyIiwiSldUX1NZU1RFTV9UQUciOiJhZG1pbiIsIkpXVF9VU0VSX0lEIjoiMTQ2NTE1OTQxNDc2NTQwODI1OCIsIkpXVF9FWFBJUkVfUE9MSUNZIjoiRklYRUQiLCJpYXQiOjE2ODkyNDgxMTUsImp0aSI6Ijg2NDIyODQzNjU4NjAwNDQ4MCJ9.IoqyApG70Sno9gHzeRIycTMgEi6j0N0V864vXR3uYoVNBBuMT_cAD3yj6_-VBwK-T3uD8s8g8UJpQFxNGTISZX16SyuUrLdfl_XekP1EJ14p6KAQOxe1hnRtrYxEuvWpXmqJJLKeDSR3CjsZ6QpFSnDBkL0', 'admin'),
('1679456566512050178', '/api/group/addDepartment', 'POST', '{\"id\":\"\",\"parentId\":\"R0201\",\"parentName\":\"销售部\",\"groupName\":\"四季部\"}', '添加子部门', '2023-07-13 19:43:43', NULL, 'SUCCESS', '192.168.0.39', '大青蛙', '大青蛙', '2023-07-13 19:43:43', 'frog', 'frog', '2023-07-13 19:43:43', 'GroupController.addDepartment', 0, 'snapper-authority', '其他', 'CHROME11:114.0.0.0', 'Mac OS X:Computer', '{\"path\":\"/api/group/addDepartment\",\"code\":200,\"data\":[],\"pageNo\":1,\"totalPage\":0,\"pageSize\":10,\"message\":\"OK\",\"totalCount\":0}', 'admin'),
('1679456609428168706', '/api/group/addDepartment', 'POST', '{\"id\":\"\",\"parentId\":\"R0201\",\"parentName\":\"销售部\",\"groupName\":\"天文部\"}', '添加子部门', '2023-07-13 19:43:53', NULL, 'SUCCESS', '192.168.0.39', '大青蛙', '大青蛙', '2023-07-13 19:43:53', 'frog', 'frog', '2023-07-13 19:43:53', 'GroupController.addDepartment', 0, 'snapper-authority', '其他', 'CHROME11:114.0.0.0', 'Mac OS X:Computer', '{\"path\":\"/api/group/addDepartment\",\"code\":200,\"data\":[],\"pageNo\":1,\"totalPage\":0,\"pageSize\":10,\"message\":\"OK\",\"totalCount\":0}', 'admin'),
('1679456642793857026', '/api/group/addUsers', 'POST', '{\"groupId\":\"R020101\",\"users\":[\"1679416050334154754\",\"1679416241044963329\",\"1679416426139598850\",\"1679455809830248449\"]}', '添加成员', '2023-07-13 19:44:01', NULL, 'SUCCESS', '192.168.0.39', '大青蛙', '大青蛙', '2023-07-13 19:44:01', 'frog', 'frog', '2023-07-13 19:44:01', 'GroupController.addUsers', 0, 'snapper-authority', '其他', 'CHROME11:114.0.0.0', 'Mac OS X:Computer', '{\"path\":\"/api/group/addUsers\",\"code\":200,\"data\":[],\"pageNo\":1,\"totalPage\":0,\"pageSize\":10,\"message\":\"OK\",\"totalCount\":0}', 'admin'),
('1679456666521034754', '/api/group/addUsers', 'POST', '{\"groupId\":\"R020102\",\"users\":[\"1679456122960207874\",\"1679456291973881858\"]}', '添加成员', '2023-07-13 19:44:07', NULL, 'SUCCESS', '192.168.0.39', '大青蛙', '大青蛙', '2023-07-13 19:44:07', 'frog', 'frog', '2023-07-13 19:44:07', 'GroupController.addUsers', 0, 'snapper-authority', '其他', 'CHROME11:114.0.0.0', 'Mac OS X:Computer', '{\"path\":\"/api/group/addUsers\",\"code\":200,\"data\":[],\"pageNo\":1,\"totalPage\":0,\"pageSize\":10,\"message\":\"OK\",\"totalCount\":0}', 'admin'),
('1679456876487892993', '/api/group/addUsers', 'POST', '{\"groupId\":\"R0201\",\"users\":[\"1679456829742374914\"]}', '添加成员', '2023-07-13 19:44:57', NULL, 'SUCCESS', '192.168.0.39', '大青蛙', '大青蛙', '2023-07-13 19:44:57', 'frog', 'frog', '2023-07-13 19:44:57', 'GroupController.addUsers', 0, 'snapper-authority', '其他', 'CHROME11:114.0.0.0', 'Mac OS X:Computer', '{\"path\":\"/api/group/addUsers\",\"code\":200,\"data\":[],\"pageNo\":1,\"totalPage\":0,\"pageSize\":10,\"message\":\"OK\",\"totalCount\":0}', 'admin'),
('1679457210245439489', '/api/position', 'POST', '{\"orgId\":\"R0201\",\"postName\":\"销售总监\",\"permScope\":\"CURRENT_GROUP\",\"entrusts\":[]}', '职位新增', '2023-07-13 19:46:16', NULL, 'SUCCESS', '192.168.0.39', '大青蛙', '大青蛙', '2023-07-13 19:46:16', 'frog', 'frog', '2023-07-13 19:46:16', 'PositionController.savePosition', 0, 'snapper-authority', '新增', 'CHROME11:114.0.0.0', 'Mac OS X:Computer', '{\"path\":\"/api/position\",\"code\":200,\"data\":[],\"pageNo\":1,\"totalPage\":0,\"pageSize\":10,\"message\":\"OK\",\"totalCount\":0}', 'admin'),
('1679457248031924226', '/api/position', 'PUT', '{\"id\":\"1679457210190913537\",\"orgId\":\"R0201\",\"postName\":\"销售总监\",\"permScope\":\"CURRENT_GROUP\",\"beManager\":true,\"entrusts\":[]}', '职位修改', '2023-07-13 19:46:25', NULL, 'SUCCESS', '192.168.0.39', '大青蛙', '大青蛙', '2023-07-13 19:46:25', 'frog', 'frog', '2023-07-13 19:46:25', 'PositionController.updatePosition', 0, 'snapper-authority', '更新', 'CHROME11:114.0.0.0', 'Mac OS X:Computer', '{\"path\":\"/api/position\",\"code\":200,\"data\":[],\"pageNo\":1,\"totalPage\":0,\"pageSize\":10,\"message\":\"OK\",\"totalCount\":0}', 'admin'),
('1679457784462360578', '/api/position', 'PUT', '{\"id\":\"1679457210190913537\",\"orgId\":\"R0201\",\"postName\":\"销售总监\",\"permScope\":\"CURRENT_GROUP\",\"beManager\":true,\"entrusts\":[]}', '职位修改', '2023-07-13 19:48:33', NULL, 'SUCCESS', '192.168.0.39', '大青蛙', '大青蛙', '2023-07-13 19:48:33', 'frog', 'frog', '2023-07-13 19:48:33', 'PositionController.updatePosition', 0, 'snapper-authority', '更新', 'CHROME11:114.0.0.0', 'Mac OS X:Computer', '{\"path\":\"/api/position\",\"code\":200,\"data\":[],\"pageNo\":1,\"totalPage\":0,\"pageSize\":10,\"message\":\"OK\",\"totalCount\":0}', 'admin'),
('1679457838635991041', '/api/group/assignPosition', 'POST', '{\"id\":\"1679456876395618305\",\"groupId\":\"R0201\",\"groupName\":\"销售部\",\"userId\":\"1679456829742374914\",\"positionId\":\"1679457210190913537\"}', '修改成员职位', '2023-07-13 19:48:46', NULL, 'SUCCESS', '192.168.0.39', '大青蛙', '大青蛙', '2023-07-13 19:48:46', 'frog', 'frog', '2023-07-13 19:48:46', 'GroupController.assignUserPosition', 0, 'snapper-authority', '其他', 'CHROME11:114.0.0.0', 'Mac OS X:Computer', '{\"path\":\"/api/group/assignPosition\",\"code\":200,\"data\":[],\"pageNo\":1,\"totalPage\":0,\"pageSize\":10,\"message\":\"OK\",\"totalCount\":0}', 'admin'),
('1679459230268309506', '/api/group/addUsers', 'POST', '{\"groupId\":\"R0103\",\"users\":[\"1679458423720427521\",\"1679458549335638018\",\"1679458715845312514\"]}', '添加成员', '2023-07-13 19:54:18', NULL, 'SUCCESS', '192.168.0.39', '大青蛙', '大青蛙', '2023-07-13 19:54:18', 'frog', 'frog', '2023-07-13 19:54:18', 'GroupController.addUsers', 0, 'snapper-authority', '其他', 'CHROME11:114.0.0.0', 'Mac OS X:Computer', '{\"path\":\"/api/group/addUsers\",\"code\":200,\"data\":[],\"pageNo\":1,\"totalPage\":0,\"pageSize\":10,\"message\":\"OK\",\"totalCount\":0}', 'admin'),
('1679459256243634177', '/api/group/addUsers', 'POST', '{\"groupId\":\"R0202\",\"users\":[\"1679458845948428289\",\"1679458996876263425\",\"1679459176417640450\"]}', '添加成员', '2023-07-13 19:54:24', NULL, 'SUCCESS', '192.168.0.39', '大青蛙', '大青蛙', '2023-07-13 19:54:24', 'frog', 'frog', '2023-07-13 19:54:24', 'GroupController.addUsers', 0, 'snapper-authority', '其他', 'CHROME11:114.0.0.0', 'Mac OS X:Computer', '{\"path\":\"/api/group/addUsers\",\"code\":200,\"data\":[],\"pageNo\":1,\"totalPage\":0,\"pageSize\":10,\"message\":\"OK\",\"totalCount\":0}', 'admin'),
('1679459322622689281', '/api/position', 'POST', '{\"orgId\":\"R0202\",\"postName\":\"主管\",\"permScope\":\"CURRENT_GROUP\",\"entrusts\":[]}', '职位新增', '2023-07-13 19:54:40', NULL, 'SUCCESS', '192.168.0.39', '大青蛙', '大青蛙', '2023-07-13 19:54:40', 'frog', 'frog', '2023-07-13 19:54:40', 'PositionController.savePosition', 0, 'snapper-authority', '新增', 'CHROME11:114.0.0.0', 'Mac OS X:Computer', '{\"path\":\"/api/position\",\"code\":200,\"data\":[],\"pageNo\":1,\"totalPage\":0,\"pageSize\":10,\"message\":\"OK\",\"totalCount\":0}', 'admin'),
('1679459392881475585', '/api/position', 'POST', '{\"orgId\":\"R0103\",\"postName\":\"主管\",\"permScope\":\"CURRENT_GROUP\",\"entrusts\":[]}', '职位新增', '2023-07-13 19:54:57', NULL, 'SUCCESS', '192.168.0.39', '大青蛙', '大青蛙', '2023-07-13 19:54:57', 'frog', 'frog', '2023-07-13 19:54:57', 'PositionController.savePosition', 0, 'snapper-authority', '新增', 'CHROME11:114.0.0.0', 'Mac OS X:Computer', '{\"path\":\"/api/position\",\"code\":200,\"data\":[],\"pageNo\":1,\"totalPage\":0,\"pageSize\":10,\"message\":\"OK\",\"totalCount\":0}', 'admin'),
('1679459431930445826', '/api/group/assignPosition', 'POST', '{\"id\":\"1679459256008753154\",\"groupId\":\"R0202\",\"groupName\":\"客服部\",\"userId\":\"1679458996876263425\",\"positionId\":\"1679459322559774722\"}', '修改成员职位', '2023-07-13 19:55:06', NULL, 'SUCCESS', '192.168.0.39', '大青蛙', '大青蛙', '2023-07-13 19:55:06', 'frog', 'frog', '2023-07-13 19:55:06', 'GroupController.assignUserPosition', 0, 'snapper-authority', '其他', 'CHROME11:114.0.0.0', 'Mac OS X:Computer', '{\"path\":\"/api/group/assignPosition\",\"code\":200,\"data\":[],\"pageNo\":1,\"totalPage\":0,\"pageSize\":10,\"message\":\"OK\",\"totalCount\":0}', 'admin'),
('1679459470077640705', '/api/group/assignPosition', 'POST', '{\"id\":\"1679459229995679746\",\"groupId\":\"R0103\",\"groupName\":\"客服部\",\"userId\":\"1679458423720427521\",\"positionId\":\"1679459392810172418\"}', '修改成员职位', '2023-07-13 19:55:15', NULL, 'SUCCESS', '192.168.0.39', '大青蛙', '大青蛙', '2023-07-13 19:55:15', 'frog', 'frog', '2023-07-13 19:55:15', 'GroupController.assignUserPosition', 0, 'snapper-authority', '其他', 'CHROME11:114.0.0.0', 'Mac OS X:Computer', '{\"path\":\"/api/group/assignPosition\",\"code\":200,\"data\":[],\"pageNo\":1,\"totalPage\":0,\"pageSize\":10,\"message\":\"OK\",\"totalCount\":0}', 'admin'),
('1679462882441740290', '/api/position', 'PUT', '{\"id\":\"1679457210190913537\",\"orgId\":\"R0201\",\"postName\":\"总监\",\"permScope\":\"CURRENT_GROUP\",\"beManager\":true,\"entrusts\":[]}', '职位修改', '2023-07-13 20:08:49', NULL, 'SUCCESS', '192.168.0.39', '大青蛙', '大青蛙', '2023-07-13 20:08:49', 'frog', 'frog', '2023-07-13 20:08:49', 'PositionController.updatePosition', 0, 'snapper-authority', '更新', 'CHROME11:114.0.0.0', 'Mac OS X:Computer', '{\"path\":\"/api/position\",\"code\":200,\"data\":[],\"pageNo\":1,\"totalPage\":0,\"pageSize\":10,\"message\":\"OK\",\"totalCount\":0}', 'admin'),
('1679464006871728129', '/api/group/addUsers', 'POST', '{\"groupId\":\"R0203\",\"users\":[\"1679463897698189314\"]}', '添加成员', '2023-07-13 20:13:17', NULL, 'SUCCESS', '192.168.0.39', '大青蛙', '大青蛙', '2023-07-13 20:13:17', 'frog', 'frog', '2023-07-13 20:13:17', 'GroupController.addUsers', 0, 'snapper-authority', '其他', 'CHROME11:114.0.0.0', 'Mac OS X:Computer', '{\"path\":\"/api/group/addUsers\",\"code\":200,\"data\":[],\"pageNo\":1,\"totalPage\":0,\"pageSize\":10,\"message\":\"OK\",\"totalCount\":0}', 'admin'),
('1679464048751853570', '/api/group/addUsers', 'POST', '{\"groupId\":\"R0104\",\"users\":[\"1679463655183532034\"]}', '添加成员', '2023-07-13 20:13:27', NULL, 'SUCCESS', '192.168.0.39', '大青蛙', '大青蛙', '2023-07-13 20:13:27', 'frog', 'frog', '2023-07-13 20:13:27', 'GroupController.addUsers', 0, 'snapper-authority', '其他', 'CHROME11:114.0.0.0', 'Mac OS X:Computer', '{\"path\":\"/api/group/addUsers\",\"code\":200,\"data\":[],\"pageNo\":1,\"totalPage\":0,\"pageSize\":10,\"message\":\"OK\",\"totalCount\":0}', 'admin'),
('1679467107280273409', '/api/oauth/token', 'POST', '{\"userName\":\"frog\",\"userPasswd\":\"e10adc3949ba59abbe56e057f20f883e\",\"groupId\":\"R010104\",\"autoLogin\":false,\"systemTag\":\"businessR010104\",\"originPassword\":\"e10adc3949ba59abbe56e057f20f883e\"}', '系统登录', '2023-07-13 20:25:34', NULL, 'SUCCESS', '192.168.0.39', 'frog', '', '2023-07-13 20:25:36', 'frog', 'frog', '2023-07-13 20:25:36', 'SystemController.login', 2, 'snapper-authority', '用户登录', 'CHROME11:114.0.0.0', 'Mac OS X:Computer', '{\"path\":\"/api/oauth/token\",\"code\":200,\"data\":[{\"access_token\":\"eyJhbGciOiJSUzI1NiJ9.eyJKV1RfVVNFUl9OTyI6ImZyb2ciLCJKV1RfTVVMVElfTE9HSU4iOmZhbHNlLCJpc3MiOiJTbmFwcGVyIiwiSldUX1NZU1RFTV9UQUciOiJidXNpbmVzc1IwMTAxMDQiLCJKV1RfVVNFUl9JRCI6IjE0NjUxNTk0MTQ3NjU0MDgyNTgiLCJKV1RfRVhQSVJFX1BPTElDWSI6IkZJWEVEIiwiaWF0IjoxNjg5MjUxMTM1LCJqdGkiOiI4NjQyNDExMDM2OTQ0NjI5NzYifQ.TZLpKNVr_5fY9Xy-sfrn-rmg-F3K-Z6BwelgIJz292bL911d8eCUCgBrBuxa03Ka1a5RKfWAxEnGK6LSH-I-o963r4YGY-f4yaYEfxc27x_121S6okl2YQa65uTEjsdMv6PTakkY7GbPi', 'businessR010104'),
('1679468875439456258', '/api/oauth/token', 'POST', '{\"userName\":\"frog\",\"userPasswd\":\"e10adc3949ba59abbe56e057f20f883e\",\"groupId\":\"R010104\",\"autoLogin\":false,\"systemTag\":\"businessR010104\",\"originPassword\":\"e10adc3949ba59abbe56e057f20f883e\"}', '系统登录', '2023-07-13 20:32:37', NULL, 'SUCCESS', '192.168.0.39', 'frog', '', '2023-07-13 20:32:38', 'frog', 'frog', '2023-07-13 20:32:38', 'SystemController.login', 0, 'snapper-authority', '用户登录', 'CHROME11:114.0.0.0', 'Mac OS X:Computer', '{\"path\":\"/api/oauth/token\",\"code\":200,\"data\":[{\"access_token\":\"eyJhbGciOiJSUzI1NiJ9.eyJKV1RfVVNFUl9OTyI6ImZyb2ciLCJKV1RfTVVMVElfTE9HSU4iOmZhbHNlLCJpc3MiOiJTbmFwcGVyIiwiSldUX1NZU1RFTV9UQUciOiJidXNpbmVzc1IwMTAxMDQiLCJKV1RfVVNFUl9JRCI6IjE0NjUxNTk0MTQ3NjU0MDgyNTgiLCJKV1RfRVhQSVJFX1BPTElDWSI6IkZJWEVEIiwiaWF0IjoxNjg5MjUxNTU3LCJqdGkiOiI4NjQyNDI4NzIwNzE3NDk2MzIifQ.bAhG0jAwJT41gvnU2agkHR7SwzoWBMWWkR1_DV6_6NWxgeusimIhFj6FBLoTWWp5x4WB4F1iroBNuGQmBFjl597D0jguIz5TKPw7KX_MNwt1VQ1cxfe9ylA8zmaRcbcAYaV80X9DiBYEt', 'businessR010104'),
('1680133862904061953', '/api/oauth/token', 'POST', '{\"userName\":\"frog\",\"userPasswd\":\"e10adc3949ba59abbe56e057f20f883e\",\"groupId\":\"R010104\",\"autoLogin\":false,\"systemTag\":\"businessR010104\",\"originPassword\":\"e10adc3949ba59abbe56e057f20f883e\"}', '系统登录', '2023-07-15 16:35:00', NULL, 'SUCCESS', '127.0.0.1', 'frog', '', '2023-07-15 16:35:03', 'frog', 'frog', '2023-07-15 16:35:03', 'SystemController.login', 2, 'snapper-authority', '用户登录', 'CHROME11:114.0.0.0', 'Mac OS X:Computer', '{\"path\":\"/api/oauth/token\",\"code\":200,\"data\":[{\"access_token\":\"eyJhbGciOiJSUzI1NiJ9.eyJKV1RfVVNFUl9OTyI6ImZyb2ciLCJKV1RfTVVMVElfTE9HSU4iOmZhbHNlLCJpc3MiOiJTbmFwcGVyIiwiSldUX1NZU1RFTV9UQUciOiJidXNpbmVzc1IwMTAxMDQiLCJKV1RfVVNFUl9JRCI6IjE0NjUxNTk0MTQ3NjU0MDgyNTgiLCJKV1RfRVhQSVJFX1BPTElDWSI6IkZJWEVEIiwiaWF0IjoxNjg5NDEwMTAyLCJqdGkiOiI4NjQ5MDc4NTg1MDY5NDA0MTYifQ.TX7rLNbXki8BIBrPdAlTQyfz28DdyjRdoOne7ebTP6ycjCmyTZDCZ2dWdrrV92aQgTsyhCIokaVwCrsb6sn3PghaCdrBJjm_Nx8dpe0X5DQ__tJXjxbsGveWHEWF2AgkgDVOeRHs3AZ9a', 'businessR010104'),
('1680550621807427586', '/api/oauth/token', 'POST', '{\"userName\":\"frog\",\"userPasswd\":\"e10adc3949ba59abbe56e057f20f883e\",\"groupId\":\"R010104\",\"autoLogin\":false,\"systemTag\":\"businessR010104\",\"originPassword\":\"e10adc3949ba59abbe56e057f20f883e\"}', '系统登录', '2023-07-16 20:11:03', NULL, 'SUCCESS', '192.168.0.39', 'frog', '', '2023-07-16 20:11:06', 'frog', 'frog', '2023-07-16 20:11:06', 'SystemController.login', 2, 'snapper-authority', '用户登录', 'CHROME11:114.0.0.0', 'Mac OS X:Computer', '{\"path\":\"/api/oauth/token\",\"code\":200,\"data\":[{\"access_token\":\"eyJhbGciOiJSUzI1NiJ9.eyJKV1RfVVNFUl9OTyI6ImZyb2ciLCJKV1RfTVVMVElfTE9HSU4iOmZhbHNlLCJpc3MiOiJTbmFwcGVyIiwiSldUX1NZU1RFTV9UQUciOiJidXNpbmVzc1IwMTAxMDQiLCJKV1RfVVNFUl9JRCI6IjE0NjUxNTk0MTQ3NjU0MDgyNTgiLCJKV1RfRVhQSVJFX1BPTElDWSI6IkZJWEVEIiwiaWF0IjoxNjg5NTA5NDY1LCJqdGkiOiI4NjUzMjQ2MTczMTE0NTMxODQifQ.WCsZqY2izLH9gAwVwJUwP6tJXw2voIl1SAkRY7gkaX_G7j5Gr6Rs8IFgQ-7cPUG2xbgITdbC8V6eCZX1OnAkio_pwoBVjYbYueHLw5e56uXq5-rSixx3cAtYQ--NDkp44hUAc5AIIYUi7', 'businessR010104'),
('1680578182973276161', '/api/oauth/token', 'POST', '{\"userName\":\"frog\",\"userPasswd\":\"e10adc3949ba59abbe56e057f20f883e\",\"autoLogin\":false,\"systemTag\":\"admin\",\"originPassword\":\"e10adc3949ba59abbe56e057f20f883e\"}', '系统登录', '2023-07-16 22:00:36', NULL, 'SUCCESS', '192.168.0.39', 'frog', '', '2023-07-16 22:00:37', 'frog', 'frog', '2023-07-16 22:00:37', 'SystemController.login', 0, 'snapper-authority', '用户登录', 'CHROME11:114.0.0.0', 'Mac OS X:Computer', '{\"path\":\"/api/oauth/token\",\"code\":200,\"data\":[{\"access_token\":\"eyJhbGciOiJSUzI1NiJ9.eyJKV1RfVVNFUl9OTyI6ImZyb2ciLCJKV1RfTVVMVElfTE9HSU4iOmZhbHNlLCJpc3MiOiJTbmFwcGVyIiwiSldUX1NZU1RFTV9UQUciOiJhZG1pbiIsIkpXVF9VU0VSX0lEIjoiMTQ2NTE1OTQxNDc2NTQwODI1OCIsIkpXVF9FWFBJUkVfUE9MSUNZIjoiRklYRUQiLCJpYXQiOjE2ODk1MTYwMzcsImp0aSI6Ijg2NTM1MjE3OTUwMDcxMTkzNiJ9.TEVIhiP5uQnrHqW3SPhLjocGxi2Lx6EFNkioJM3cxJ-skwrErTjXPnjicHmVwYY5TAplhaUjsvArMh_YfqMsBFl0tm3-wGz2ng4AecCNrMyZOBM0wAiazS1wGnY83AI3ANPAslfThsNyWQTRg5ktYYhUipR', 'admin'),
('1680734405322084354', '/api/oauth/token', 'POST', '{\"userName\":\"frog\",\"userPasswd\":\"e10adc3949ba59abbe56e057f20f883e\",\"groupId\":\"R010104\",\"autoLogin\":false,\"systemTag\":\"businessR010104\",\"originPassword\":\"e10adc3949ba59abbe56e057f20f883e\"}', '系统登录', '2023-07-17 08:21:21', NULL, 'SUCCESS', '127.0.0.1', 'frog', '', '2023-07-17 08:21:23', 'frog', 'frog', '2023-07-17 08:21:23', 'SystemController.login', 2, 'snapper-authority', '用户登录', 'CHROME11:114.0.0.0', 'Mac OS X:Computer', '{\"path\":\"/api/oauth/token\",\"code\":200,\"data\":[{\"access_token\":\"eyJhbGciOiJSUzI1NiJ9.eyJKV1RfVVNFUl9OTyI6ImZyb2ciLCJKV1RfTVVMVElfTE9HSU4iOmZhbHNlLCJpc3MiOiJTbmFwcGVyIiwiSldUX1NZU1RFTV9UQUciOiJidXNpbmVzc1IwMTAxMDQiLCJKV1RfVVNFUl9JRCI6IjE0NjUxNTk0MTQ3NjU0MDgyNTgiLCJKV1RfRVhQSVJFX1BPTElDWSI6IkZJWEVEIiwiaWF0IjoxNjg5NTUzMjgzLCJqdGkiOiI4NjU1MDg0MDEyNTIxMzkwMDgifQ.VM6Jn6lmOPmKH8ft5f_63-Ph1bqFUgGc2nV95lcjTtyln-4knKUlpOsmekfVwAQ8OD-rMNDOoOMcsowHzqNgMLJm24HP21C-tOK4mJ8yzI3tiCZO8vlmy6QM2PPtChRq2Cmgp0tZBai6s', 'businessR010104'),
('1680838271657099265', '/api/oauth/token', 'POST', '{\"userName\":\"frog\",\"userPasswd\":\"e10adc3949ba59abbe56e057f20f883e\",\"autoLogin\":false,\"systemTag\":\"admin\",\"originPassword\":\"e10adc3949ba59abbe56e057f20f883e\"}', '系统登录', '2023-07-17 15:14:04', NULL, 'SUCCESS', '127.0.0.1', 'frog', '', '2023-07-17 15:14:07', 'frog', 'frog', '2023-07-17 15:14:07', 'SystemController.login', 2, 'snapper-authority', '用户登录', 'CHROME11:114.0.0.0', 'Mac OS X:Computer', '{\"path\":\"/api/oauth/token\",\"code\":200,\"data\":[{\"access_token\":\"eyJhbGciOiJSUzI1NiJ9.eyJKV1RfVVNFUl9OTyI6ImZyb2ciLCJKV1RfTVVMVElfTE9HSU4iOmZhbHNlLCJpc3MiOiJTbmFwcGVyIiwiSldUX1NZU1RFTV9UQUciOiJhZG1pbiIsIkpXVF9VU0VSX0lEIjoiMTQ2NTE1OTQxNDc2NTQwODI1OCIsIkpXVF9FWFBJUkVfUE9MSUNZIjoiRklYRUQiLCJpYXQiOjE2ODk1NzgwNDYsImp0aSI6Ijg2NTYxMjI2Njc2NTAyNTI4MCJ9.bpwbTEikTVcpF58xp195P-XmN427xc566aU8zmJ3IgCYAFXRSmtM9elEKHb9pJDWoHOUYWK9Pnv17u_Pr3vtWWPeX0QJfoois33OYZy9cSEMNoZOhw3mGdlwywg_qp81HXvs8hJ3ijfSP29eyIQlXsfhhYr', 'admin'),
('1680864884805369858', '/api/oauth/token', 'POST', '{\"userName\":\"frog\",\"userPasswd\":\"e10adc3949ba59abbe56e057f20f883e\",\"autoLogin\":false,\"systemTag\":\"admin\",\"originPassword\":\"e10adc3949ba59abbe56e057f20f883e\"}', '系统登录', '2023-07-17 16:59:50', NULL, 'SUCCESS', '127.0.0.1', 'frog', '', '2023-07-17 16:59:52', 'frog', 'frog', '2023-07-17 16:59:52', 'SystemController.login', 2, 'snapper-authority', '用户登录', 'CHROME11:114.0.0.0', 'Mac OS X:Computer', '{\"path\":\"/api/oauth/token\",\"code\":200,\"data\":[{\"access_token\":\"eyJhbGciOiJSUzI1NiJ9.eyJKV1RfVVNFUl9OTyI6ImZyb2ciLCJKV1RfTVVMVElfTE9HSU4iOmZhbHNlLCJpc3MiOiJTbmFwcGVyIiwiSldUX1NZU1RFTV9UQUciOiJhZG1pbiIsIkpXVF9VU0VSX0lEIjoiMTQ2NTE1OTQxNDc2NTQwODI1OCIsIkpXVF9FWFBJUkVfUE9MSUNZIjoiRklYRUQiLCJpYXQiOjE2ODk1ODQzOTEsImp0aSI6Ijg2NTYzODg4MDM3MDQ5MTM5MiJ9.Ob_5VjMfE68qs_tJEQRhtx_Iax7gMy1QNvsUF9GwCeWMQIiZYmA6zJuJ1OGh9zg9TeHzMBZ7XZUgTLtNqQuCW4Y31-xzGb6HpgYs5aFS1ROb21OcPXniB0iOugJXQ4oReUswtlmWMp_ES8DEg9vAH9sZA3-', 'admin'),
('1680866122166992898', '/api/oauth/token', 'POST', '{\"userName\":\"ximen\",\"userPasswd\":\"e10adc3949ba59abbe56e057f20f883e\",\"autoLogin\":false,\"systemTag\":\"admin\",\"originPassword\":\"e10adc3949ba59abbe56e057f20f883e\"}', '系统登录', '2023-07-17 17:04:47', NULL, 'SUCCESS', '127.0.0.1', 'ximen', '', '2023-07-17 17:04:47', 'ximen', 'ximen', '2023-07-17 17:04:47', 'SystemController.login', 0, 'snapper-authority', '用户登录', 'CHROME11:114.0.0.0', 'Mac OS X:Computer', '{\"path\":\"/api/oauth/token\",\"code\":200,\"data\":[{\"access_token\":\"eyJhbGciOiJSUzI1NiJ9.eyJKV1RfVVNFUl9OTyI6InhpbWVuIiwiSldUX01VTFRJX0xPR0lOIjpmYWxzZSwiaXNzIjoiU25hcHBlciIsIkpXVF9TWVNURU1fVEFHIjoiYWRtaW4iLCJKV1RfVVNFUl9JRCI6IjE2NjEyNjA4NzMyMzAyNTQwODEiLCJKV1RfRVhQSVJFX1BPTElDWSI6IkZJWEVEIiwiaWF0IjoxNjg5NTg0Njg3LCJqdGkiOiI4NjU2NDAxMTgzOTQ4MTQ0NjQifQ.wQN3KkQ31GzuKiKeumkieNQYOpmra3XV0J887rWRNxflmAqE1Lt-QdzesoHZqEKnR557FlQhXTx9mXYQ2an3tNuk1T6A5o3hNG__PFtTRSSaKQ8KwGqRJgg01-sGrxcVbohDdgpp5HHrM2rsMTtwRBLzF', 'admin'),
('1680866188336332801', '/api/oauth/token', 'POST', '{\"userName\":\"frog\",\"userPasswd\":\"e10adc3949ba59abbe56e057f20f883e\",\"autoLogin\":false,\"systemTag\":\"admin\",\"originPassword\":\"e10adc3949ba59abbe56e057f20f883e\"}', '系统登录', '2023-07-17 17:05:02', NULL, 'SUCCESS', '127.0.0.1', 'frog', '', '2023-07-17 17:05:03', 'frog', 'frog', '2023-07-17 17:05:03', 'SystemController.login', 1, 'snapper-authority', '用户登录', 'CHROME11:114.0.0.0', 'Mac OS X:Computer', '{\"path\":\"/api/oauth/token\",\"code\":200,\"data\":[{\"access_token\":\"eyJhbGciOiJSUzI1NiJ9.eyJKV1RfVVNFUl9OTyI6ImZyb2ciLCJKV1RfTVVMVElfTE9HSU4iOmZhbHNlLCJpc3MiOiJTbmFwcGVyIiwiSldUX1NZU1RFTV9UQUciOiJhZG1pbiIsIkpXVF9VU0VSX0lEIjoiMTQ2NTE1OTQxNDc2NTQwODI1OCIsIkpXVF9FWFBJUkVfUE9MSUNZIjoiRklYRUQiLCJpYXQiOjE2ODk1ODQ3MDIsImp0aSI6Ijg2NTY0MDE4NDg5MTMxMDA4MCJ9.m1KU6TVO6NC1RetSDJvTCCgKFlfM71EgcXOsH1BEOuJe-FB1is3IXqF9dpADXuQuv6NRQa2MkcZjYySvid7E2BwtNQ9A87-jz65JozcSK9xopr17MhWizUROyhlNWlYQmdwak5YS_yojgnMQZCiIJLS7OoF', 'admin'),
('1680866353419943938', '/api/oauth/token', 'POST', '{\"userName\":\"ximen\",\"userPasswd\":\"e10adc3949ba59abbe56e057f20f883e\",\"autoLogin\":false,\"systemTag\":\"admin\",\"originPassword\":\"e10adc3949ba59abbe56e057f20f883e\"}', '系统登录', '2023-07-17 17:05:41', NULL, 'SUCCESS', '127.0.0.1', 'ximen', '', '2023-07-17 17:05:42', 'ximen', 'ximen', '2023-07-17 17:05:42', 'SystemController.login', 0, 'snapper-authority', '用户登录', 'CHROME11:114.0.0.0', 'Mac OS X:Computer', '{\"path\":\"/api/oauth/token\",\"code\":200,\"data\":[{\"access_token\":\"eyJhbGciOiJSUzI1NiJ9.eyJKV1RfVVNFUl9OTyI6InhpbWVuIiwiSldUX01VTFRJX0xPR0lOIjpmYWxzZSwiaXNzIjoiU25hcHBlciIsIkpXVF9TWVNURU1fVEFHIjoiYWRtaW4iLCJKV1RfVVNFUl9JRCI6IjE2NjEyNjA4NzMyMzAyNTQwODEiLCJKV1RfRVhQSVJFX1BPTElDWSI6IkZJWEVEIiwiaWF0IjoxNjg5NTg0NzQyLCJqdGkiOiI4NjU2NDAzNTAwNTA0MTg2ODgifQ.D1EkFZ6Z9NWees6CwhMGcrGJ6bTB7VPK9zcvSvhePssNpzEZyR3K9A7l5CAlJ8BK7INL0Sc2Ab-7N8JkZn-OeA6J_RF92AGPColBJzGXCA5sqJ9Ah2H6lO3g2fsqYKQ0yv5tSzJG7BqEUFmhi4kikLjkz', 'admin'),
('1680866782111363074', '/api/oauth/token', 'POST', '{\"userName\":\"ximen\",\"userPasswd\":\"e10adc3949ba59abbe56e057f20f883e\",\"autoLogin\":false,\"systemTag\":\"admin\",\"originPassword\":\"e10adc3949ba59abbe56e057f20f883e\"}', '系统登录', '2023-07-17 17:07:22', NULL, 'SUCCESS', '127.0.0.1', 'ximen', '', '2023-07-17 17:07:25', 'ximen', 'ximen', '2023-07-17 17:07:25', 'SystemController.login', 2, 'snapper-authority', '用户登录', 'CHROME11:114.0.0.0', 'Mac OS X:Computer', '{\"path\":\"/api/oauth/token\",\"code\":200,\"data\":[{\"access_token\":\"eyJhbGciOiJSUzI1NiJ9.eyJKV1RfVVNFUl9OTyI6InhpbWVuIiwiSldUX01VTFRJX0xPR0lOIjpmYWxzZSwiaXNzIjoiU25hcHBlciIsIkpXVF9TWVNURU1fVEFHIjoiYWRtaW4iLCJKV1RfVVNFUl9JRCI6IjE2NjEyNjA4NzMyMzAyNTQwODEiLCJKV1RfRVhQSVJFX1BPTElDWSI6IkZJWEVEIiwiaWF0IjoxNjg5NTg0ODQ0LCJqdGkiOiI4NjU2NDA3Nzc3MzEwMTQ2NTYifQ.EEHF2TL-hLdXFhLI-cIXnxn2M_0_G45EuTsoCgrvDdF3D-yJlWybvToXM3nvKFdL-MBxCFOYeJAuO1IyWjJVd0uBgNHYVvI6xX_rYm8YUTpoBlw3S96LTlDrg1vJR-1fWcHsQSJfi_dJttuHJzKQKUjZ0', 'admin'),
('1680866942589628417', '/api/oauth/token', 'POST', '{\"userName\":\"frog\",\"userPasswd\":\"e10adc3949ba59abbe56e057f20f883e\",\"autoLogin\":false,\"systemTag\":\"admin\",\"originPassword\":\"e10adc3949ba59abbe56e057f20f883e\"}', '系统登录', '2023-07-17 17:08:02', NULL, 'SUCCESS', '127.0.0.1', 'frog', '', '2023-07-17 17:08:03', 'frog', 'frog', '2023-07-17 17:08:03', 'SystemController.login', 0, 'snapper-authority', '用户登录', 'CHROME11:114.0.0.0', 'Mac OS X:Computer', '{\"path\":\"/api/oauth/token\",\"code\":200,\"data\":[{\"access_token\":\"eyJhbGciOiJSUzI1NiJ9.eyJKV1RfVVNFUl9OTyI6ImZyb2ciLCJKV1RfTVVMVElfTE9HSU4iOmZhbHNlLCJpc3MiOiJTbmFwcGVyIiwiSldUX1NZU1RFTV9UQUciOiJhZG1pbiIsIkpXVF9VU0VSX0lEIjoiMTQ2NTE1OTQxNDc2NTQwODI1OCIsIkpXVF9FWFBJUkVfUE9MSUNZIjoiRklYRUQiLCJpYXQiOjE2ODk1ODQ4ODIsImp0aSI6Ijg2NTY0MDkzOTE5NDk0MTQ0MCJ9.c6M17MLDh_ZolNZnvRXwtIhpme42qecinPcyncVN28GvJAxUK_h6Yo8rrk95ACXWj2OMMXUh87GinliHihYnnVu-cNJkj_2eDFEBtyiwB3bgbBehDSizip_8-jJ5ihzYt950-d8m3S0pxoYBSHZw5kYAolY', 'admin'),
('1680867090187186178', '/api/oauth/token', 'POST', '{\"userName\":\"ximen\",\"userPasswd\":\"e10adc3949ba59abbe56e057f20f883e\",\"autoLogin\":false,\"systemTag\":\"admin\",\"originPassword\":\"e10adc3949ba59abbe56e057f20f883e\"}', '系统登录', '2023-07-17 17:08:38', NULL, 'SUCCESS', '127.0.0.1', 'ximen', '', '2023-07-17 17:08:38', 'ximen', 'ximen', '2023-07-17 17:08:38', 'SystemController.login', 0, 'snapper-authority', '用户登录', 'CHROME11:114.0.0.0', 'Mac OS X:Computer', '{\"path\":\"/api/oauth/token\",\"code\":200,\"data\":[{\"access_token\":\"eyJhbGciOiJSUzI1NiJ9.eyJKV1RfVVNFUl9OTyI6InhpbWVuIiwiSldUX01VTFRJX0xPR0lOIjpmYWxzZSwiaXNzIjoiU25hcHBlciIsIkpXVF9TWVNURU1fVEFHIjoiYWRtaW4iLCJKV1RfVVNFUl9JRCI6IjE2NjEyNjA4NzMyMzAyNTQwODEiLCJKV1RfRVhQSVJFX1BPTElDWSI6IkZJWEVEIiwiaWF0IjoxNjg5NTg0OTE3LCJqdGkiOiI4NjU2NDEwODY3NTA1NTYxNjAifQ.aMoIr94k6tchSl3O7AvuW3J9rtrqzk170d7I0AvcAMzWNqNJKVqXQuOS1KJ4uIkhiKooXKjuWlS2IP3BNrU2anHM6aFIDDRAnO-ha4ypFW3KBbtypCh_fFKqJw9Vz5eRFHlO7tgfjRLGqatS8DvB5FGOW', 'admin'),
('1680867204456804353', '/api/oauth/token', 'POST', '{\"userName\":\"frog\",\"userPasswd\":\"e10adc3949ba59abbe56e057f20f883e\",\"autoLogin\":false,\"systemTag\":\"admin\",\"originPassword\":\"e10adc3949ba59abbe56e057f20f883e\"}', '系统登录', '2023-07-17 17:09:04', NULL, 'SUCCESS', '127.0.0.1', 'frog', '', '2023-07-17 17:09:05', 'frog', 'frog', '2023-07-17 17:09:05', 'SystemController.login', 0, 'snapper-authority', '用户登录', 'CHROME11:114.0.0.0', 'Mac OS X:Computer', '{\"path\":\"/api/oauth/token\",\"code\":200,\"data\":[{\"access_token\":\"eyJhbGciOiJSUzI1NiJ9.eyJKV1RfVVNFUl9OTyI6ImZyb2ciLCJKV1RfTVVMVElfTE9HSU4iOmZhbHNlLCJpc3MiOiJTbmFwcGVyIiwiSldUX1NZU1RFTV9UQUciOiJhZG1pbiIsIkpXVF9VU0VSX0lEIjoiMTQ2NTE1OTQxNDc2NTQwODI1OCIsIkpXVF9FWFBJUkVfUE9MSUNZIjoiRklYRUQiLCJpYXQiOjE2ODk1ODQ5NDUsImp0aSI6Ijg2NTY0MTIwMTAyODU2Mjk0NCJ9.rtlFbotIQKEsQNkEPjkitjUFfnBNfARGuNXcEz5GPjTkQgO-vL0lKEj_O-wuRNmRM8XzrRlP9o58eLPmx81SQKMGEFXNXyqcSy1csacujCnDIYB6YoXcDdoslMm7JEYUDC6RhucVJHPIaz0FwO8LeTthdl4', 'admin'),
('1680867518824083457', '/api/oauth/token', 'POST', '{\"userName\":\"ximen\",\"userPasswd\":\"e10adc3949ba59abbe56e057f20f883e\",\"autoLogin\":false,\"systemTag\":\"admin\",\"originPassword\":\"e10adc3949ba59abbe56e057f20f883e\"}', '系统登录', '2023-07-17 17:10:19', NULL, 'SUCCESS', '127.0.0.1', 'ximen', '', '2023-07-17 17:10:20', 'ximen', 'ximen', '2023-07-17 17:10:20', 'SystemController.login', 0, 'snapper-authority', '用户登录', 'CHROME11:114.0.0.0', 'Mac OS X:Computer', '{\"path\":\"/api/oauth/token\",\"code\":200,\"data\":[{\"access_token\":\"eyJhbGciOiJSUzI1NiJ9.eyJKV1RfVVNFUl9OTyI6InhpbWVuIiwiSldUX01VTFRJX0xPR0lOIjpmYWxzZSwiaXNzIjoiU25hcHBlciIsIkpXVF9TWVNURU1fVEFHIjoiYWRtaW4iLCJKV1RfVVNFUl9JRCI6IjE2NjEyNjA4NzMyMzAyNTQwODEiLCJKV1RfRVhQSVJFX1BPTElDWSI6IkZJWEVEIiwiaWF0IjoxNjg5NTg1MDIwLCJqdGkiOiI4NjU2NDE1MTU0NTg3NTY2MDgifQ.Rpb3o0R02FxjRTJAjvoncCkaiXO57iHdfX0fGzRmYXOhfmeMRGJcC3E70LrzSLLW9sH7FnqXI3AfTKVhlqL8Jy2ZelbkvEcCDJRJDyakzVbQSZRV0DvVNaDAoAX3GbB6LPTirrhVG8-67xnHuhblSlHbx', 'admin'),
('1680941494110048257', '/api/oauth/token', 'POST', '{\"userName\":\"ximen\",\"userPasswd\":\"e10adc3949ba59abbe56e057f20f883e\",\"autoLogin\":false,\"systemTag\":\"admin\",\"originPassword\":\"e10adc3949ba59abbe56e057f20f883e\"}', '系统登录', '2023-07-17 22:04:15', NULL, 'SUCCESS', '192.168.0.39', 'ximen', '', '2023-07-17 22:04:17', 'ximen', 'ximen', '2023-07-17 22:04:17', 'SystemController.login', 2, 'snapper-authority', '用户登录', 'CHROME11:114.0.0.0', 'Mac OS X:Computer', '{\"path\":\"/api/oauth/token\",\"code\":200,\"data\":[{\"access_token\":\"eyJhbGciOiJSUzI1NiJ9.eyJKV1RfVVNFUl9OTyI6InhpbWVuIiwiSldUX01VTFRJX0xPR0lOIjpmYWxzZSwiaXNzIjoiU25hcHBlciIsIkpXVF9TWVNURU1fVEFHIjoiYWRtaW4iLCJKV1RfVVNFUl9JRCI6IjE2NjEyNjA4NzMyMzAyNTQwODEiLCJKV1RfRVhQSVJFX1BPTElDWSI6IkZJWEVEIiwiaWF0IjoxNjg5NjAyNjU2LCJqdGkiOiI4NjU3MTU0ODk4Mjc5NzkyNjQifQ.QCzW9aT17Rkb8fvrN1ZwC5NRE0jpQgcriQsSeQaKbrE-7TOA8NOIaBhAWIO1ba00ZJELklznyk9mS2ug48GnZatrSr-Y62bn9LsLFjNw82-h8y92kFJMbQUGVR33nZMfPd8uY-b-WrVYoMpJ4X2ITV1k4', 'admin'),
('1680941563345424386', '/api/oauth/token', 'POST', '{\"userName\":\"frog\",\"userPasswd\":\"e10adc3949ba59abbe56e057f20f883e\",\"autoLogin\":false,\"systemTag\":\"admin\",\"originPassword\":\"e10adc3949ba59abbe56e057f20f883e\"}', '系统登录', '2023-07-17 22:04:33', NULL, 'SUCCESS', '192.168.0.39', 'frog', '', '2023-07-17 22:04:34', 'frog', 'frog', '2023-07-17 22:04:34', 'SystemController.login', 1, 'snapper-authority', '用户登录', 'CHROME11:114.0.0.0', 'Mac OS X:Computer', '{\"path\":\"/api/oauth/token\",\"code\":200,\"data\":[{\"access_token\":\"eyJhbGciOiJSUzI1NiJ9.eyJKV1RfVVNFUl9OTyI6ImZyb2ciLCJKV1RfTVVMVElfTE9HSU4iOmZhbHNlLCJpc3MiOiJTbmFwcGVyIiwiSldUX1NZU1RFTV9UQUciOiJhZG1pbiIsIkpXVF9VU0VSX0lEIjoiMTQ2NTE1OTQxNDc2NTQwODI1OCIsIkpXVF9FWFBJUkVfUE9MSUNZIjoiRklYRUQiLCJpYXQiOjE2ODk2MDI2NzMsImp0aSI6Ijg2NTcxNTU1OTg0NzY5MDI0MCJ9.GGp58_q5P8NSe7KAZUeZZudt22RuFgTSm-6UFPeMYRntxWIYj1QUmufZz3ldu8LQATH2vYU7UkMYk3BkSCwN6qr3VzKVwUodltI1Spft85NC-xMcbV52DwQYfO8c77cMsYoiZQEpEt3XO-5XvdNr_nMOJwv', 'admin'),
('1680941943445835777', '/api/oauth/token', 'POST', '{\"userName\":\"ximen\",\"userPasswd\":\"e10adc3949ba59abbe56e057f20f883e\",\"autoLogin\":false,\"systemTag\":\"admin\",\"originPassword\":\"e10adc3949ba59abbe56e057f20f883e\"}', '系统登录', '2023-07-17 22:06:04', NULL, 'SUCCESS', '192.168.0.39', 'ximen', '', '2023-07-17 22:06:04', 'ximen', 'ximen', '2023-07-17 22:06:04', 'SystemController.login', 0, 'snapper-authority', '用户登录', 'CHROME11:114.0.0.0', 'Mac OS X:Computer', '{\"path\":\"/api/oauth/token\",\"code\":200,\"data\":[{\"access_token\":\"eyJhbGciOiJSUzI1NiJ9.eyJKV1RfVVNFUl9OTyI6InhpbWVuIiwiSldUX01VTFRJX0xPR0lOIjpmYWxzZSwiaXNzIjoiU25hcHBlciIsIkpXVF9TWVNURU1fVEFHIjoiYWRtaW4iLCJKV1RfVVNFUl9JRCI6IjE2NjEyNjA4NzMyMzAyNTQwODEiLCJKV1RfRVhQSVJFX1BPTElDWSI6IkZJWEVEIiwiaWF0IjoxNjg5NjAyNzY0LCJqdGkiOiI4NjU3MTU5NDAwMjc3OTM0MDgifQ.UafUiLTbfus_zMT25_UUBnnk4ecahOykGoq5ndJ9rPoRZpdSmIcsUWl5KliHRG3AFeNnxsudeQBkYAoWzb_s-twxu6TcFwTCNAhSiHu1CORJGRG1yqUBnuhvgJEOFxkjqnoX7maxNuq6Ry5AcKTq5Tud3', 'admin'),
('1680942071606988802', '/api/oauth/token', 'POST', '{\"userName\":\"frog\",\"userPasswd\":\"e10adc3949ba59abbe56e057f20f883e\",\"autoLogin\":false,\"systemTag\":\"admin\",\"originPassword\":\"e10adc3949ba59abbe56e057f20f883e\"}', '系统登录', '2023-07-17 22:06:34', NULL, 'SUCCESS', '192.168.0.39', 'frog', '', '2023-07-17 22:06:35', 'frog', 'frog', '2023-07-17 22:06:35', 'SystemController.login', 1, 'snapper-authority', '用户登录', 'CHROME11:114.0.0.0', 'Mac OS X:Computer', '{\"path\":\"/api/oauth/token\",\"code\":200,\"data\":[{\"access_token\":\"eyJhbGciOiJSUzI1NiJ9.eyJKV1RfVVNFUl9OTyI6ImZyb2ciLCJKV1RfTVVMVElfTE9HSU4iOmZhbHNlLCJpc3MiOiJTbmFwcGVyIiwiSldUX1NZU1RFTV9UQUciOiJhZG1pbiIsIkpXVF9VU0VSX0lEIjoiMTQ2NTE1OTQxNDc2NTQwODI1OCIsIkpXVF9FWFBJUkVfUE9MSUNZIjoiRklYRUQiLCJpYXQiOjE2ODk2MDI3OTQsImp0aSI6Ijg2NTcxNjA2ODI0MzQ3MjM4NCJ9.cEnak2SQp9p3k1TDvK4f82f7qq44dl_qLJ4gH1QJyu8ap0CFJ8Znmf5LztWz1P-J9tXkbpzLay8y1EDIWdiAbK_rAn600xyemSG_7cyBEzjVav2XDy0Xn6qkyDvus0v4t2hD_XXhYcyjSAOpZnhDgZoTxJG', 'admin'),
('1680951409130078210', '/api/oauth/token', 'POST', '{\"userName\":\"frog\",\"userPasswd\":\"e10adc3949ba59abbe56e057f20f883e\",\"autoLogin\":false,\"systemTag\":\"admin\",\"originPassword\":\"e10adc3949ba59abbe56e057f20f883e\"}', '系统登录', '2023-07-17 22:43:38', NULL, 'SUCCESS', '192.168.0.39', 'frog', '', '2023-07-17 22:43:41', 'frog', 'frog', '2023-07-17 22:43:41', 'SystemController.login', 2, 'snapper-authority', '用户登录', 'CHROME11:114.0.0.0', 'Mac OS X:Computer', '{\"path\":\"/api/oauth/token\",\"code\":200,\"data\":[{\"access_token\":\"eyJhbGciOiJSUzI1NiJ9.eyJKV1RfVVNFUl9OTyI6ImZyb2ciLCJKV1RfTVVMVElfTE9HSU4iOmZhbHNlLCJpc3MiOiJTbmFwcGVyIiwiSldUX1NZU1RFTV9UQUciOiJhZG1pbiIsIkpXVF9VU0VSX0lEIjoiMTQ2NTE1OTQxNDc2NTQwODI1OCIsIkpXVF9FWFBJUkVfUE9MSUNZIjoiRklYRUQiLCJpYXQiOjE2ODk2MDUwMjAsImp0aSI6Ijg2NTcyNTQwNDczOTAxMDU2MCJ9.F9g1KTXm9LkVe4cKh6uqQct4NtAiZG_817alkTL2tRvWrg2f2WBgWTJoL9RlAxUV1LFf82h43NEd4qOD1x1d9nDyjws-ONgNLZcNXKnWQL9KvZ1BDUnqM0HcLPjnFH1ffWyT1NiULWEtyVcnKWxnEh82QlW', 'admin'),
('1681104265755549697', '/api/oauth/token', 'POST', '{\"userName\":\"frog\",\"userPasswd\":\"e10adc3949ba59abbe56e057f20f883e\",\"groupId\":\"R010104\",\"autoLogin\":false,\"systemTag\":\"businessR010104\",\"originPassword\":\"e10adc3949ba59abbe56e057f20f883e\"}', '系统登录', '2023-07-18 08:51:02', NULL, 'SUCCESS', '127.0.0.1', 'frog', '', '2023-07-18 08:51:05', 'frog', 'frog', '2023-07-18 08:51:05', 'SystemController.login', 2, 'snapper-authority', '用户登录', 'CHROME11:114.0.0.0', 'Mac OS X:Computer', '{\"path\":\"/api/oauth/token\",\"code\":200,\"data\":[{\"access_token\":\"eyJhbGciOiJSUzI1NiJ9.eyJKV1RfVVNFUl9OTyI6ImZyb2ciLCJKV1RfTVVMVElfTE9HSU4iOmZhbHNlLCJpc3MiOiJTbmFwcGVyIiwiSldUX1NZU1RFTV9UQUciOiJidXNpbmVzc1IwMTAxMDQiLCJKV1RfVVNFUl9JRCI6IjE0NjUxNTk0MTQ3NjU0MDgyNTgiLCJKV1RfRVhQSVJFX1BPTElDWSI6IkZJWEVEIiwiaWF0IjoxNjg5NjQxNDY0LCJqdGkiOiI4NjU4NzgyNjE0NTkwNTg2ODgifQ.dtztfyfgl6xyTu1O_BLRIm4QW5H7tmQWbDKinebf2i_twRWr8S6c_Esp8rgAGPO8-E76eSnRn1JYVz6Cq5YpKKUJvF1GSrwXjIQdzgNjVdb8Mk1P2x0PSRfi56SwN9o2X2UcB_y5-3LQq', 'businessR010104'),
('1681114016061120513', '/api/oauth/token', 'POST', '{\"userName\":\"frog\",\"userPasswd\":\"e10adc3949ba59abbe56e057f20f883e\",\"autoLogin\":false,\"systemTag\":\"admin\",\"originPassword\":\"e10adc3949ba59abbe56e057f20f883e\"}', '系统登录', '2023-07-18 09:29:49', NULL, 'SUCCESS', '127.0.0.1', 'frog', '', '2023-07-18 09:29:50', 'frog', 'frog', '2023-07-18 09:29:50', 'SystemController.login', 0, 'snapper-authority', '用户登录', 'CHROME11:114.0.0.0', 'Mac OS X:Computer', '{\"path\":\"/api/oauth/token\",\"code\":200,\"data\":[{\"access_token\":\"eyJhbGciOiJSUzI1NiJ9.eyJKV1RfVVNFUl9OTyI6ImZyb2ciLCJKV1RfTVVMVElfTE9HSU4iOmZhbHNlLCJpc3MiOiJTbmFwcGVyIiwiSldUX1NZU1RFTV9UQUciOiJhZG1pbiIsIkpXVF9VU0VSX0lEIjoiMTQ2NTE1OTQxNDc2NTQwODI1OCIsIkpXVF9FWFBJUkVfUE9MSUNZIjoiRklYRUQiLCJpYXQiOjE2ODk2NDM3ODksImp0aSI6Ijg2NTg4ODAxMjU3ODMyNDQ4MCJ9.ijKFAcE853Z-a3EC5YL8_4ilEtJAw6uTDTRXYmsNXjjRG-XKRI3TrMg82t3Z7fNGGqVyXXm-DXBoRb7gLdKnPCGayIR4wNZmOqGXIK_AVHr8LQc2TdWJGOiVm4xfmPTvdgR_3siB0XfvyV-1dpHQRjeA4mY', 'admin'),
('1681114100219830274', '/api/oauth/token', 'POST', '{\"userName\":\"wutie\",\"userPasswd\":\"e10adc3949ba59abbe56e057f20f883e\",\"groupId\":\"R0203\",\"autoLogin\":false,\"systemTag\":\"businessR0203\",\"originPassword\":\"e10adc3949ba59abbe56e057f20f883e\"}', '系统登录', '2023-07-18 09:30:09', NULL, 'SUCCESS', '127.0.0.1', 'wutie', '', '2023-07-18 09:30:10', 'wutie', 'wutie', '2023-07-18 09:30:10', 'SystemController.login', 0, 'snapper-authority', '用户登录', 'CHROME11:114.0.0.0', 'Mac OS X:Computer', '{\"path\":\"/api/oauth/token\",\"code\":200,\"data\":[{\"access_token\":\"eyJhbGciOiJSUzI1NiJ9.eyJKV1RfVVNFUl9OTyI6Ind1dGllIiwiSldUX01VTFRJX0xPR0lOIjpmYWxzZSwiaXNzIjoiU25hcHBlciIsIkpXVF9TWVNURU1fVEFHIjoiYnVzaW5lc3NSMDIwMyIsIkpXVF9VU0VSX0lEIjoiMTY3OTQ2Mzg5NzY5ODE4OTMxNCIsIkpXVF9FWFBJUkVfUE9MSUNZIjoiRklYRUQiLCJpYXQiOjE2ODk2NDM4MDksImp0aSI6Ijg2NTg4ODA5Njc1ODAwNTc2MCJ9.EumcnWfvnqg6olfBpwESxhoHPCsTwFBJvmEKEneOnEalJWh5hG08Yt6uuOZ87KvCKr2myoo8FtGy-Wkbktpemx2ZFUq4BKT2DJ05ZrN9RMeQ1Q1SZ8hI7FFFxLnBVN5LezqFxmy62ePjhom', 'businessR0203'),
('1681114430361886722', '/api/oauth/token', 'POST', '{\"userName\":\"wutie\",\"userPasswd\":\"e10adc3949ba59abbe56e057f20f883e\",\"groupId\":\"R0203\",\"autoLogin\":false,\"systemTag\":\"businessR0203\",\"originPassword\":\"e10adc3949ba59abbe56e057f20f883e\"}', '系统登录', '2023-07-18 09:31:27', NULL, 'SUCCESS', '127.0.0.1', 'wutie', '', '2023-07-18 09:31:28', 'wutie', 'wutie', '2023-07-18 09:31:28', 'SystemController.login', 0, 'snapper-authority', '用户登录', 'CHROME11:114.0.0.0', 'Mac OS X:Computer', '{\"path\":\"/api/oauth/token\",\"code\":200,\"data\":[{\"access_token\":\"eyJhbGciOiJSUzI1NiJ9.eyJKV1RfVVNFUl9OTyI6Ind1dGllIiwiSldUX01VTFRJX0xPR0lOIjpmYWxzZSwiaXNzIjoiU25hcHBlciIsIkpXVF9TWVNURU1fVEFHIjoiYnVzaW5lc3NSMDIwMyIsIkpXVF9VU0VSX0lEIjoiMTY3OTQ2Mzg5NzY5ODE4OTMxNCIsIkpXVF9FWFBJUkVfUE9MSUNZIjoiRklYRUQiLCJpYXQiOjE2ODk2NDM4ODgsImp0aSI6Ijg2NTg4ODQyNjk3OTc1Mzk4NCJ9.KxpK9TWpFrirUsgztaR-Q8gPipxUJc5749fRdES2isAatkq4aOfwuENG0bQXbLfYZBqlDQ3xZv0fE4dX-p45hLLDgHxZKG2kDNP35hxwcJhxsqU4vq0rWzZMTQgJJ8Ta6xfwA4EvOwKE2bK', 'businessR0203'),
('1681292571825188866', '/api/oauth/token', 'POST', '{\"userName\":\"frog\",\"userPasswd\":\"e10adc3949ba59abbe56e057f20f883e\",\"autoLogin\":false,\"systemTag\":\"admin\",\"originPassword\":\"e10adc3949ba59abbe56e057f20f883e\"}', '系统登录', '2023-07-18 21:19:18', NULL, 'SUCCESS', '192.168.0.39', 'frog', '', '2023-07-18 21:19:21', 'frog', 'frog', '2023-07-18 21:19:21', 'SystemController.login', 2, 'snapper-authority', '用户登录', 'CHROME11:114.0.0.0', 'Mac OS X:Computer', '{\"path\":\"/api/oauth/token\",\"code\":200,\"data\":[{\"access_token\":\"eyJhbGciOiJSUzI1NiJ9.eyJKV1RfVVNFUl9OTyI6ImZyb2ciLCJKV1RfTVVMVElfTE9HSU4iOmZhbHNlLCJpc3MiOiJTbmFwcGVyIiwiSldUX1NZU1RFTV9UQUciOiJhZG1pbiIsIkpXVF9VU0VSX0lEIjoiMTQ2NTE1OTQxNDc2NTQwODI1OCIsIkpXVF9FWFBJUkVfUE9MSUNZIjoiRklYRUQiLCJpYXQiOjE2ODk2ODYzNjAsImp0aSI6Ijg2NjA2NjU2NzQ2NzYzMDU5MiJ9.m_MwsnADvXf0b6xcRJ0bLqX0jfyyeWprd4gc4-T3pdv22sr352rp34z10DZXeoRx4tuIB6o6bTMdYuIImx2bMIGIN97zGJl0mZlFF7NyeMDdbHZ_rhAeXo32HRxUs-mTMrrDqde_q7qAblcRcgqfd0yU6GW', 'admin'),
('1681294050963271682', '/api/oauth/token', 'POST', '{\"userName\":\"frog\",\"userPasswd\":\"e10adc3949ba59abbe56e057f20f883e\",\"autoLogin\":false,\"systemTag\":\"admin\",\"originPassword\":\"e10adc3949ba59abbe56e057f20f883e\"}', '系统登录', '2023-07-18 21:25:13', NULL, 'SUCCESS', '192.168.0.39', 'frog', '', '2023-07-18 21:25:13', 'frog', 'frog', '2023-07-18 21:25:13', 'SystemController.login', 0, 'snapper-authority', '用户登录', 'CHROME11:114.0.0.0', 'Mac OS X:Computer', '{\"path\":\"/api/oauth/token\",\"code\":200,\"data\":[{\"access_token\":\"eyJhbGciOiJSUzI1NiJ9.eyJKV1RfVVNFUl9OTyI6ImZyb2ciLCJKV1RfTVVMVElfTE9HSU4iOmZhbHNlLCJpc3MiOiJTbmFwcGVyIiwiSldUX1NZU1RFTV9UQUciOiJhZG1pbiIsIkpXVF9VU0VSX0lEIjoiMTQ2NTE1OTQxNDc2NTQwODI1OCIsIkpXVF9FWFBJUkVfUE9MSUNZIjoiRklYRUQiLCJpYXQiOjE2ODk2ODY3MTMsImp0aSI6Ijg2NjA2ODA0NzQ4NjUxNzI0OCJ9.4KVLWP3goS8B2invyt7LmHjOmOBct6b-QbfPUZLGaO5mnQjOPz7zIcSNwDjasYeQLxHhBFTS3Ztr5mM-3aIhqktZAoVFJyHst2iTVHDqHPfLjKznJN1EfCPl7jyETRUuSr4uQmkr6UBC98wfHx0IQr0kRk6', 'admin'),
('1681294241170763777', '/api/oauth/token', 'POST', '{\"userName\":\"frog\",\"userPasswd\":\"e10adc3949ba59abbe56e057f20f883e\",\"autoLogin\":false,\"systemTag\":\"admin\",\"originPassword\":\"e10adc3949ba59abbe56e057f20f883e\"}', '系统登录', '2023-07-18 21:25:58', NULL, 'SUCCESS', '192.168.0.39', 'frog', '', '2023-07-18 21:25:59', 'frog', 'frog', '2023-07-18 21:25:59', 'SystemController.login', 0, 'snapper-authority', '用户登录', 'CHROME11:114.0.0.0', 'Mac OS X:Computer', '{\"path\":\"/api/oauth/token\",\"code\":200,\"data\":[{\"access_token\":\"eyJhbGciOiJSUzI1NiJ9.eyJKV1RfVVNFUl9OTyI6ImZyb2ciLCJKV1RfTVVMVElfTE9HSU4iOmZhbHNlLCJpc3MiOiJTbmFwcGVyIiwiSldUX1NZU1RFTV9UQUciOiJhZG1pbiIsIkpXVF9VU0VSX0lEIjoiMTQ2NTE1OTQxNDc2NTQwODI1OCIsIkpXVF9FWFBJUkVfUE9MSUNZIjoiRklYRUQiLCJpYXQiOjE2ODk2ODY3NTgsImp0aSI6Ijg2NjA2ODIzNzc3Nzg5NTQyNCJ9.KY0b8scG_Zo-P7tY32fJsNZvjvuVDluWYtxC4jjkW3HqODOiH0JFSlKLx-DdxoOd6bll9vctJrP6PFJ9QNZ-gfuIgO4TJIoA-PB0CRMysrTV3IEe7ptn4-AJAv5V3oQBD7wRNDqL2wfEhbCLfyUbQGA0Vp1', 'admin'),
('1681315063981731841', '/api/group/removeUsers', 'POST', '{\"groupId\":\"R010104\",\"users\":[\"1661260873230254081\"]}', '删除成员', '2023-07-18 22:48:43', '{\"path\":\"/api/group/removeUsers\",\"code\":996,\"message\":\"该信息已被锁定，无法进行此操作！\"}', 'FAILURE', '192.168.0.39', '大青蛙', '大青蛙', '2023-07-18 22:48:43', 'frog', 'frog', '2023-07-18 22:48:43', 'GroupController.removeUsers', 0, 'snapper-authority', '其他', 'CHROME11:114.0.0.0', 'Mac OS X:Computer', NULL, 'admin'),
('1681315063981731842', '/api/group/removeUsers', 'POST', '{\"groupId\":\"R010104\",\"users\":[\"1661260873230254081\"]}', '删除成员', '2023-07-18 22:48:43', '{\"path\":\"/api/group/removeUsers\",\"code\":996,\"message\":\"该信息已被锁定，无法进行此操作！\"}', 'FAILURE', '192.168.0.39', '大青蛙', '大青蛙', '2023-07-18 22:48:43', 'frog', 'frog', '2023-07-18 22:48:43', 'GroupController.removeUsers', 0, 'snapper-authority', '其他', 'CHROME11:114.0.0.0', 'Mac OS X:Computer', NULL, 'admin'),
('1681315063994314753', '/api/group/removeUsers', 'POST', '{\"groupId\":\"R010104\",\"users\":[\"1661260873230254081\"]}', '删除成员', '2023-07-18 22:48:43', '{\"path\":\"/api/group/removeUsers\",\"code\":996,\"message\":\"该信息已被锁定，无法进行此操作！\"}', 'FAILURE', '192.168.0.39', '大青蛙', '大青蛙', '2023-07-18 22:48:43', 'frog', 'frog', '2023-07-18 22:48:43', 'GroupController.removeUsers', 0, 'snapper-authority', '其他', 'CHROME11:114.0.0.0', 'Mac OS X:Computer', NULL, 'admin'),
('1681316469652344833', '/api/group/removeUsers', 'POST', '{\"groupId\":\"R010104\",\"users\":[\"1661260873230254081\"]}', '删除成员', '2023-07-18 22:54:18', '{\"path\":\"/api/group/removeUsers\",\"code\":996,\"message\":\"该信息已被锁定，无法进行此操作！\"}', 'FAILURE', '192.168.0.39', '大青蛙', '大青蛙', '2023-07-18 22:54:18', 'frog', 'frog', '2023-07-18 22:54:18', 'GroupController.removeUsers', 0, 'snapper-authority', '其他', 'CHROME11:114.0.0.0', 'Mac OS X:Computer', NULL, 'admin'),
('1681316469652344834', '/api/group/removeUsers', 'POST', '{\"groupId\":\"R010104\",\"users\":[\"1661260873230254081\"]}', '删除成员', '2023-07-18 22:54:18', '{\"path\":\"/api/group/removeUsers\",\"code\":996,\"message\":\"该信息已被锁定，无法进行此操作！\"}', 'FAILURE', '192.168.0.39', '大青蛙', '大青蛙', '2023-07-18 22:54:18', 'frog', 'frog', '2023-07-18 22:54:18', 'GroupController.removeUsers', 0, 'snapper-authority', '其他', 'CHROME11:114.0.0.0', 'Mac OS X:Computer', NULL, 'admin'),
('1681316469652344835', '/api/group/removeUsers', 'POST', '{\"groupId\":\"R010104\",\"users\":[\"1661260873230254081\"]}', '删除成员', '2023-07-18 22:54:18', '{\"path\":\"/api/group/removeUsers\",\"code\":996,\"message\":\"该信息已被锁定，无法进行此操作！\"}', 'FAILURE', '192.168.0.39', '大青蛙', '大青蛙', '2023-07-18 22:54:18', 'frog', 'frog', '2023-07-18 22:54:18', 'GroupController.removeUsers', 0, 'snapper-authority', '其他', 'CHROME11:114.0.0.0', 'Mac OS X:Computer', NULL, 'admin'),
('1681316984066953218', '/api/group/moveUsers', 'POST', '{\"groupId\":\"R010104\",\"users\":[\"1661260873230254081\"],\"toGroupId\":\"R010201\"}', '移动成员', '2023-07-18 22:56:21', '{\"path\":\"/api/group/moveUsers\",\"code\":996,\"message\":\"该信息已被锁定，无法进行此操作！\"}', 'FAILURE', '192.168.0.39', '大青蛙', '大青蛙', '2023-07-18 22:56:21', 'frog', 'frog', '2023-07-18 22:56:21', 'GroupController.moveUsers', 0, 'snapper-authority', '其他', 'CHROME11:114.0.0.0', 'Mac OS X:Computer', NULL, 'admin'),
('1681316984176005121', '/api/group/moveUsers', 'POST', '{\"groupId\":\"R010104\",\"users\":[\"1661260873230254081\"],\"toGroupId\":\"R010201\"}', '移动成员', '2023-07-18 22:56:21', '{\"path\":\"/api/group/moveUsers\",\"code\":996,\"message\":\"该信息已被锁定，无法进行此操作！\"}', 'FAILURE', '192.168.0.39', '大青蛙', '大青蛙', '2023-07-18 22:56:21', 'frog', 'frog', '2023-07-18 22:56:21', 'GroupController.moveUsers', 0, 'snapper-authority', '其他', 'CHROME11:114.0.0.0', 'Mac OS X:Computer', NULL, 'admin'),
('1681316984838705153', '/api/group/moveUsers', 'POST', '{\"groupId\":\"R010104\",\"users\":[\"1661260873230254081\"],\"toGroupId\":\"R010201\"}', '移动成员', '2023-07-18 22:56:21', '{\"path\":\"/api/group/moveUsers\",\"code\":996,\"message\":\"该信息已被锁定，无法进行此操作！\"}', 'FAILURE', '192.168.0.39', '大青蛙', '大青蛙', '2023-07-18 22:56:21', 'frog', 'frog', '2023-07-18 22:56:21', 'GroupController.moveUsers', 0, 'snapper-authority', '其他', 'CHROME11:114.0.0.0', 'Mac OS X:Computer', NULL, 'admin'),
('1681317068867391490', '/api/group', 'PUT', '{\"id\":\"R010104\",\"parentName\":\"行政中心\",\"groupName\":\"信息技术部1\"}', '编辑组织', '2023-07-18 22:56:41', '{\"path\":\"/api/group\",\"code\":996,\"message\":\"该信息已被锁定，无法进行此操作！\"}', 'FAILURE', '192.168.0.39', '大青蛙', '大青蛙', '2023-07-18 22:56:41', 'frog', 'frog', '2023-07-18 22:56:41', 'GroupController.update', 0, 'snapper-authority', '更新', 'CHROME11:114.0.0.0', 'Mac OS X:Computer', NULL, 'admin'),
('1681317069093883905', '/api/group', 'PUT', '{\"id\":\"R010104\",\"parentName\":\"行政中心\",\"groupName\":\"信息技术部1\"}', '编辑组织', '2023-07-18 22:56:41', '{\"path\":\"/api/group\",\"code\":996,\"message\":\"该信息已被锁定，无法进行此操作！\"}', 'FAILURE', '192.168.0.39', '大青蛙', '大青蛙', '2023-07-18 22:56:41', 'frog', 'frog', '2023-07-18 22:56:41', 'GroupController.update', 0, 'snapper-authority', '更新', 'CHROME11:114.0.0.0', 'Mac OS X:Computer', NULL, 'admin'),
('1681317069198741505', '/api/group', 'PUT', '{\"id\":\"R010104\",\"parentName\":\"行政中心\",\"groupName\":\"信息技术部1\"}', '编辑组织', '2023-07-18 22:56:41', '{\"path\":\"/api/group\",\"code\":996,\"message\":\"该信息已被锁定，无法进行此操作！\"}', 'FAILURE', '192.168.0.39', '大青蛙', '大青蛙', '2023-07-18 22:56:41', 'frog', 'frog', '2023-07-18 22:56:41', 'GroupController.update', 0, 'snapper-authority', '更新', 'CHROME11:114.0.0.0', 'Mac OS X:Computer', NULL, 'admin'),
('1681317099552919554', '/api/group', 'DELETE', '{}', '删除组织', '2023-07-18 22:56:49', '{\"path\":\"/api/group\",\"code\":996,\"message\":\"该信息已被锁定，无法进行此操作！\"}', 'FAILURE', '192.168.0.39', '大青蛙', '大青蛙', '2023-07-18 22:56:49', 'frog', 'frog', '2023-07-18 22:56:49', 'GroupController.delete', 0, 'snapper-authority', '删除', 'CHROME11:114.0.0.0', 'Mac OS X:Computer', NULL, 'admin'),
('1681317099674554369', '/api/group', 'DELETE', '{}', '删除组织', '2023-07-18 22:56:49', '{\"path\":\"/api/group\",\"code\":996,\"message\":\"该信息已被锁定，无法进行此操作！\"}', 'FAILURE', '192.168.0.39', '大青蛙', '大青蛙', '2023-07-18 22:56:49', 'frog', 'frog', '2023-07-18 22:56:49', 'GroupController.delete', 0, 'snapper-authority', '删除', 'CHROME11:114.0.0.0', 'Mac OS X:Computer', NULL, 'admin'),
('1681317099875880961', '/api/group', 'DELETE', '{}', '删除组织', '2023-07-18 22:56:49', '{\"path\":\"/api/group\",\"code\":996,\"message\":\"该信息已被锁定，无法进行此操作！\"}', 'FAILURE', '192.168.0.39', '大青蛙', '大青蛙', '2023-07-18 22:56:49', 'frog', 'frog', '2023-07-18 22:56:49', 'GroupController.delete', 0, 'snapper-authority', '删除', 'CHROME11:114.0.0.0', 'Mac OS X:Computer', NULL, 'admin'),
('1681639325158387714', '/api/oauth/token', 'POST', '{\"userName\":\"frog\",\"userPasswd\":\"e10adc3949ba59abbe56e057f20f883e\",\"groupId\":\"R010104\",\"autoLogin\":false,\"systemTag\":\"businessR010104\",\"originPassword\":\"e10adc3949ba59abbe56e057f20f883e\"}', '系统登录', '2023-07-19 20:17:10', NULL, 'SUCCESS', '192.168.0.39', 'frog', '', '2023-07-19 20:17:13', 'frog', 'frog', '2023-07-19 20:17:13', 'SystemController.login', 2, 'snapper-authority', '用户登录', 'CHROME11:114.0.0.0', 'Mac OS X:Computer', '{\"path\":\"/api/oauth/token\",\"code\":200,\"data\":[{\"access_token\":\"eyJhbGciOiJSUzI1NiJ9.eyJKV1RfVVNFUl9OTyI6ImZyb2ciLCJKV1RfTVVMVElfTE9HSU4iOmZhbHNlLCJpc3MiOiJTbmFwcGVyIiwiSldUX1NZU1RFTV9UQUciOiJidXNpbmVzc1IwMTAxMDQiLCJKV1RfVVNFUl9JRCI6IjE0NjUxNTk0MTQ3NjU0MDgyNTgiLCJKV1RfRVhQSVJFX1BPTElDWSI6IkZJWEVEIiwiaWF0IjoxNjg5NzY5MDMyLCJqdGkiOiI4NjY0MTMzMjA3NjcyNzUwMDgifQ.R2oghXrPZFt1rmIZnF4nz858sTkcmMZEcvXALU5QaPzKrjvnphsKYjHf8IyUvjAqYHP32UcyFuwp9kt35mbluUp3A87-l4JJsBVNISfruoH4m7ziq1wvD3jx0zVSml33UlXRvkbbyPumr', 'businessR010104'),
('1681642566436827138', '/api/oauth/token', 'POST', '{\"userName\":\"frog\",\"userPasswd\":\"e10adc3949ba59abbe56e057f20f883e\",\"autoLogin\":false,\"systemTag\":\"admin\",\"originPassword\":\"e10adc3949ba59abbe56e057f20f883e\"}', '系统登录', '2023-07-19 20:30:05', NULL, 'SUCCESS', '192.168.0.39', 'frog', '', '2023-07-19 20:30:06', 'frog', 'frog', '2023-07-19 20:30:06', 'SystemController.login', 0, 'snapper-authority', '用户登录', 'CHROME11:114.0.0.0', 'Mac OS X:Computer', '{\"path\":\"/api/oauth/token\",\"code\":200,\"data\":[{\"access_token\":\"eyJhbGciOiJSUzI1NiJ9.eyJKV1RfVVNFUl9OTyI6ImZyb2ciLCJKV1RfTVVMVElfTE9HSU4iOmZhbHNlLCJpc3MiOiJTbmFwcGVyIiwiSldUX1NZU1RFTV9UQUciOiJhZG1pbiIsIkpXVF9VU0VSX0lEIjoiMTQ2NTE1OTQxNDc2NTQwODI1OCIsIkpXVF9FWFBJUkVfUE9MSUNZIjoiRklYRUQiLCJpYXQiOjE2ODk3Njk4MDUsImp0aSI6Ijg2NjQxNjU2MjkzNDkwNjg4MCJ9.aSSWIdtYXcdunbJ1kd_P57g1v81v93W4laqTnqChEHpofwLppbTraWY6O34C9RdXuzwxwAoSw3pPeYaMpl5rhkci7b_cZaeTGBjJKU1bIAu47JEapAclBF7apidwgwO-vDzAo45q-yZtuDBhMc-cSE6BeBV', 'admin'),
('1681846044406607874', '/api/oauth/token', 'POST', '{\"userName\":\"frog\",\"userPasswd\":\"e10adc3949ba59abbe56e057f20f883e\",\"groupId\":\"R010104\",\"autoLogin\":false,\"systemTag\":\"businessR010104\",\"originPassword\":\"e10adc3949ba59abbe56e057f20f883e\"}', '系统登录', '2023-07-20 09:58:36', NULL, 'SUCCESS', '127.0.0.1', 'frog', '', '2023-07-20 09:58:39', 'frog', 'frog', '2023-07-20 09:58:39', 'SystemController.login', 2, 'snapper-authority', '用户登录', 'CHROME11:114.0.0.0', 'Mac OS X:Computer', '{\"path\":\"/api/oauth/token\",\"code\":200,\"data\":[{\"access_token\":\"eyJhbGciOiJSUzI1NiJ9.eyJKV1RfVVNFUl9OTyI6ImZyb2ciLCJKV1RfTVVMVElfTE9HSU4iOmZhbHNlLCJpc3MiOiJTbmFwcGVyIiwiSldUX1NZU1RFTV9UQUciOiJidXNpbmVzc1IwMTAxMDQiLCJKV1RfVVNFUl9JRCI6IjE0NjUxNTk0MTQ3NjU0MDgyNTgiLCJKV1RfRVhQSVJFX1BPTElDWSI6IkZJWEVEIiwiaWF0IjoxNjg5ODE4MzE4LCJqdGkiOiI4NjY2MjAwNDAxODE0NDg3MDQifQ.GriWjOAYrvOLOacWU1trUNbVSGRXEcJpCsq_4tjZd1TLFA7ZEikPa87q4zOuQy0MAHAHX_ddMMozzMP8H9C2IBYyB73JP4KaX82b9pEB0Wnpbc52j9xhxu2u6LtYNtQW8GAVr9fKKCOkt', 'businessR010104'),
('1681846520984399874', '/api/oauth/token', 'POST', '{\"userName\":\"frog\",\"userPasswd\":\"e10adc3949ba59abbe56e057f20f883e\",\"autoLogin\":false,\"systemTag\":\"admin\",\"originPassword\":\"e10adc3949ba59abbe56e057f20f883e\"}', '系统登录', '2023-07-20 10:00:31', NULL, 'SUCCESS', '127.0.0.1', 'frog', '', '2023-07-20 10:00:32', 'frog', 'frog', '2023-07-20 10:00:32', 'SystemController.login', 1, 'snapper-authority', '用户登录', 'CHROME11:114.0.0.0', 'Mac OS X:Computer', '{\"path\":\"/api/oauth/token\",\"code\":200,\"data\":[{\"access_token\":\"eyJhbGciOiJSUzI1NiJ9.eyJKV1RfVVNFUl9OTyI6ImZyb2ciLCJKV1RfTVVMVElfTE9HSU4iOmZhbHNlLCJpc3MiOiJTbmFwcGVyIiwiSldUX1NZU1RFTV9UQUciOiJhZG1pbiIsIkpXVF9VU0VSX0lEIjoiMTQ2NTE1OTQxNDc2NTQwODI1OCIsIkpXVF9FWFBJUkVfUE9MSUNZIjoiRklYRUQiLCJpYXQiOjE2ODk4MTg0MzIsImp0aSI6Ijg2NjYyMDUxNzUzNTE4Njk0NCJ9.C7xxXvNfDT-Pv8lmuUVuj1ZNLsKPBM7r_MCSuxKAua1erLqinCJffS8bRVnFvWjhXq2b1jc4uznPtx4Myrd3pXrtROUAeKDYvpmngK55VM0qDES_kbLl_z_2TFd7_KZyalPf6Q_9oPmDVjPAJ17tPa4EYV1', 'admin'),
('1682015035605671938', '/api/oauth/token', 'POST', '{\"userName\":\"frog\",\"userPasswd\":\"e10adc3949ba59abbe56e057f20f883e\",\"autoLogin\":false,\"systemTag\":\"admin\",\"originPassword\":\"e10adc3949ba59abbe56e057f20f883e\"}', '系统登录', '2023-07-20 21:10:07', NULL, 'SUCCESS', '192.168.0.39', 'frog', '', '2023-07-20 21:10:09', 'frog', 'frog', '2023-07-20 21:10:09', 'SystemController.login', 1, 'snapper-authority', '用户登录', 'CHROME11:114.0.0.0', 'Mac OS X:Computer', '{\"path\":\"/api/oauth/token\",\"code\":200,\"data\":[{\"access_token\":\"eyJhbGciOiJSUzI1NiJ9.eyJKV1RfVVNFUl9OTyI6ImZyb2ciLCJKV1RfTVVMVElfTE9HSU4iOmZhbHNlLCJpc3MiOiJTbmFwcGVyIiwiSldUX1NZU1RFTV9UQUciOiJhZG1pbiIsIkpXVF9VU0VSX0lEIjoiMTQ2NTE1OTQxNDc2NTQwODI1OCIsIkpXVF9FWFBJUkVfUE9MSUNZIjoiRklYRUQiLCJpYXQiOjE2ODk4NTg2MDksImp0aSI6Ijg2Njc4OTAzMTIzOTc0NTUzNiJ9.XC3Bt7Ju7KMU-Z5VKTqaxpacbypKyy-2tys9GJ7Y93hEjjGE8I9B1FS62MqVyqkyg8e9iD8S-bGNESxNk2ruL8Mq82uwdvXgIU3WbBBqTglYxs75WioZFWpWqxzKSWw0g7Ga8CKvU4vX5NoSMDM43y6vR3X', 'admin'),
('1682016056100806657', '/api/oauth/token', 'POST', '{\"userName\":\"frog\",\"userPasswd\":\"e10adc3949ba59abbe56e057f20f883e\",\"groupId\":\"R010104\",\"autoLogin\":false,\"systemTag\":\"businessR010104\",\"originPassword\":\"e10adc3949ba59abbe56e057f20f883e\"}', '系统登录', '2023-07-20 21:14:12', NULL, 'SUCCESS', '192.168.0.39', 'frog', '', '2023-07-20 21:14:13', 'frog', 'frog', '2023-07-20 21:14:13', 'SystemController.login', 0, 'snapper-authority', '用户登录', 'CHROME11:114.0.0.0', 'Mac OS X:Computer', '{\"path\":\"/api/oauth/token\",\"code\":200,\"data\":[{\"access_token\":\"eyJhbGciOiJSUzI1NiJ9.eyJKV1RfVVNFUl9OTyI6ImZyb2ciLCJKV1RfTVVMVElfTE9HSU4iOmZhbHNlLCJpc3MiOiJTbmFwcGVyIiwiSldUX1NZU1RFTV9UQUciOiJidXNpbmVzc1IwMTAxMDQiLCJKV1RfVVNFUl9JRCI6IjE0NjUxNTk0MTQ3NjU0MDgyNTgiLCJKV1RfRVhQSVJFX1BPTElDWSI6IkZJWEVEIiwiaWF0IjoxNjg5ODU4ODUyLCJqdGkiOiI4NjY3OTAwNTI2NDUwNDQyMjQifQ.ryMCq8hlNjD5clj-V55D976cfiUQRfneA-iZpI-UeSnIqsAyJkPVq8y48048_GNJoKPa3DICWybkFZZT_wfiXoJUSLtYREIc1M8cez8crCKCMV5NrNmE-36nQ1dqeDyt1liVI65iQCoLD', 'businessR010104'),
('1682030526000812033', '/api/oauth/token', 'POST', '{\"userName\":\"hankai\",\"userPasswd\":\"e10adc3949ba59abbe56e057f20f883e\",\"groupId\":\"R0201\",\"autoLogin\":false,\"systemTag\":\"businessR0201\",\"originPassword\":\"e10adc3949ba59abbe56e057f20f883e\"}', '系统登录', '2023-07-20 22:11:41', NULL, 'SUCCESS', '192.168.0.39', 'hankai', '', '2023-07-20 22:11:43', 'hankai', 'hankai', '2023-07-20 22:11:43', 'SystemController.login', 2, 'snapper-authority', '用户登录', 'CHROME11:114.0.0.0', 'Mac OS X:Computer', '{\"path\":\"/api/oauth/token\",\"code\":200,\"data\":[{\"access_token\":\"eyJhbGciOiJSUzI1NiJ9.eyJKV1RfVVNFUl9OTyI6ImhhbmthaSIsIkpXVF9NVUxUSV9MT0dJTiI6ZmFsc2UsImlzcyI6IlNuYXBwZXIiLCJKV1RfU1lTVEVNX1RBRyI6ImJ1c2luZXNzUjAyMDEiLCJKV1RfVVNFUl9JRCI6IjE2Nzk0NTY4Mjk3NDIzNzQ5MTQiLCJKV1RfRVhQSVJFX1BPTElDWSI6IkZJWEVEIiwiaWF0IjoxNjg5ODYyMzAyLCJqdGkiOiI4NjY4MDQ1MjE3MjcxNjQ0MTYifQ.RDTWnJhK35VYsUCLI-lKa2TX7L65ynhSNcvPg3KmXDItgA7YTQse1EzvlefQeyNYetmiczhZVDe3UC4a-IpuB0X0MS25JgqfmbnXkphHcTulW1cK2LmrqJpQ5G6pFV4VquXe0pMLIKFA8', 'businessR0201'),
('1682034024675328001', '/api/oauth/token', 'POST', '{\"userName\":\"hankai\",\"userPasswd\":\"e10adc3949ba59abbe56e057f20f883e\",\"groupId\":\"R0201\",\"autoLogin\":false,\"systemTag\":\"businessR0201\",\"originPassword\":\"e10adc3949ba59abbe56e057f20f883e\"}', '系统登录', '2023-07-20 22:25:35', NULL, 'SUCCESS', '192.168.0.39', 'hankai', '', '2023-07-20 22:25:37', 'hankai', 'hankai', '2023-07-20 22:25:37', 'SystemController.login', 2, 'snapper-authority', '用户登录', 'CHROME11:114.0.0.0', 'Mac OS X:Computer', '{\"path\":\"/api/oauth/token\",\"code\":200,\"data\":[{\"access_token\":\"eyJhbGciOiJSUzI1NiJ9.eyJKV1RfVVNFUl9OTyI6ImhhbmthaSIsIkpXVF9NVUxUSV9MT0dJTiI6ZmFsc2UsImlzcyI6IlNuYXBwZXIiLCJKV1RfU1lTVEVNX1RBRyI6ImJ1c2luZXNzUjAyMDEiLCJKV1RfVVNFUl9JRCI6IjE2Nzk0NTY4Mjk3NDIzNzQ5MTQiLCJKV1RfRVhQSVJFX1BPTElDWSI6IkZJWEVEIiwiaWF0IjoxNjg5ODYzMTM2LCJqdGkiOiI4NjY4MDgwMTk0MjAxODQ1NzYifQ.nFwi7by9jdnW6YYdpCJvLK3HfNvtZcP2e0eP9GxslFqM7jWl1LaOndJZzjnRif7ESLpqAnq7M5DbUeDuSHDdo_-WZFnWjyMrLU9EgxX1DFyAooqkwt_X5q4R7JxZSmCFifqr_tFbjk2EX', 'businessR0201'),
('1682034806875275266', '/api/oauth/token', 'POST', '{\"userName\":\"hankai\",\"userPasswd\":\"e10adc3949ba59abbe56e057f20f883e\",\"groupId\":\"R0201\",\"autoLogin\":false,\"systemTag\":\"businessR0201\",\"originPassword\":\"e10adc3949ba59abbe56e057f20f883e\"}', '系统登录', '2023-07-20 22:28:42', NULL, 'SUCCESS', '192.168.0.39', 'hankai', '', '2023-07-20 22:28:43', 'hankai', 'hankai', '2023-07-20 22:28:43', 'SystemController.login', 1, 'snapper-authority', '用户登录', 'CHROME11:114.0.0.0', 'Mac OS X:Computer', '{\"path\":\"/api/oauth/token\",\"code\":200,\"data\":[{\"access_token\":\"eyJhbGciOiJSUzI1NiJ9.eyJKV1RfVVNFUl9OTyI6ImhhbmthaSIsIkpXVF9NVUxUSV9MT0dJTiI6ZmFsc2UsImlzcyI6IlNuYXBwZXIiLCJKV1RfU1lTVEVNX1RBRyI6ImJ1c2luZXNzUjAyMDEiLCJKV1RfVVNFUl9JRCI6IjE2Nzk0NTY4Mjk3NDIzNzQ5MTQiLCJKV1RfRVhQSVJFX1BPTElDWSI6IkZJWEVEIiwiaWF0IjoxNjg5ODYzMzIzLCJqdGkiOiI4NjY4MDg4MDM0NzgyMDg1MTIifQ.t91A6-gCAMke5ohkcsVF0BvUjcNuAAmRD1_fO4IHrLfuJYjU8OR8rTX481UCdl_J1F7kuArQuZOPI9bcEvFwjsfIcD4c86mu8swMIzEXdqiFpTWLbAAg9weQdNDlLhDWa5FlKR2badUqG', 'businessR0201'),
('1682040168697344001', '/api/oauth/token', 'POST', '{\"userName\":\"hankai\",\"userPasswd\":\"e10adc3949ba59abbe56e057f20f883e\",\"groupId\":\"R0201\",\"autoLogin\":false,\"systemTag\":\"businessR0201\",\"originPassword\":\"e10adc3949ba59abbe56e057f20f883e\"}', '系统登录', '2023-07-20 22:49:59', NULL, 'SUCCESS', '192.168.0.39', 'hankai', '', '2023-07-20 22:50:02', 'hankai', 'hankai', '2023-07-20 22:50:02', 'SystemController.login', 2, 'snapper-authority', '用户登录', 'CHROME11:114.0.0.0', 'Mac OS X:Computer', '{\"path\":\"/api/oauth/token\",\"code\":200,\"data\":[{\"access_token\":\"eyJhbGciOiJSUzI1NiJ9.eyJKV1RfVVNFUl9OTyI6ImhhbmthaSIsIkpXVF9NVUxUSV9MT0dJTiI6ZmFsc2UsImlzcyI6IlNuYXBwZXIiLCJKV1RfU1lTVEVNX1RBRyI6ImJ1c2luZXNzUjAyMDEiLCJKV1RfVVNFUl9JRCI6IjE2Nzk0NTY4Mjk3NDIzNzQ5MTQiLCJKV1RfRVhQSVJFX1BPTElDWSI6IkZJWEVEIiwiaWF0IjoxNjg5ODY0NjAxLCJqdGkiOiI4NjY4MTQxNjQ0NTcyMjYyNDAifQ.My52fKt7THiv_TFTGgqHf5OvxIQ-qNKTzVIL7K3mv-CFxnhz80Y0yO5nF6wUiOh1klgehFXOVN7GrYR3z279LyAT1zRhR4iEIoTMoOcO__uRUnOKUAqHLhN0CCOL_9_HfRJob5CWZZNnq', 'businessR0201'),
('1685231840017055746', '/api/oauth/token', 'POST', '{\"userName\":\"frog\",\"userPasswd\":\"e10adc3949ba59abbe56e057f20f883e\",\"autoLogin\":false,\"systemTag\":\"admin\",\"originPassword\":\"e10adc3949ba59abbe56e057f20f883e\"}', '系统登录', '2023-07-29 18:12:31', NULL, 'SUCCESS', '192.168.0.97', 'frog', '', '2023-07-29 18:12:35', 'frog', 'frog', '2023-07-29 18:12:35', 'SystemController.login', 3, 'snapper-authority', '用户登录', 'CHROME11:115.0.0.0', 'Mac OS X:Computer', '{\"path\":\"/api/oauth/token\",\"code\":200,\"data\":[{\"access_token\":\"eyJhbGciOiJSUzI1NiJ9.eyJKV1RfVVNFUl9OTyI6ImZyb2ciLCJKV1RfTVVMVElfTE9HSU4iOmZhbHNlLCJpc3MiOiJTbmFwcGVyIiwiSldUX1NZU1RFTV9UQUciOiJhZG1pbiIsIkpXVF9VU0VSX0lEIjoiMTQ2NTE1OTQxNDc2NTQwODI1OCIsIkpXVF9FWFBJUkVfUE9MSUNZIjoiRklYRUQiLCJpYXQiOjE2OTA2MjU1NTQsImp0aSI6Ijg3MDAwNTgzNDEyODU1NjAzMiJ9.ATdR6cMAGo38qcqMmdvB8zy3QEYGlO-_sBJUaM8CE-TFS2bUPuB_TUNRKVZLwtqEHjYP43iDfT-c5MoaKIJGEgq5a6-V_pY88wlKYIiXYAk2bmpOZOxrIjDyzhn_6t7-wERBGrZ69dInFUNUGac2hZ386WL', 'admin'),
('1685231895990042625', '/api/oauth/token', 'POST', '{\"userName\":\"frog\",\"userPasswd\":\"e10adc3949ba59abbe56e057f20f883e\",\"groupId\":\"R010104\",\"autoLogin\":false,\"systemTag\":\"businessR010104\",\"originPassword\":\"e10adc3949ba59abbe56e057f20f883e\"}', '系统登录', '2023-07-29 18:12:48', NULL, 'SUCCESS', '192.168.0.97', 'frog', '', '2023-07-29 18:12:49', 'frog', 'frog', '2023-07-29 18:12:49', 'SystemController.login', 0, 'snapper-authority', '用户登录', 'CHROME11:115.0.0.0', 'Mac OS X:Computer', '{\"path\":\"/api/oauth/token\",\"code\":200,\"data\":[{\"access_token\":\"eyJhbGciOiJSUzI1NiJ9.eyJKV1RfVVNFUl9OTyI6ImZyb2ciLCJKV1RfTVVMVElfTE9HSU4iOmZhbHNlLCJpc3MiOiJTbmFwcGVyIiwiSldUX1NZU1RFTV9UQUciOiJidXNpbmVzc1IwMTAxMDQiLCJKV1RfVVNFUl9JRCI6IjE0NjUxNTk0MTQ3NjU0MDgyNTgiLCJKV1RfRVhQSVJFX1BPTElDWSI6IkZJWEVEIiwiaWF0IjoxNjkwNjI1NTY4LCJqdGkiOiI4NzAwMDU4OTI1NzYxODIyNzIifQ.ZwZnebOzaI_pLXCEnORSoRCVIawdYZEswFylaenQtxtCBKPkpHHRtG5WhOlg_fizcVtauptF3qRreC3fn8XmjO4R2vkAopJIfKpRJGcXHkjJfMJ0qC21JPZQAjAk6-Hrcu2rJ2_vT3ZDg', 'businessR010104'),
('1685236606763814913', '/api/oauth/token', 'POST', '{\"userName\":\"hankai\",\"userPasswd\":\"e10adc3949ba59abbe56e057f20f883e\",\"groupId\":\"R0201\",\"autoLogin\":false,\"systemTag\":\"businessR0201\",\"originPassword\":\"e10adc3949ba59abbe56e057f20f883e\"}', '系统登录', '2023-07-29 18:31:29', NULL, 'SUCCESS', '192.168.0.97', 'hankai', '', '2023-07-29 18:31:32', 'hankai', 'hankai', '2023-07-29 18:31:32', 'SystemController.login', 2, 'snapper-authority', '用户登录', 'CHROME11:115.0.0.0', 'Mac OS X:Computer', '{\"path\":\"/api/oauth/token\",\"code\":200,\"data\":[{\"access_token\":\"eyJhbGciOiJSUzI1NiJ9.eyJKV1RfVVNFUl9OTyI6ImhhbmthaSIsIkpXVF9NVUxUSV9MT0dJTiI6ZmFsc2UsImlzcyI6IlNuYXBwZXIiLCJKV1RfU1lTVEVNX1RBRyI6ImJ1c2luZXNzUjAyMDEiLCJKV1RfVVNFUl9JRCI6IjE2Nzk0NTY4Mjk3NDIzNzQ5MTQiLCJKV1RfRVhQSVJFX1BPTElDWSI6IkZJWEVEIiwiaWF0IjoxNjkwNjI2NjkxLCJqdGkiOiI4NzAwMTA2MDIxNTg4MTcyODAifQ.JAUYCJ9J_WWicXKCpm-MK86Ak33IVDLZ_6g3bhq6noxOkr6zPWNouTF1ULsG_QCUbogNIhJqPZ0yXYyADWUd6o000nxMQLr1y7tsZDjANcsZoGQ6uOh0nALtxfBk4i1GqTHQ0JUsXaYq8', 'businessR0201'),
('1685241996800970754', '/api/oauth/token', 'POST', '{\"userName\":\"hankai\",\"userPasswd\":\"e10adc3949ba59abbe56e057f20f883e\",\"groupId\":\"R0201\",\"autoLogin\":false,\"systemTag\":\"businessR0201\",\"originPassword\":\"e10adc3949ba59abbe56e057f20f883e\"}', '系统登录', '2023-07-29 18:52:56', NULL, 'SUCCESS', '127.0.0.1', 'hankai', '', '2023-07-29 18:52:57', 'hankai', 'hankai', '2023-07-29 18:52:57', 'SystemController.login', 0, 'snapper-authority', '用户登录', 'CHROME11:115.0.0.0', 'Mac OS X:Computer', '{\"path\":\"/api/oauth/token\",\"code\":200,\"data\":[{\"access_token\":\"eyJhbGciOiJSUzI1NiJ9.eyJKV1RfVVNFUl9OTyI6ImhhbmthaSIsIkpXVF9NVUxUSV9MT0dJTiI6ZmFsc2UsImlzcyI6IlNuYXBwZXIiLCJKV1RfU1lTVEVNX1RBRyI6ImJ1c2luZXNzUjAyMDEiLCJKV1RfVVNFUl9JRCI6IjE2Nzk0NTY4Mjk3NDIzNzQ5MTQiLCJKV1RfRVhQSVJFX1BPTElDWSI6IkZJWEVEIiwiaWF0IjoxNjkwNjI3OTc2LCJqdGkiOiI4NzAwMTU5OTMzOTk3MzgzNjgifQ.Yx8xiDE2DWoT6Q_eVELsBuTG7zzQCpMqJgZiOlL6qN-Lc9qu9bkDEwuNV86RkKUfR9BXI5WV99mZjoMNvcD6qpQzsyZrXx-GfGCYNixTYRPbjQUJKiJeDCwc5gbmKubCO6mQW_WCK4RGO', 'businessR0201'),
('1685242491800145922', '/api/oauth/token', 'POST', '{\"userName\":\"hankai\",\"userPasswd\":\"e10adc3949ba59abbe56e057f20f883e\",\"groupId\":\"R0201\",\"autoLogin\":false,\"systemTag\":\"businessR0201\",\"originPassword\":\"e10adc3949ba59abbe56e057f20f883e\"}', '系统登录', '2023-07-29 18:54:54', NULL, 'SUCCESS', '127.0.0.1', 'hankai', '', '2023-07-29 18:54:55', 'hankai', 'hankai', '2023-07-29 18:54:55', 'SystemController.login', 0, 'snapper-authority', '用户登录', 'CHROME11:115.0.0.0', 'Mac OS X:Computer', '{\"path\":\"/api/oauth/token\",\"code\":200,\"data\":[{\"access_token\":\"eyJhbGciOiJSUzI1NiJ9.eyJKV1RfVVNFUl9OTyI6ImhhbmthaSIsIkpXVF9NVUxUSV9MT0dJTiI6ZmFsc2UsImlzcyI6IlNuYXBwZXIiLCJKV1RfU1lTVEVNX1RBRyI6ImJ1c2luZXNzUjAyMDEiLCJKV1RfVVNFUl9JRCI6IjE2Nzk0NTY4Mjk3NDIzNzQ5MTQiLCJKV1RfRVhQSVJFX1BPTElDWSI6IkZJWEVEIiwiaWF0IjoxNjkwNjI4MDk0LCJqdGkiOiI4NzAwMTY0ODg0MjQwNzkzNjAifQ.kaOtumi_jF0fZhgSB_THIOD2f5PZO4krDdPTWjzqlatiRq9CCgr2pmPm-IcnlRrXwH9nq9nK2xpC9RDK5TtWKcKRm-qYD6tvBmG5sfv2xlVf9KgDth8gweVzM8Ws8O0vfEAYNG89f7ZEw', 'businessR0201'),
('1685275553296568321', '/api/oauth/token', 'POST', '{\"userName\":\"wutie\",\"userPasswd\":\"e10adc3949ba59abbe56e057f20f883e\",\"groupId\":\"R0203\",\"autoLogin\":false,\"systemTag\":\"businessR0203\",\"originPassword\":\"e10adc3949ba59abbe56e057f20f883e\"}', '系统登录', '2023-07-29 21:06:17', NULL, 'SUCCESS', '127.0.0.1', 'wutie', '', '2023-07-29 21:06:17', 'wutie', 'wutie', '2023-07-29 21:06:17', 'SystemController.login', 0, 'snapper-authority', '用户登录', 'CHROME11:115.0.0.0', 'Mac OS X:Computer', '{\"path\":\"/api/oauth/token\",\"code\":200,\"data\":[{\"access_token\":\"eyJhbGciOiJSUzI1NiJ9.eyJKV1RfVVNFUl9OTyI6Ind1dGllIiwiSldUX01VTFRJX0xPR0lOIjpmYWxzZSwiaXNzIjoiU25hcHBlciIsIkpXVF9TWVNURU1fVEFHIjoiYnVzaW5lc3NSMDIwMyIsIkpXVF9VU0VSX0lEIjoiMTY3OTQ2Mzg5NzY5ODE4OTMxNCIsIkpXVF9FWFBJUkVfUE9MSUNZIjoiRklYRUQiLCJpYXQiOjE2OTA2MzU5NzcsImp0aSI6Ijg3MDA0OTU0OTg5MTE0MTYzMiJ9.LXHjYEcfNQmksCw-kAA4j-V8GrzkWOKkrpGTYcqm8SpRoRRkiqOpT17AaxCoBaM_nMM9ffY58P32a0hil3Xw6A0u5zaOvbeW6retSE0Oz2dOCeNG3TNY1j6FzMQ-PN5KYRcbh2qROSucRW9', 'businessR0203'),
('1694973963102412802', '/api/oauth/token', 'POST', '{\"userName\":\"frog\",\"userPasswd\":\"e10adc3949ba59abbe56e057f20f883e\",\"groupId\":\"R010104\",\"autoLogin\":false,\"systemTag\":\"businessR010104\",\"originPassword\":\"e10adc3949ba59abbe56e057f20f883e\"}', '系统登录', '2023-08-25 15:24:16', NULL, 'SUCCESS', '127.0.0.1', 'frog', '', '2023-08-25 15:24:19', 'frog', 'frog', '2023-08-25 15:24:19', 'SystemController.login', 2, 'snam-authority', '用户登录', 'CHROME11:116.0.0.0', 'Mac OS X:Computer', '{\"path\":\"/api/oauth/token\",\"code\":200,\"data\":[{\"access_token\":\"eyJhbGciOiJSUzI1NiJ9.eyJKV1RfVVNFUl9OTyI6ImZyb2ciLCJKV1RfTVVMVElfTE9HSU4iOmZhbHNlLCJpc3MiOiJTbmFwcGVyIiwiSldUX1NZU1RFTV9UQUciOiJidXNpbmVzc1IwMTAxMDQiLCJKV1RfVVNFUl9JRCI6IjE0NjUxNTk0MTQ3NjU0MDgyNTgiLCJKV1RfRVhQSVJFX1BPTElDWSI6IkZJWEVEIiwiaWF0IjoxNjkyOTQ4MjU4LCJqdGkiOiI4Nzk3NDc5NTc2NzM0MjY5NDQifQ.b0E6GU0Dk6lK4aCVtiaxrg_jAeCebUpJib1HNq4PboyqNvBu5E8Yml2zKH9DHFLTdcMc-cOWY_4kvi11_NQOflc78hKyLzmn1NpimCcw-dAT-Vz3qeqBOziiaXL22Yf_3EO2IT8PyHepc', 'businessR010104'),
('1694975590349758465', '/api/oauth/token', 'POST', '{\"userName\":\"frog\",\"userPasswd\":\"e10adc3949ba59abbe56e057f20f883e\",\"groupId\":\"R010104\",\"autoLogin\":false,\"systemTag\":\"businessR010104\",\"originPassword\":\"e10adc3949ba59abbe56e057f20f883e\"}', '系统登录', '2023-08-25 15:30:46', NULL, 'SUCCESS', '127.0.0.1', 'frog', '', '2023-08-25 15:30:47', 'frog', 'frog', '2023-08-25 15:30:47', 'SystemController.login', 0, 'snam-authority', '用户登录', 'CHROME11:116.0.0.0', 'Mac OS X:Computer', '{\"path\":\"/api/oauth/token\",\"code\":200,\"data\":[{\"access_token\":\"eyJhbGciOiJSUzI1NiJ9.eyJKV1RfVVNFUl9OTyI6ImZyb2ciLCJKV1RfTVVMVElfTE9HSU4iOmZhbHNlLCJpc3MiOiJTbmFwcGVyIiwiSldUX1NZU1RFTV9UQUciOiJidXNpbmVzc1IwMTAxMDQiLCJKV1RfVVNFUl9JRCI6IjE0NjUxNTk0MTQ3NjU0MDgyNTgiLCJKV1RfRVhQSVJFX1BPTElDWSI6IkZJWEVEIiwiaWF0IjoxNjkyOTQ4NjQ2LCJqdGkiOiI4Nzk3NDk1ODY4NzExMjM5NjgifQ.MLOuLQL-w5GBaRHTMD7yIuEtGrkBrPG9TSZ3cibmppzh0wgtYJH-YzuTduHAQrc0sqt5HRIXDS5lX9CeIl18WyqFidQmVB9Af_TkawzCEzTk8BS1vQDvthlUWX-5vlxEQt_UKJzue5tv_', 'businessR010104'),
('1694975762358165505', '/api/oauth/token', 'POST', '{\"userName\":\"frog\",\"userPasswd\":\"e10adc3949ba59abbe56e057f20f883e\",\"groupId\":\"R010104\",\"autoLogin\":false,\"systemTag\":\"businessR010104\",\"originPassword\":\"e10adc3949ba59abbe56e057f20f883e\"}', '系统登录', '2023-08-25 15:31:27', NULL, 'SUCCESS', '127.0.0.1', 'frog', '', '2023-08-25 15:31:28', 'frog', 'frog', '2023-08-25 15:31:28', 'SystemController.login', 0, 'snam-authority', '用户登录', 'CHROME11:116.0.0.0', 'Mac OS X:Computer', '{\"path\":\"/api/oauth/token\",\"code\":200,\"data\":[{\"access_token\":\"eyJhbGciOiJSUzI1NiJ9.eyJKV1RfVVNFUl9OTyI6ImZyb2ciLCJKV1RfTVVMVElfTE9HSU4iOmZhbHNlLCJpc3MiOiJTbmFwcGVyIiwiSldUX1NZU1RFTV9UQUciOiJidXNpbmVzc1IwMTAxMDQiLCJKV1RfVVNFUl9JRCI6IjE0NjUxNTk0MTQ3NjU0MDgyNTgiLCJKV1RfRVhQSVJFX1BPTElDWSI6IkZJWEVEIiwiaWF0IjoxNjkyOTQ4Njg3LCJqdGkiOiI4Nzk3NDk3NTg5Mjk4NjI2NTYifQ.hEKJfSe51AjT8GDSZbnju62_amXti5F0ZDtl5F2lDkOOrhi6tRzvFnzMNLJAdMRFMKfBiPGH1CIhf1B9KbvB3MSKBP0c4bBd5gd3UEls_72xOR9gAQmjOtjELtKn_HFRW4FK4nveh-DLv', 'businessR010104'),
('1699031952922783746', '/api/oauth/token', 'POST', '{\"userName\":\"frog\",\"userPasswd\":\"e10adc3949ba59abbe56e057f20f883e\",\"autoLogin\":false,\"systemTag\":\"admin\",\"originPassword\":\"e10adc3949ba59abbe56e057f20f883e\"}', '系统登录', '2023-09-05 20:09:15', NULL, 'SUCCESS', '127.0.0.1', 'frog', '', '2023-09-05 20:09:19', 'frog', 'frog', '2023-09-05 20:09:19', 'SystemController.login', 3, 'snam-authority', '用户登录', 'CHROME11:116.0.0.0', 'Mac OS X:Computer', '{\"path\":\"/api/oauth/token\",\"code\":200,\"data\":[{\"access_token\":\"eyJhbGciOiJSUzI1NiJ9.eyJKV1RfVVNFUl9OTyI6ImZyb2ciLCJKV1RfTVVMVElfTE9HSU4iOmZhbHNlLCJpc3MiOiJTbmFwcGVyIiwiSldUX1NZU1RFTV9UQUciOiJhZG1pbiIsIkpXVF9VU0VSX0lEIjoiMTQ2NTE1OTQxNDc2NTQwODI1OCIsIkpXVF9FWFBJUkVfUE9MSUNZIjoiRklYRUQiLCJpYXQiOjE2OTM5MTU3NTgsImp0aSI6Ijg4MzgwNTk0NzIwNDQ2ODczNiJ9.Cr7cvYCN6gAsseHzRaieTq1P2XAx9g1k7K2b-QoQd7NkeIssXU1L5tevfGbFqZlRXUtWPEp9n3n8FTM2rlf4r5c46IGSjqR3fvqbN_Ez7m27N94qFmL7V29kExbv5r1I6Ljy_ImZc30wQw_ogQEfp7QBCE2', 'admin'),
('1699310401050669057', '/api/oauth/token', 'POST', '{\"userName\":\"frog\",\"userPasswd\":\"70065c11b6bed04d3e2b4eeb785226ed\",\"autoLogin\":false,\"systemTag\":\"admin\",\"originPassword\":\"70065c11b6bed04d3e2b4eeb785226ed\"}', '系统登录', '2023-09-06 14:35:45', '{\"path\":\"/api/oauth/token\",\"code\":998,\"message\":\"用户名或密码错误!\"}', 'FAILURE', '127.0.0.1', 'frog', '', '2023-09-06 14:35:46', 'frog', 'frog', '2023-09-06 14:35:46', 'SystemController.login', 0, 'snam-authority', '用户登录', 'CHROME11:116.0.0.0', 'Mac OS X:Computer', NULL, 'admin'),
('1699310436773556225', '/api/oauth/token', 'POST', '{\"userName\":\"frog\",\"userPasswd\":\"70065c11b6bed04d3e2b4eeb785226ed\",\"autoLogin\":false,\"systemTag\":\"admin\",\"originPassword\":\"70065c11b6bed04d3e2b4eeb785226ed\"}', '系统登录', '2023-09-06 14:35:54', '{\"path\":\"/api/oauth/token\",\"code\":998,\"message\":\"用户名或密码错误!\"}', 'FAILURE', '127.0.0.1', 'frog', '', '2023-09-06 14:35:54', 'frog', 'frog', '2023-09-06 14:35:54', 'SystemController.login', 0, 'snam-authority', '用户登录', 'CHROME11:116.0.0.0', 'Mac OS X:Computer', NULL, 'admin'),
('1699310505149100033', '/api/oauth/token', 'POST', '{\"userName\":\"frog\",\"userPasswd\":\"70065c11b6bed04d3e2b4eeb785226ed\",\"autoLogin\":false,\"systemTag\":\"admin\",\"originPassword\":\"70065c11b6bed04d3e2b4eeb785226ed\"}', '系统登录', '2023-09-06 14:36:10', '{\"path\":\"/api/oauth/token\",\"code\":998,\"message\":\"用户名或密码错误!\"}', 'FAILURE', '127.0.0.1', 'frog', '', '2023-09-06 14:36:11', 'frog', 'frog', '2023-09-06 14:36:11', 'SystemController.login', 0, 'snam-authority', '用户登录', 'CHROME11:116.0.0.0', 'Mac OS X:Computer', NULL, 'admin'),
('1699310845957271554', '/api/oauth/token', 'POST', '{\"userName\":\"frog\",\"userPasswd\":\"e10adc3949ba59abbe56e057f20f883e\",\"autoLogin\":false,\"systemTag\":\"admin\",\"originPassword\":\"e10adc3949ba59abbe56e057f20f883e\"}', '系统登录', '2023-09-06 14:37:30', NULL, 'SUCCESS', '127.0.0.1', 'frog', '', '2023-09-06 14:37:32', 'frog', 'frog', '2023-09-06 14:37:32', 'SystemController.login', 2, 'snam-authority', '用户登录', 'CHROME11:116.0.0.0', 'Mac OS X:Computer', '{\"path\":\"/api/oauth/token\",\"code\":200,\"data\":[{\"access_token\":\"eyJhbGciOiJSUzI1NiJ9.eyJKV1RfVVNFUl9OTyI6ImZyb2ciLCJKV1RfTVVMVElfTE9HSU4iOmZhbHNlLCJpc3MiOiJTbmFwcGVyIiwiSldUX1NZU1RFTV9UQUciOiJhZG1pbiIsIkpXVF9VU0VSX0lEIjoiMTQ2NTE1OTQxNDc2NTQwODI1OCIsIkpXVF9FWFBJUkVfUE9MSUNZIjoiRklYRUQiLCJpYXQiOjE2OTM5ODIyNTEsImp0aSI6Ijg4NDA4NDg0MjA5MjgyMjUyOCJ9.Si_XUqoO6hxha2UuBXandvOVxK7ZLJFKtc1kP_bixO0QYLfi7wjTGUPJv65q3sHlTtvyqzP6z-BtYeuGLNM-grgFbt8PcOVcXAhRQwDf7ABVitrSSCq0PDBKRpImh4r_9F16zKMAvpIs-uIj_xS435dw_sY', 'admin'),
('1699320959598620673', '/api/oauth/token', 'POST', '{\"userName\":\"frog\",\"userPasswd\":\"e10adc3949ba59abbe56e057f20f883e\",\"autoLogin\":false,\"systemTag\":\"admin\",\"originPassword\":\"e10adc3949ba59abbe56e057f20f883e\"}', '系统登录', '2023-09-06 15:17:43', NULL, 'SUCCESS', '127.0.0.1', 'frog', '', '2023-09-06 15:17:43', 'frog', 'frog', '2023-09-06 15:17:43', 'SystemController.login', 0, 'snam-authority', '用户登录', 'CHROME11:116.0.0.0', 'Mac OS X:Computer', '{\"path\":\"/api/oauth/token\",\"code\":200,\"data\":[{\"access_token\":\"eyJhbGciOiJSUzI1NiJ9.eyJKV1RfVVNFUl9OTyI6ImZyb2ciLCJKV1RfTVVMVElfTE9HSU4iOmZhbHNlLCJpc3MiOiJTbmFwcGVyIiwiSldUX1NZU1RFTV9UQUciOiJhZG1pbiIsIkpXVF9VU0VSX0lEIjoiMTQ2NTE1OTQxNDc2NTQwODI1OCIsIkpXVF9FWFBJUkVfUE9MSUNZIjoiRklYRUQiLCJpYXQiOjE2OTM5ODQ2NjMsImp0aSI6Ijg4NDA5NDk1NjE4Mjk2MjE3NiJ9.oKJR7kRsgjWRP7Y45AwsYXEve7r_pm-C2XH3S9XObrhZNbfAj_skKFoPa-QHecilGNxURocy_FLomCBBSI0vvwmw9xsWLu4DbdUgsYFpqJbWosKbgxDyGsDKKHYswUTXVQ671aw6d2jjLUk7eH9gopC0PtP', 'admin'),
('1699331207361245185', '/api/oauth/token', 'POST', '{\"userName\":\"frog\",\"userPasswd\":\"e10adc3949ba59abbe56e057f20f883e\",\"autoLogin\":false,\"systemTag\":\"admin\",\"originPassword\":\"e10adc3949ba59abbe56e057f20f883e\"}', '系统登录', '2023-09-06 15:58:24', NULL, 'SUCCESS', '127.0.0.1', 'frog', '', '2023-09-06 15:58:27', 'frog', 'frog', '2023-09-06 15:58:27', 'SystemController.login', 2, 'snam-authority', '用户登录', 'CHROME11:116.0.0.0', 'Mac OS X:Computer', '{\"path\":\"/api/oauth/token\",\"code\":200,\"data\":[{\"access_token\":\"eyJhbGciOiJSUzI1NiJ9.eyJKV1RfVVNFUl9OTyI6ImZyb2ciLCJKV1RfTVVMVElfTE9HSU4iOnRydWUsImlzcyI6IlNuYXBwZXIiLCJKV1RfU1lTVEVNX1RBRyI6ImFkbWluIiwiSldUX1VTRVJfSUQiOiIxNDY1MTU5NDE0NzY1NDA4MjU4IiwiSldUX0VYUElSRV9QT0xJQ1kiOiJGSVhFRCIsImlhdCI6MTY5Mzk4NzEwNiwianRpIjoiODg0MTA1MjAzMDg5OTMyMjg4In0.VCbL_OTHGdFzO43OnwiteWhcmi1obukXvO_E8ebz6anaeAHTzn3ExB7qmtFgLqGtcLOTxYcuAImHiZdfvAhwQNS_UqYyy6ms_OErsxnsJHJ4OrUDHj2e1_ThDeNNtzFoILS9PpvlyuhPjagYYqwRZypZkMEp', 'admin'),
('1699331257810333698', '/api/oauth/token', 'POST', '{\"userName\":\"frog\",\"userPasswd\":\"e10adc3949ba59abbe56e057f20f883e\",\"autoLogin\":false,\"systemTag\":\"admin\",\"originPassword\":\"e10adc3949ba59abbe56e057f20f883e\"}', '系统登录', '2023-09-06 15:58:38', NULL, 'SUCCESS', '127.0.0.1', 'frog', '', '2023-09-06 15:58:39', 'frog', 'frog', '2023-09-06 15:58:39', 'SystemController.login', 0, 'snam-authority', '用户登录', 'CHROME11:116.0.0.0', 'Mac OS X:Computer', '{\"path\":\"/api/oauth/token\",\"code\":200,\"data\":[{\"access_token\":\"eyJhbGciOiJSUzI1NiJ9.eyJKV1RfVVNFUl9OTyI6ImZyb2ciLCJKV1RfTVVMVElfTE9HSU4iOnRydWUsImlzcyI6IlNuYXBwZXIiLCJKV1RfU1lTVEVNX1RBRyI6ImFkbWluIiwiSldUX1VTRVJfSUQiOiIxNDY1MTU5NDE0NzY1NDA4MjU4IiwiSldUX0VYUElSRV9QT0xJQ1kiOiJGSVhFRCIsImlhdCI6MTY5Mzk4NzExOCwianRpIjoiODg0MTA1MjU0NDExNDM2MDMyIn0.NTAjiwt59kdmhtjYo9lyHhEEmgHn3aRZcOQ21jttatc0bbx6s2J7f7FGZhRW6DnPALkzN3foGtFMJNmvb16WM7suSg9NzwHUpFlsrJHBKStVAh-v_FfLE8dpmpbmit_bah0tqbXK1G_RgB0b6ePf6JbX6_Z6', 'admin'),
('1699335186291929090', '/api/oauth/token', 'POST', '{\"userName\":\"frog\",\"userPasswd\":\"e10adc3949ba59abbe56e057f20f883e\",\"autoLogin\":false,\"systemTag\":\"admin\",\"originPassword\":\"e10adc3949ba59abbe56e057f20f883e\"}', '系统登录', '2023-09-06 16:14:13', NULL, 'SUCCESS', '127.0.0.1', 'frog', '', '2023-09-06 16:14:15', 'frog', 'frog', '2023-09-06 16:14:15', 'SystemController.login', 1, 'snam-authority', '用户登录', 'CHROME11:116.0.0.0', 'Mac OS X:Computer', '{\"path\":\"/api/oauth/token\",\"code\":200,\"data\":[{\"access_token\":\"eyJhbGciOiJSUzI1NiJ9.eyJKV1RfVVNFUl9OTyI6ImZyb2ciLCJKV1RfTVVMVElfTE9HSU4iOnRydWUsImlzcyI6IlNuYXBwZXIiLCJKV1RfU1lTVEVNX1RBRyI6ImFkbWluIiwiSldUX1VTRVJfSUQiOiIxNDY1MTU5NDE0NzY1NDA4MjU4IiwiSldUX0VYUElSRV9QT0xJQ1kiOiJGSVhFRCIsImlhdCI6MTY5Mzk4ODA1NSwianRpIjoiODg0MTA5MTgyODc2MjU0MjA4In0.jKQZgxIFF_dzadzc67-_uuPXjmweIwSQFfwU78KRQGpEPP1i1DCNVb4C_FzAGVYuq3nFKl0EihSwSwE2uIVc8E8h-YWsAENdRspqqAZiBt4T7nm4USxatPmehorPiNXhNBOrtD8x3YfpscO7UjyWPRxQNZAc', 'admin'),
('1699349280025759745', '/api/oauth/token', 'POST', '{\"userName\":\"frog\",\"userPasswd\":\"e10adc3949ba59abbe56e057f20f883e\",\"autoLogin\":false,\"systemTag\":\"admin\",\"originPassword\":\"e10adc3949ba59abbe56e057f20f883e\"}', '系统登录', '2023-09-06 17:10:13', NULL, 'SUCCESS', '127.0.0.1', 'frog', '', '2023-09-06 17:10:15', 'frog', 'frog', '2023-09-06 17:10:15', 'SystemController.login', 2, 'snam-authority', '用户登录', 'CHROME11:116.0.0.0', 'Mac OS X:Computer', '{\"path\":\"/api/oauth/token\",\"code\":200,\"data\":[{\"access_token\":\"eyJhbGciOiJSUzI1NiJ9.eyJKV1RfVVNFUl9OTyI6ImZyb2ciLCJKV1RfTVVMVElfTE9HSU4iOnRydWUsImlzcyI6IlNuYXBwZXIiLCJKV1RfU1lTVEVNX1RBRyI6ImFkbWluIiwiSldUX1VTRVJfSUQiOiIxNDY1MTU5NDE0NzY1NDA4MjU4IiwiSldUX0VYUElSRV9QT0xJQ1kiOiJGSVhFRCIsImlhdCI6MTY5Mzk5MTQxNSwianRpIjoiODg0MTIzMjc1Nzc1NDQyOTQ0In0.W3sZHFbWP33oZu6cup6at3dmNHsiPfwkCCwvQZwhmJr8yqkyJE8Pji1Yy65rzfOahu7Yta8X_eZkq9DFMOxI0nrVBoH23_7c6AfA6r2WQqrq-GakzyzwdzpB7VfH1wCZyeMaE7IzUtn3w_8k3faXn9EiszLy', 'admin'),
('1699401112924200961', '/api/oauth/token', 'POST', '{\"userName\":\"frog\",\"userPasswd\":\"e10adc3949ba59abbe56e057f20f883e\",\"autoLogin\":false,\"systemTag\":\"admin\",\"originPassword\":\"e10adc3949ba59abbe56e057f20f883e\"}', '系统登录', '2023-09-06 20:36:11', NULL, 'SUCCESS', '192.168.0.39', 'frog', '', '2023-09-06 20:36:13', 'frog', 'frog', '2023-09-06 20:36:13', 'SystemController.login', 2, 'snam-authority', '用户登录', 'CHROME11:116.0.0.0', 'Mac OS X:Computer', '{\"path\":\"/api/oauth/token\",\"code\":200,\"data\":[{\"access_token\":\"eyJhbGciOiJSUzI1NiJ9.eyJKV1RfVVNFUl9OTyI6ImZyb2ciLCJKV1RfTVVMVElfTE9HSU4iOnRydWUsImlzcyI6IlNuYXBwZXIiLCJKV1RfU1lTVEVNX1RBRyI6ImFkbWluIiwiSldUX1VTRVJfSUQiOiIxNDY1MTU5NDE0NzY1NDA4MjU4IiwiSldUX0VYUElSRV9QT0xJQ1kiOiJGSVhFRCIsImlhdCI6MTY5NDAwMzc3MiwianRpIjoiODg0MTc1MTA3NDIzOTkzODU2In0.JVogVXLqD-xB3DaLvyWayCazCBXwATuFeEvqsmrVggMlJsW7Z2weaeEaHRvid0ZOHjTP0Q820dwEQ-9YbSmou99fbN9WBDnMD3rPLrw1wYkc11Y8ctgK1MbaAvaGYUyV20sWhXyixHeQzUqkCFv28WZmEX2C', 'admin'),
('1699682778309742594', '/api/oauth/token', 'POST', '{\"userName\":\"frog\",\"userPasswd\":\"e10adc3949ba59abbe56e057f20f883e\",\"autoLogin\":false,\"systemTag\":\"admin\",\"originPassword\":\"e10adc3949ba59abbe56e057f20f883e\"}', '系统登录', '2023-09-07 15:15:24', NULL, 'SUCCESS', '127.0.0.1', 'frog', '', '2023-09-07 15:15:28', 'frog', 'frog', '2023-09-07 15:15:28', 'SystemController.login', 3, 'snam-authority', '用户登录', 'CHROME11:116.0.0.0', 'Mac OS X:Computer', '{\"path\":\"/api/oauth/token\",\"code\":200,\"data\":[{\"access_token\":\"eyJhbGciOiJSUzI1NiJ9.eyJKV1RfVVNFUl9OTyI6ImZyb2ciLCJKV1RfTVVMVElfTE9HSU4iOnRydWUsImlzcyI6IlNuYXBwZXIiLCJKV1RfU1lTVEVNX1RBRyI6ImFkbWluIiwiSldUX1VTRVJfSUQiOiIxNDY1MTU5NDE0NzY1NDA4MjU4IiwiSldUX0VYUElSRV9QT0xJQ1kiOiJGSVhFRCIsImlhdCI6MTY5NDA3MDkyNywianRpIjoiODg0NDU2NzcyNjUwMTM5NjQ4In0.JlL6V86BuRktfCv5FF06megsftbnThGHRBdu5k_qAoZCaTo_dXrn0qcJOh9UaZzvHWa0pmYkUNy8KgtZYd3aV5hg9Y2UiE4MVPnLPFxrVIFQB6gdJOKvJ3S4zgNCVoXjjJ3jBtxcpsuhJ0wEuDS6b93TO8DH', 'admin'),
('1699760457306411009', '/api/oauth/token', 'POST', '{\"userName\":\"frog\",\"userPasswd\":\"e10adc3949ba59abbe56e057f20f883e\",\"autoLogin\":false,\"systemTag\":\"admin\",\"originPassword\":\"e10adc3949ba59abbe56e057f20f883e\"}', '系统登录', '2023-09-07 20:24:04', NULL, 'SUCCESS', '127.0.0.1', 'frog', '', '2023-09-07 20:24:08', 'frog', 'frog', '2023-09-07 20:24:08', 'SystemController.login', 3, 'snam-authority', '用户登录', 'CHROME11:116.0.0.0', 'Mac OS X:Computer', '{\"path\":\"/api/oauth/token\",\"code\":200,\"data\":[{\"access_token\":\"eyJhbGciOiJSUzI1NiJ9.eyJKV1RfVVNFUl9OTyI6ImZyb2ciLCJKV1RfTVVMVElfTE9HSU4iOnRydWUsImlzcyI6IlNuYXBwZXIiLCJKV1RfU1lTVEVNX1RBRyI6ImFkbWluIiwiSldUX1VTRVJfSUQiOiIxNDY1MTU5NDE0NzY1NDA4MjU4IiwiSldUX0VYUElSRV9QT0xJQ1kiOiJGSVhFRCIsImlhdCI6MTY5NDA4OTQ0NywianRpIjoiODg0NTM0NDUxNzE4MDYyMDgwIn0.vZaeof-1Kw5rNJNnpDghRe6PTsVUyga-PZcKUAmSE7JP994Yxoo8AtUWAyx6ckyzblxYz-8E3-uBnFBPZvHyAxvJjzEM7dKp0HwsfEzo7kvwLhN7oVQ6VG7TW2IPCGUAIW7QheSd80VkNv39GK6C8m55sj3g', 'admin'),
('1700857997309321218', '/api/oauth/token', 'POST', '{\"userName\":\"frog\",\"userPasswd\":\"e10adc3949ba59abbe56e057f20f883e\",\"autoLogin\":false,\"systemTag\":\"admin\",\"originPassword\":\"e10adc3949ba59abbe56e057f20f883e\"}', '系统登录', '2023-09-10 21:05:19', NULL, 'SUCCESS', '127.0.0.1', 'frog', '', '2023-09-10 21:05:22', 'frog', 'frog', '2023-09-10 21:05:22', 'SystemController.login', 2, 'snam-authority', '用户登录', 'CHROME11:116.0.0.0', 'Mac OS X:Computer', '{\"path\":\"/api/oauth/token\",\"code\":200,\"data\":[{\"access_token\":\"eyJhbGciOiJSUzI1NiJ9.eyJKV1RfVVNFUl9OTyI6ImZyb2ciLCJKV1RfTVVMVElfTE9HSU4iOnRydWUsImlzcyI6IlNuYXBwZXIiLCJKV1RfU1lTVEVNX1RBRyI6ImFkbWluIiwiSldUX1VTRVJfSUQiOiIxNDY1MTU5NDE0NzY1NDA4MjU4IiwiSldUX0VYUElSRV9QT0xJQ1kiOiJGSVhFRCIsImlhdCI6MTY5NDM1MTEyMSwianRpIjoiODg1NjMxOTkxNzIwOTY4MTkyIn0.B6SpFqB6vb7o7Rqnn9nmyfxFy4Vd_tAJTqc1-my7y69_JTAJN4elE9iY3YKCHVQkVvaX7IIegmnES9KhMViULf3DhePG1BfJW0_QjZeedaRZWVxXrSRNvYgUTdLTOEoCLbnWbgy-JNHLpZG1zvYGI572jCL0', 'admin'),
('1701025504431222786', '/api/oauth/token', 'POST', '{\"userName\":\"frog\",\"userPasswd\":\"e10adc3949ba59abbe56e057f20f883e\",\"autoLogin\":false,\"systemTag\":\"admin\",\"originPassword\":\"e10adc3949ba59abbe56e057f20f883e\"}', '系统登录', '2023-09-11 08:10:55', NULL, 'SUCCESS', '127.0.0.1', 'frog', '', '2023-09-11 08:10:58', 'frog', 'frog', '2023-09-11 08:10:58', 'SystemController.login', 2, 'snam-authority', '用户登录', 'CHROME11:116.0.0.0', 'Mac OS X:Computer', '{\"path\":\"/api/oauth/token\",\"code\":200,\"data\":[{\"access_token\":\"eyJhbGciOiJSUzI1NiJ9.eyJKV1RfVVNFUl9OTyI6ImZyb2ciLCJKV1RfTVVMVElfTE9HSU4iOnRydWUsImlzcyI6IlNuYXBwZXIiLCJKV1RfU1lTVEVNX1RBRyI6ImFkbWluIiwiSldUX1VTRVJfSUQiOiIxNDY1MTU5NDE0NzY1NDA4MjU4IiwiSldUX0VYUElSRV9QT0xJQ1kiOiJGSVhFRCIsImlhdCI6MTY5NDM5MTA1NywianRpIjoiODg1Nzk5NDk4OTI2Nzg0NTEyIn0.QKJ7iyPMrN6giMEjxyDBUjVua9Owubpvh5zHUohL5Ft3Q2zIYBUjfp-8DFn3eMgrfwehsD_rIqlNUzO3wU_OHmx1zkE_nDQfM99_qcJVplmyFw1hD6ov-vGMFNEJfIGBwEjgXk2oreJpCWAfwsQ4TurGUt17', 'admin'),
('1701404401400287234', '/api/oauth/token', 'POST', '{\"userName\":\"frog\",\"userPasswd\":\"e10adc3949ba59abbe56e057f20f883e\",\"autoLogin\":false,\"systemTag\":\"admin\",\"originPassword\":\"e10adc3949ba59abbe56e057f20f883e\"}', '系统登录', '2023-09-12 09:16:31', NULL, 'SUCCESS', '127.0.0.1', 'frog', '', '2023-09-12 09:16:35', 'frog', 'frog', '2023-09-12 09:16:35', 'SystemController.login', 3, 'snam-authority', '用户登录', 'CHROME11:116.0.0.0', 'Mac OS X:Computer', '{\"path\":\"/api/oauth/token\",\"code\":200,\"data\":[{\"access_token\":\"eyJhbGciOiJSUzI1NiJ9.eyJKV1RfVVNFUl9OTyI6ImZyb2ciLCJKV1RfTVVMVElfTE9HSU4iOnRydWUsImlzcyI6IlNuYXBwZXIiLCJKV1RfU1lTVEVNX1RBRyI6ImFkbWluIiwiSldUX1VTRVJfSUQiOiIxNDY1MTU5NDE0NzY1NDA4MjU4IiwiSldUX0VYUElSRV9QT0xJQ1kiOiJGSVhFRCIsImlhdCI6MTY5NDQ4MTM5MywianRpIjoiODg2MTc4Mzk1ODc0OTE4NDAwIn0.dTzUcy4xmWDTc4j0y0EKMM0h2qDmU1oh31hc6r93eE0pmcABH3jfau8Ewfmop0haFtWVH3yXBe96wjOVaAH77V73iiY3YTePg-DwnUGVN9TcufTqAIEtHJtjw_ut94oGwtSgtdET1NDob-RtHOhfk00LRuHX', 'admin'),
('1701411748424298497', '/api/oauth/token', 'POST', '{\"userName\":\"frog\",\"userPasswd\":\"e10adc3949ba59abbe56e057f20f883e\",\"autoLogin\":false,\"systemTag\":\"admin\",\"originPassword\":\"e10adc3949ba59abbe56e057f20f883e\"}', '系统登录', '2023-09-12 09:45:43', NULL, 'SUCCESS', '127.0.0.1', 'frog', '', '2023-09-12 09:45:46', 'frog', 'frog', '2023-09-12 09:45:46', 'SystemController.login', 2, 'snam-authority', '用户登录', 'CHROME11:116.0.0.0', 'Mac OS X:Computer', '{\"path\":\"/api/oauth/token\",\"code\":200,\"data\":[{\"access_token\":\"eyJhbGciOiJSUzI1NiJ9.eyJKV1RfVVNFUl9OTyI6ImZyb2ciLCJKV1RfTVVMVElfTE9HSU4iOnRydWUsImlzcyI6IlNuYXBwZXIiLCJKV1RfU1lTVEVNX1RBRyI6ImFkbWluIiwiSldUX1VTRVJfSUQiOiIxNDY1MTU5NDE0NzY1NDA4MjU4IiwiSldUX0VYUElSRV9QT0xJQ1kiOiJGSVhFRCIsImlhdCI6MTY5NDQ4MzE0NSwianRpIjoiODg2MTg1NzQzMDMzMDQwODk2In0.JJlU9f-hT4q4v801UClWkT-OvDexQGgzTZa6cPsdq0Plo4F3yXvSPAAWj8GHQbbaq1SFOGnvtc2gk_5ekQvrU5yZAufh4vAOXe-qbgYd8yM5Hi5ZdNmOylyE2caF1_-d3GZcYrzmFbsXF9i11DILFNyLV42W', 'admin'),
('1701762266346553345', '/api/oauth/token', 'POST', '{\"userName\":\"frog\",\"userPasswd\":\"e10adc3949ba59abbe56e057f20f883e\",\"autoLogin\":false,\"systemTag\":\"admin\",\"originPassword\":\"e10adc3949ba59abbe56e057f20f883e\"}', '系统登录', '2023-09-13 08:58:33', NULL, 'SUCCESS', '127.0.0.1', 'frog', '', '2023-09-13 08:58:36', 'frog', 'frog', '2023-09-13 08:58:36', 'SystemController.login', 3, 'snam-authority', '用户登录', 'CHROME11:116.0.0.0', 'Mac OS X:Computer', '{\"path\":\"/api/oauth/token\",\"code\":200,\"data\":[{\"access_token\":\"eyJhbGciOiJSUzI1NiJ9.eyJKV1RfVVNFUl9OTyI6ImZyb2ciLCJKV1RfTVVMVElfTE9HSU4iOnRydWUsImlzcyI6IlNuYXBwZXIiLCJKV1RfU1lTVEVNX1RBRyI6ImFkbWluIiwiSldUX1VTRVJfSUQiOiIxNDY1MTU5NDE0NzY1NDA4MjU4IiwiSldUX0VYUElSRV9QT0xJQ1kiOiJGSVhFRCIsImlhdCI6MTY5NDU2NjcxNSwianRpIjoiODg2NTM2MjYwNjk1MzU5NDg4In0.CmHCPDL6lmTsDjIrlKwz_s3DBSZCN2GpDPUSYF8vpbs4c34LsTNePMuBXDIKJLQv_-gnXWuF9ZAVT_qpEEv4y2yZKQJNFde3fDFDwFWDI1LnqsyCgSmENXOplc5srAO-dp9fdlPo3UTY9KuS41HkrYYVyE_8', 'admin'),
('1701774075577257986', '/api/dictionary', 'POST', '{\"dictCode\":\"SYSTEM_POINT_TAG\",\"dictName\":\"系统端标识\",\"dictType\":\"SYSTEM\"}', '字典保存', '2023-09-13 09:45:31', NULL, 'SUCCESS', '127.0.0.1', '大青蛙', '大青蛙', '2023-09-13 09:45:32', 'frog', 'frog', '2023-09-13 09:45:32', 'DictionaryController.saveDictionary', 0, 'snam-authority', '新增', 'CHROME11:116.0.0.0', 'Mac OS X:Computer', '{\"path\":\"/api/dictionary\",\"code\":200,\"data\":[],\"pageNo\":1,\"totalPage\":0,\"pageSize\":10,\"message\":\"OK\",\"totalCount\":0}', 'admin'),
('1701774284378099714', '/api/dictionaryChild', 'POST', '{\"id\":\"\",\"parentId\":\"1701774074516099073\",\"parentName\":\"系统端标识\",\"dictCode\":\"admin\",\"dictName\":\"系统端\"}', '字典项保存', '2023-09-13 09:46:21', NULL, 'SUCCESS', '127.0.0.1', '大青蛙', '大青蛙', '2023-09-13 09:46:21', 'frog', 'frog', '2023-09-13 09:46:21', 'DictionaryChildController.saveDictChild', 0, 'snam-authority', '新增', 'CHROME11:116.0.0.0', 'Mac OS X:Computer', '{\"path\":\"/api/dictionaryChild\",\"code\":200,\"data\":[],\"pageNo\":1,\"totalPage\":0,\"pageSize\":10,\"message\":\"OK\",\"totalCount\":0}', 'admin'),
('1701774388199706625', '/api/dictionaryChild', 'POST', '{\"id\":\"\",\"parentId\":\"1701774074516099073\",\"parentName\":\"系统端标识\",\"dictCode\":\"weixin\",\"dictName\":\"微信端\"}', '字典项保存', '2023-09-13 09:46:46', NULL, 'SUCCESS', '127.0.0.1', '大青蛙', '大青蛙', '2023-09-13 09:46:46', 'frog', 'frog', '2023-09-13 09:46:46', 'DictionaryChildController.saveDictChild', 0, 'snam-authority', '新增', 'CHROME11:116.0.0.0', 'Mac OS X:Computer', '{\"path\":\"/api/dictionaryChild\",\"code\":200,\"data\":[],\"pageNo\":1,\"totalPage\":0,\"pageSize\":10,\"message\":\"OK\",\"totalCount\":0}', 'admin'),
('1701774457959370753', '/api/dictionaryChild', 'POST', '{\"id\":\"\",\"parentId\":\"1701774074516099073\",\"parentName\":\"系统端标识\",\"dictCode\":\"business\",\"dictName\":\"业务端\"}', '字典项保存', '2023-09-13 09:47:03', NULL, 'SUCCESS', '127.0.0.1', '大青蛙', '大青蛙', '2023-09-13 09:47:03', 'frog', 'frog', '2023-09-13 09:47:03', 'DictionaryChildController.saveDictChild', 0, 'snam-authority', '新增', 'CHROME11:116.0.0.0', 'Mac OS X:Computer', '{\"path\":\"/api/dictionaryChild\",\"code\":200,\"data\":[],\"pageNo\":1,\"totalPage\":0,\"pageSize\":10,\"message\":\"OK\",\"totalCount\":0}', 'admin'),
('1701774515773657090', '/api/dictionaryChild', 'POST', '{\"id\":\"\",\"parentId\":\"1701774074516099073\",\"parentName\":\"系统端标识\",\"dictCode\":\"mobile\",\"dictName\":\"手机端\"}', '字典项保存', '2023-09-13 09:47:17', NULL, 'SUCCESS', '127.0.0.1', '大青蛙', '大青蛙', '2023-09-13 09:47:17', 'frog', 'frog', '2023-09-13 09:47:17', 'DictionaryChildController.saveDictChild', 0, 'snam-authority', '新增', 'CHROME11:116.0.0.0', 'Mac OS X:Computer', '{\"path\":\"/api/dictionaryChild\",\"code\":200,\"data\":[],\"pageNo\":1,\"totalPage\":0,\"pageSize\":10,\"message\":\"OK\",\"totalCount\":0}', 'admin'),
('1701774584442802177', '/api/dictionaryChild', 'POST', '{\"id\":\"\",\"parentId\":\"1701774074516099073\",\"parentName\":\"系统端标识\",\"dictCode\":\"temp\",\"dictName\":\"授权码\"}', '字典项保存', '2023-09-13 09:47:33', NULL, 'SUCCESS', '127.0.0.1', '大青蛙', '大青蛙', '2023-09-13 09:47:33', 'frog', 'frog', '2023-09-13 09:47:33', 'DictionaryChildController.saveDictChild', 0, 'snam-authority', '新增', 'CHROME11:116.0.0.0', 'Mac OS X:Computer', '{\"path\":\"/api/dictionaryChild\",\"code\":200,\"data\":[],\"pageNo\":1,\"totalPage\":0,\"pageSize\":10,\"message\":\"OK\",\"totalCount\":0}', 'admin'),
('1703958467976384513', '/api/oauth/token', 'POST', '{\"userName\":\"frog\",\"userPasswd\":\"e10adc3949ba59abbe56e057f20f883e\",\"autoLogin\":false,\"systemTag\":\"admin\",\"originPassword\":\"e10adc3949ba59abbe56e057f20f883e\"}', '系统登录', '2023-09-19 10:25:28', NULL, 'SUCCESS', '127.0.0.1', 'frog', '', '2023-09-19 10:25:31', 'frog', 'frog', '2023-09-19 10:25:31', 'SystemController.login', 2, 'snam-authority', '用户登录', 'CHROME11:116.0.0.0', 'Mac OS X:Computer', '{\"path\":\"/api/oauth/token\",\"code\":200,\"data\":[{\"access_token\":\"eyJhbGciOiJSUzI1NiJ9.eyJKV1RfVVNFUl9OTyI6ImZyb2ciLCJKV1RfTVVMVElfTE9HSU4iOnRydWUsImlzcyI6IlNuYXBwZXIiLCJKV1RfU1lTVEVNX1RBRyI6ImFkbWluIiwiSldUX1VTRVJfSUQiOiIxNDY1MTU5NDE0NzY1NDA4MjU4IiwiSldUX0VYUElSRV9QT0xJQ1kiOiJGSVhFRCIsImlhdCI6MTY5NTA5MDMzMCwianRpIjoiODg4NzMyNDYyMjc5MDMyODMyIn0.E1s19pinSNJCtLlgfi-VoO3S7wlQDL93kaWSHkeilhpjhZMcyZOgErXr-zPcTfBRpZOc4q7t6NTOwneQuboyOy-GR2wibcPhvBqthzGqnlhMOdWGojHwrCpGeUwqBvtNBGRd3Pv1dRk_N20COdcuw1FpFKqy', 'admin'),
('1713747071871344642', '/api/oauth/token', 'POST', '{\"userName\":\"frog\",\"userPasswd\":\"e10adc3949ba59abbe56e057f20f883e\",\"autoLogin\":false,\"systemTag\":\"admin\",\"originPassword\":\"e10adc3949ba59abbe56e057f20f883e\"}', '系统登录', '2023-10-16 10:41:54', NULL, 'SUCCESS', '127.0.0.1', 'frog', '', '2023-10-16 10:41:56', 'frog', 'frog', '2023-10-16 10:41:56', 'SystemController.login', 2, 'snam-authority', '用户登录', 'CHROME11:117.0.0.0', 'Mac OS X:Computer', '{\"path\":\"/api/oauth/token\",\"code\":200,\"data\":[{\"access_token\":\"eyJhbGciOiJSUzI1NiJ9.eyJKV1RfVVNFUl9OTyI6ImZyb2ciLCJKV1RfTVVMVElfTE9HSU4iOnRydWUsImlzcyI6IlNuYXBwZXIiLCJKV1RfU1lTVEVNX1RBRyI6ImFkbWluIiwiSldUX1VTRVJfSUQiOiIxNDY1MTU5NDE0NzY1NDA4MjU4IiwiSldUX0VYUElSRV9QT0xJQ1kiOiJGSVhFRCIsImlhdCI6MTY5NzQyNDExNSwianRpIjoiODk4NTIxMDY2MjM2ODA1MTIwIn0.UdNHVSv79c4gLqtq28asn_5FtTFfzlkflaCZavpzUpYut2XTIcbGX-p4crLFVnCYVkCeF-oJiuVoofbrTh-DWgZdjOjncNO34cTTl2T2ZYx4ovUMZuPJWWBsksO7asaW5T4qDLDhVGUvaDl3_6QfgU7XMNEQ', 'admin'),
('1719551866234302465', '/api/oauth/token', 'POST', '{\"userName\":\"frog\",\"userPasswd\":\"e10adc3949ba59abbe56e057f20f883e\",\"autoLogin\":false,\"systemTag\":\"admin\",\"originPassword\":\"e10adc3949ba59abbe56e057f20f883e\"}', '系统登录', '2023-11-01 11:08:04', NULL, 'SUCCESS', '127.0.0.1', 'frog', '', '2023-11-01 11:08:07', 'frog', 'frog', '2023-11-01 11:08:07', 'SystemController.login', 2, 'snam-authority', '用户登录', 'CHROME11:118.0.0.0', 'Mac OS X:Computer', '{\"path\":\"/api/oauth/token\",\"code\":200,\"data\":[{\"access_token\":\"eyJhbGciOiJSUzI1NiJ9.eyJKV1RfVVNFUl9OTyI6ImZyb2ciLCJKV1RfTVVMVElfTE9HSU4iOnRydWUsImlzcyI6IlNuYXBwZXIiLCJKV1RfU1lTVEVNX1RBRyI6ImFkbWluIiwiSldUX1VTRVJfSUQiOiIxNDY1MTU5NDE0NzY1NDA4MjU4IiwiSldUX0VYUElSRV9QT0xJQ1kiOiJGSVhFRCIsImlhdCI6MTY5ODgwODA4NiwianRpIjoiOTA0MzI1ODYwNjkyMDY2MzA0In0.1eu0XJ-fBZZZUy2eN3tQOWKW97Z44ROXXZOw-NzRSS8JA1r2C2RNKdyvcWrGqz5-nthcsi4laQqluI-6NR2PKSPjYOh3Cf1-RD0yZAffDPNGrkRwAskl_ceObIXOC689v4fJqVgJChRYGA_dZADR7J-UigKi', 'admin'),
('1723942469290180610', '/api/oauth/token', 'POST', '{\"userName\":\"frog\",\"userPasswd\":\"e10adc3949ba59abbe56e057f20f883e\",\"autoLogin\":false,\"systemTag\":\"admin\",\"originPassword\":\"e10adc3949ba59abbe56e057f20f883e\"}', '系统登录', '2023-11-13 13:54:45', NULL, 'SUCCESS', '127.0.0.1', 'frog', '', '2023-11-13 13:54:49', 'frog', 'frog', '2023-11-13 13:54:49', 'SystemController.login', 3, 'snam-authority', '用户登录', 'CHROME11:119.0.0.0', 'Mac OS X:Computer', '{\"path\":\"/api/oauth/token\",\"code\":200,\"data\":[{\"access_token\":\"eyJhbGciOiJSUzI1NiJ9.eyJKV1RfVVNFUl9OTyI6ImZyb2ciLCJKV1RfTVVMVElfTE9HSU4iOnRydWUsImlzcyI6IlNuYXBwZXIiLCJKV1RfU1lTVEVNX1RBRyI6ImFkbWluIiwiSldUX1VTRVJfSUQiOiIxNDY1MTU5NDE0NzY1NDA4MjU4IiwiSldUX0VYUElSRV9QT0xJQ1kiOiJGSVhFRCIsImlhdCI6MTY5OTg1NDg4OCwianRpIjoiOTA4NzE2NDYzNjEzODA0NTQ0In0.U_b8JxMUwAflsKjw2x4F_6K1Ebhp65DPm1ZjRDhHTe_kKPHDdUESTvtJBYzS-ItaCYaga6DiCx07iS-x0XZiFGUiGJEb9C3I7zjAwiXPv1u-rwZGkZiOCneqbjbrg_SZ5JhrFa53TLV9VlNHBy15GJg9_VBL', 'admin'),
('1777961736146554882', '/api/oauth/token', 'POST', '{\"userName\":\"frog\",\"userPasswd\":\"e10adc3949ba59abbe56e057f20f883e\",\"autoLogin\":false,\"systemTag\":\"admin\",\"originPassword\":\"e10adc3949ba59abbe56e057f20f883e\"}', '系统登录', '2024-04-10 15:28:03', NULL, 'SUCCESS', '127.0.0.1', 'frog', '', '2024-04-10 15:28:05', 'frog', 'frog', '2024-04-10 15:28:05', 'SystemController.login', 788, 'snam-authority', '用户登录', 'CHROME12:123.0.0.0', 'Mac OS X:Computer', '{\"path\":\"/api/oauth/token\",\"code\":200,\"data\":[{\"access_token\":\"eyJhbGciOiJSUzI1NiJ9.eyJKV1RfVVNFUl9OTyI6ImZyb2ciLCJKV1RfTVVMVElfTE9HSU4iOnRydWUsImlzcyI6IlNuYXBwZXIiLCJKV1RfU1lTVEVNX1RBRyI6ImFkbWluIiwiSldUX1VTRVJfSUQiOiIxNDY1MTU5NDE0NzY1NDA4MjU4IiwiSldUX0VYUElSRV9QT0xJQ1kiOiJGSVhFRCIsImlhdCI6MTcxMjczNDA4NCwianRpIjoiOTYyNzM1NzMwNTA3OTA3MDcyIn0.w0399tbqDaBxR7jCMzIR1CjhdW4Xor-0FRwbU4h-RMq_mC2Y7EsshXA-fFUjlsKiqQ8-hCFuXsu-ceHarlP4038Ol7jGqTRfSFCd1eeQt1d12_KA5lblEZVQ_0xzrACsAnBQJNn51Qd6t9lvbAlK97DhY_By', 'admin'),
('1777965569870434305', '/api/oauth/token', 'POST', '{\"userName\":\"frog\",\"userPasswd\":\"e10adc3949ba59abbe56e057f20f883e\",\"autoLogin\":false,\"systemTag\":\"admin\",\"originPassword\":\"e10adc3949ba59abbe56e057f20f883e\"}', '系统登录', '2024-04-10 15:43:19', NULL, 'SUCCESS', '127.0.0.1', 'frog', '', '2024-04-10 15:43:20', 'frog', 'frog', '2024-04-10 15:43:20', 'SystemController.login', 672, 'snam-authority', '用户登录', 'CHROME12:123.0.0.0', 'Mac OS X:Computer', '{\"path\":\"/api/oauth/token\",\"code\":200,\"data\":[{\"access_token\":\"eyJhbGciOiJSUzI1NiJ9.eyJKV1RfVVNFUl9OTyI6ImZyb2ciLCJKV1RfTVVMVElfTE9HSU4iOnRydWUsImlzcyI6IlNuYXBwZXIiLCJKV1RfU1lTVEVNX1RBRyI6ImFkbWluIiwiSldUX1VTRVJfSUQiOiIxNDY1MTU5NDE0NzY1NDA4MjU4IiwiSldUX0VYUElSRV9QT0xJQ1kiOiJGSVhFRCIsImlhdCI6MTcxMjczNDk5OSwianRpIjoiOTYyNzM5NTY2NDEyODI0NTc2In0.PIfKJqa3CUfHeQo14NqzJ_S6TndCSRWfQl1iTPO4WT8FUQ5VizcgpUlTTWKQD4muyTwb6yp2CzM58ApKlCXxawNXxEnJ5uS4x8-O-ZXTHWkVHmtE3Ixfbal7jaW_cq4_3iyveTjpyg2bV46dDrWHDP-tAtFX', 'admin'),
('1777973656224305153', '/api/oauth/token', 'POST', '{\"userName\":\"frog\",\"userPasswd\":\"e10adc3949ba59abbe56e057f20f883e\",\"autoLogin\":false,\"systemTag\":\"admin\",\"originPassword\":\"e10adc3949ba59abbe56e057f20f883e\"}', '系统登录', '2024-04-10 16:15:27', NULL, 'SUCCESS', '127.0.0.1', 'frog', '', '2024-04-10 16:15:27', 'frog', 'frog', '2024-04-10 16:15:27', 'SystemController.login', 574, 'snam-authority', '用户登录', 'CHROME12:123.0.0.0', 'Mac OS X:Computer', '{\"path\":\"/api/oauth/token\",\"code\":200,\"data\":[{\"access_token\":\"eyJhbGciOiJSUzI1NiJ9.eyJKV1RfVVNFUl9OTyI6ImZyb2ciLCJKV1RfTVVMVElfTE9HSU4iOnRydWUsImlzcyI6IlNuYXBwZXIiLCJKV1RfU1lTVEVNX1RBRyI6ImFkbWluIiwiSldUX1VTRVJfSUQiOiIxNDY1MTU5NDE0NzY1NDA4MjU4IiwiSldUX0VYUElSRV9QT0xJQ1kiOiJGSVhFRCIsImlhdCI6MTcxMjczNjkyNywianRpIjoiOTYyNzQ3NjUyNjcwMjI2NDMyIn0.D2zyTzwAB4T4qPPa4R1f5zaHHe7FUw_Y8zmAVt7unJZtlVNziQx7ln4_Y7xRdN0689Ck8ghMO3dl3Nes8pzmznGHRIiQaGiFxdkbyE1bTTJ2Mza2qet7w7F_ypmdI70wjp8_-Z1vfQ51MovQnRJM1Xnc-SJK', 'admin'),
('1777974588462895106', '/api/oauth/token', 'POST', '{\"userName\":\"frog\",\"userPasswd\":\"e10adc3949ba59abbe56e057f20f883e\",\"autoLogin\":false,\"systemTag\":\"admin\",\"originPassword\":\"e10adc3949ba59abbe56e057f20f883e\"}', '系统登录', '2024-04-10 16:19:09', NULL, 'SUCCESS', '127.0.0.1', 'frog', '', '2024-04-10 16:19:10', 'frog', 'frog', '2024-04-10 16:19:10', 'SystemController.login', 413, 'snam-authority', '用户登录', 'CHROME12:123.0.0.0', 'Mac OS X:Computer', '{\"path\":\"/api/oauth/token\",\"code\":200,\"data\":[{\"access_token\":\"eyJhbGciOiJSUzI1NiJ9.eyJKV1RfVVNFUl9OTyI6ImZyb2ciLCJKV1RfTVVMVElfTE9HSU4iOnRydWUsImlzcyI6IlNuYXBwZXIiLCJKV1RfU1lTVEVNX1RBRyI6ImFkbWluIiwiSldUX1VTRVJfSUQiOiIxNDY1MTU5NDE0NzY1NDA4MjU4IiwiSldUX0VYUElSRV9QT0xJQ1kiOiJGSVhFRCIsImlhdCI6MTcxMjczNzE0OSwianRpIjoiOTYyNzQ4NTg1MDkzMzY1NzYwIn0.A1c9ZtL8zdpNoGbvYYR32yF3Q2Ndt1IWVwcySOAQO9FdDBus0yehg97ZvA5pk85O2tIdUyotrLzLK5cO5dO2AT0K28k_3O3H4c-VOq-X8wiawAokhhQBMV6aSsE7NzY-jnO3nruH13yuvvu18eF99ovvEE5R', 'admin'),
('1777975206128685057', '/api/oauth/token', 'POST', '{\"userName\":\"frog\",\"userPasswd\":\"e10adc3949ba59abbe56e057f20f883e\",\"autoLogin\":false,\"systemTag\":\"admin\",\"originPassword\":\"e10adc3949ba59abbe56e057f20f883e\"}', '系统登录', '2024-04-10 16:21:36', NULL, 'SUCCESS', '127.0.0.1', 'frog', '', '2024-04-10 16:21:37', 'frog', 'frog', '2024-04-10 16:21:37', 'SystemController.login', 839, 'snam-authority', '用户登录', 'CHROME12:123.0.0.0', 'Mac OS X:Computer', '{\"path\":\"/api/oauth/token\",\"code\":200,\"data\":[{\"access_token\":\"eyJhbGciOiJSUzI1NiJ9.eyJKV1RfVVNFUl9OTyI6ImZyb2ciLCJKV1RfTVVMVElfTE9HSU4iOnRydWUsImlzcyI6IlNuYXBwZXIiLCJKV1RfU1lTVEVNX1RBRyI6ImFkbWluIiwiSldUX1VTRVJfSUQiOiIxNDY1MTU5NDE0NzY1NDA4MjU4IiwiSldUX0VYUElSRV9QT0xJQ1kiOiJGSVhFRCIsImlhdCI6MTcxMjczNzI5NiwianRpIjoiOTYyNzQ5MjAyNzQ2NTcyODAwIn0.dVvzM_1IGQoIF27Fk52UNGIHQ0_DOMQ7UsQgIPPcB3DgVcMJH2lr76WMcUjgjvxG6jZH_SAunoQEy5Y0T0GUU_kxCkm9HCq49B8Ys-SQHCv5ENX48AQJ5WiVBtr4OdSGHmYR-Dnt3cA_hftXETgNYmJluSPE', 'admin'),
('1777975547687636993', '/api/oauth/token', 'POST', '{\"userName\":\"frog\",\"userPasswd\":\"e10adc3949ba59abbe56e057f20f883e\",\"autoLogin\":false,\"systemTag\":\"admin\",\"originPassword\":\"e10adc3949ba59abbe56e057f20f883e\"}', '系统登录', '2024-04-10 16:22:58', NULL, 'SUCCESS', '127.0.0.1', 'frog', '', '2024-04-10 16:22:58', 'frog', 'frog', '2024-04-10 16:22:58', 'SystemController.login', 529, 'snam-authority', '用户登录', 'CHROME12:123.0.0.0', 'Mac OS X:Computer', '{\"path\":\"/api/oauth/token\",\"code\":200,\"data\":[{\"access_token\":\"eyJhbGciOiJSUzI1NiJ9.eyJKV1RfVVNFUl9OTyI6ImZyb2ciLCJKV1RfTVVMVElfTE9HSU4iOnRydWUsImlzcyI6IlNuYXBwZXIiLCJKV1RfU1lTVEVNX1RBRyI6ImFkbWluIiwiSldUX1VTRVJfSUQiOiIxNDY1MTU5NDE0NzY1NDA4MjU4IiwiSldUX0VYUElSRV9QT0xJQ1kiOiJGSVhFRCIsImlhdCI6MTcxMjczNzM3OCwianRpIjoiOTYyNzQ5NTQ0MjM0MjIxNTY4In0.I1EEyvgvnjYxO2qPcLCtHGhkqJSjtCIXiKTo0UdLmoCq7mlpu9OZznevpS0BmP1XoFsMu9SS7i7qU0rVZl08Y6iCNq4xHYfjiEIeDDAGgF0Jiv188eYrUxtbVeyK2ceoEIg8u8GSI6km2FjdGPAIn4OvrAOX', 'admin');

INSERT INTO `sys_user_position` (`id`, `user_id`, `position_id`, `create_time`, `create_user`, `update_user`, `update_time`, `create_user_cn_name`, `update_user_cn_name`, `group_id`) VALUES
('1661263621543755778', '1661260873230254081', NULL, '2023-05-24 14:51:27', 'frog', 'frog', '2023-04-24 12:33:35', '大青蛙', '大青蛙', 'R010104'),
('1661383748088045570', '1661260873230254081', NULL, '2023-05-24 22:48:47', 'frog', 'frog', '2023-04-24 12:33:35', '大青蛙', '大青蛙', 'R010104'),
('1679416615168491521', '1679415468991037442', NULL, '2023-07-13 17:04:58', 'frog', 'frog', '2023-07-13 17:04:58', '大青蛙', '大青蛙', 'R010201'),
('1679416615185268738', '1679415077138186242', NULL, '2023-07-13 17:04:58', 'frog', 'frog', '2023-07-13 17:04:58', '大青蛙', '大青蛙', 'R010201'),
('1679416651377917953', '1679415700801830914', NULL, '2023-07-13 17:05:06', 'frog', 'frog', '2023-07-13 17:05:06', '大青蛙', '大青蛙', 'R010202'),
('1679416651398889474', '1679415289932005377', NULL, '2023-07-13 17:05:06', 'frog', 'frog', '2023-07-13 17:05:06', '大青蛙', '大青蛙', 'R010202'),
('1679417579527061506', '1679415851368955905', '1679417253478645761', '2023-07-13 17:08:48', 'frog', 'frog', '2023-07-13 17:08:48', '大青蛙', '大青蛙', 'R0102'),
('1679424531283951618', '1679417065427025921', '1679417534195023873', '2023-07-13 17:36:25', 'frog', 'frog', '2023-07-13 17:36:25', '大青蛙', '大青蛙', 'R0102'),
('1679456642676416514', '1679416241044963329', NULL, '2023-07-13 19:44:01', 'frog', 'frog', '2023-07-13 19:44:01', '大青蛙', '大青蛙', 'R020101'),
('1679456642693193730', '1679416050334154754', NULL, '2023-07-13 19:44:01', 'frog', 'frog', '2023-07-13 19:44:01', '大青蛙', '大青蛙', 'R020101'),
('1679456642705776641', '1679416426139598850', NULL, '2023-07-13 19:44:01', 'frog', 'frog', '2023-07-13 19:44:01', '大青蛙', '大青蛙', 'R020101'),
('1679456642718359553', '1679455809830248449', NULL, '2023-07-13 19:44:01', 'frog', 'frog', '2023-07-13 19:44:01', '大青蛙', '大青蛙', 'R020101'),
('1679456666445537282', '1679456122960207874', NULL, '2023-07-13 19:44:07', 'frog', 'frog', '2023-07-13 19:44:07', '大青蛙', '大青蛙', 'R020102'),
('1679456666462314497', '1679456291973881858', NULL, '2023-07-13 19:44:07', 'frog', 'frog', '2023-07-13 19:44:07', '大青蛙', '大青蛙', 'R020102'),
('1679457838535327745', '1679456829742374914', '1679457210190913537', '2023-07-13 19:48:46', 'frog', 'frog', '2023-07-13 19:48:46', '大青蛙', '大青蛙', 'R0201'),
('1679459230025039874', '1679458715845312514', NULL, '2023-07-13 19:54:18', 'frog', 'frog', '2023-07-13 19:54:18', '大青蛙', '大青蛙', 'R0103'),
('1679459230050205697', '1679458549335638018', NULL, '2023-07-13 19:54:18', 'frog', 'frog', '2023-07-13 19:54:18', '大青蛙', '大青蛙', 'R0103'),
('1679459256084250625', '1679459176417640450', NULL, '2023-07-13 19:54:24', 'frog', 'frog', '2023-07-13 19:54:24', '大青蛙', '大青蛙', 'R0202'),
('1679459256101027842', '1679458845948428289', NULL, '2023-07-13 19:54:24', 'frog', 'frog', '2023-07-13 19:54:24', '大青蛙', '大青蛙', 'R0202'),
('1679459431880114177', '1679458996876263425', '1679459322559774722', '2023-07-13 19:55:06', 'frog', 'frog', '2023-07-13 19:55:06', '大青蛙', '大青蛙', 'R0202'),
('1679459469993754625', '1679458423720427521', '1679459392810172418', '2023-07-13 19:55:15', 'frog', 'frog', '2023-07-13 19:55:15', '大青蛙', '大青蛙', 'R0103'),
('1679464006729121793', '1679463897698189314', NULL, '2023-07-13 20:13:17', 'frog', 'frog', '2023-07-13 20:13:17', '大青蛙', '大青蛙', 'R0203'),
('1679464048701521921', '1679463655183532034', NULL, '2023-07-13 20:13:27', 'frog', 'frog', '2023-07-13 20:13:27', '大青蛙', '大青蛙', 'R0104');

INSERT INTO `sys_user_role` (`user_id`, `role_id`, `id`, `org_id`) VALUES
('1465159414765408258', '1', '1619529805091356674', 'R010104'),
('1661260873230254081', '1661389266114387969', '1681314062948167682', 'R010104'),
('1679463897698189314', '1681114171711741953', '1681314226458914817', 'R0203'),
('1679463655183532034', '1681114171711741953', '1681314226471497730', 'R0104');

INSERT INTO `sys_user_uset` (`id`, `uset_id`, `user_id`, `org_id`) VALUES
('1601105494324330497', '1581943151424212993', '1465159414765408258', 'R010104'),
('1682033795448225793', '1682030986023686145', '1679415468991037442', 'R010201'),
('1682033795490168833', '1682030986023686145', '1679415077138186242', 'R010201'),
('1682033795498557442', '1682030986023686145', '1679415700801830914', 'R010202'),
('1682033795519528961', '1682030986023686145', '1679415289932005377', 'R010202'),
('1682033795532111874', '1682030986023686145', '1679416241044963329', 'R020101'),
('1682033795557277697', '1682030986023686145', '1679416050334154754', 'R020101'),
('1682033795565666306', '1682030986023686145', '1679416426139598850', 'R020101'),
('1682033795574054914', '1682030986023686145', '1679455809830248449', 'R020101'),
('1682033795590832130', '1682030986023686145', '1679456122960207874', 'R020102'),
('1682033795603415041', '1682030986023686145', '1679456291973881858', 'R020102'),
('1682033795611803649', '1682030986023686145', '1679456829742374914', 'R0201'),
('1682033795620192257', '1682030986023686145', '1679417065427025921', 'R0102'),
('1682033795632775169', '1682030986023686145', '1679415851368955905', 'R0102'),
('1682033905527734274', '1682030925399216129', '1679458996876263425', 'R0202'),
('1682033905540317186', '1682030925399216129', '1679459176417640450', 'R0202'),
('1682033905578065921', '1682030925399216129', '1679458845948428289', 'R0202'),
('1682033905594843138', '1682030925399216129', '1679458715845312514', 'R0103'),
('1682033905607426050', '1682030925399216129', '1679458423720427521', 'R0103'),
('1682033905615814657', '1682030925399216129', '1679458549335638018', 'R0103');

INSERT INTO `sys_uset` (`id`, `uset_name`, `note`, `state`, `create_time`, `create_user`, `update_user`, `update_time`, `group_id`, `create_user_cn_name`, `update_user_cn_name`, `be_lock`) VALUES
('1581943151424212993', '管理员', NULL, 'ACTIVE', '2022-10-17 17:40:13', 'ning', 'ning', '2023-05-03 07:21:07', 'R0104', '宁', '宁', 1),
('1661294576908173313', '测试用户组', '这是一个备注', 'ACTIVE', '2023-05-24 16:54:27', 'frog', 'frog', '2023-05-24 16:56:12', 'R010101', '大青蛙', '大青蛙', 0),
('1682030925399216129', '客服组', NULL, 'ACTIVE', '2023-07-20 22:13:18', 'frog', 'frog', '2023-07-20 22:13:18', 'R010104', '大青蛙', '大青蛙', 0),
('1682030986023686145', '销售组', NULL, 'ACTIVE', '2023-07-20 22:13:32', 'frog', 'frog', '2023-07-20 22:13:32', 'R010104', '大青蛙', '大青蛙', 0);

INSERT INTO `sys_uset_business_perm` (`id`, `uset_id`, `perm_id`, `perm_scope`, `perm_start_time`, `perm_end_time`, `create_time`, `create_user`, `update_user`, `update_time`, `create_user_cn_name`, `update_user_cn_name`) VALUES
('1681673310630662146', '1581943151424212993', '99861473169329840', 'SCOPE_ALL', NULL, NULL, '2023-07-19 22:32:16', 'frog', 'frog', '2023-07-19 22:32:16', '大青蛙', '大青蛙'),
('1681673332956942338', '1581943151424212993', '99861473169329830', 'SCOPE_ALL', NULL, NULL, '2023-07-19 22:32:21', 'frog', 'frog', '2023-07-19 22:32:21', '大青蛙', '大青蛙'),
('1685233592569188353', '1581943151424212993', '99861473169330067', 'SCOPE_ALL', NULL, NULL, '2023-07-29 18:19:33', 'frog', 'frog', '2023-07-29 18:19:33', '大青蛙', '大青蛙'),
('1685233689596022786', '1581943151424212993', '99861473169330080', 'SCOPE_ALL', NULL, NULL, '2023-07-29 18:19:56', 'frog', 'frog', '2023-07-29 18:19:56', '大青蛙', '大青蛙'),
('1685233720109584386', '1581943151424212993', '99861473169329829', 'SCOPE_ALL', NULL, NULL, '2023-07-29 18:20:04', 'frog', 'frog', '2023-07-29 18:20:04', '大青蛙', '大青蛙'),
('1685233971767824386', '1581943151424212993', '99861473169329838', 'SCOPE_ALL', NULL, NULL, '2023-07-29 18:21:04', 'frog', 'frog', '2023-07-29 18:21:04', '大青蛙', '大青蛙');

INSERT INTO `sys_uset_role` (`id`, `uset_id`, `role_id`) VALUES
('1582173894385635330', '1581943151424212993', '1'),
('1682031019234185218', '1682030925399216129', '1682030661367779329'),
('1682031045977067521', '1682030986023686145', '1682030635526672386');

INSERT INTO `wms_class` (`id`, `class_name`, `parent_id`, `note`, `group_id`, `create_user_cn_name`, `update_user_cn_name`, `create_time`, `create_user`, `update_user`, `update_time`, `class_code`) VALUES
('1666448895886286850', '饮料', NULL, NULL, 'R010104', '大青蛙', '大青蛙', '2023-06-07 22:15:53', 'frog', 'frog', '2023-06-07 22:15:53', 'DRINK'),
('1666449794696273922', '啤酒', NULL, '这是啤酒分类', 'R010104', '大青蛙', '大青蛙', '2023-06-07 22:19:27', 'frog', 'frog', '2023-06-07 22:19:27', 'BEER');

INSERT INTO `wms_item` (`id`, `code`, `name`, `class_id`, `class_name`, `provider_id`, `provider_name`, `group_id`, `quantity`, `product_time`, `expire_time`, `create_user_cn_name`, `update_user_cn_name`, `create_time`, `create_user`, `update_user`, `update_time`, `note`, `keeper`, `keeper_code`) VALUES
('1679483178452287490', 'I202307132128', '百事可乐', '1666448895886286850', '饮料', '1666450136515272706', '百事可乐', 'R010104', 100.00, '2023-07-11 00:00:00', '2024-01-18 00:00:00', '大青蛙', '大青蛙', '2023-07-13 21:29:28', 'frog', 'frog', '2023-07-18 09:06:33', NULL, '李保保', 'null#R0104#libaobao'),
('1681110917078646785', '2023070002', '雪碧', '1666448895886286850', '饮料', '1666450136515272706', '百事可乐', 'R010104', 1000.00, '2023-07-17 00:00:00', '2023-10-22 00:00:00', '大青蛙', '大青蛙', '2023-07-18 09:17:31', 'frog', 'frog', '2023-07-18 09:17:31', NULL, '李保保', 'R0104#libaobao'),
('1681111267185590273', '2023070003', '芬达', '1666448895886286850', '饮料', '1666450136515272706', '百事可乐', 'R010104', 1000.00, '2023-07-11 03:00:01', '2023-10-15 00:00:00', '大青蛙', '大青蛙', '2023-07-18 09:18:54', 'frog', 'frog', '2023-07-18 09:18:54', NULL, '李保保', 'R0104#libaobao'),
('1681111385850839041', '2023070004', '红牛', '1666448895886286850', '饮料', '1680557991572852738', '红牛', 'R010104', 1000.00, '2023-07-11 00:00:00', '2023-10-29 00:00:01', '大青蛙', '大青蛙', '2023-07-18 09:19:23', 'frog', 'frog', '2023-07-18 09:19:23', NULL, '李保保', 'R0104#libaobao'),
('1681113399917871106', '2023070005', '青岛啤酒经典', '1666449794696273922', '啤酒', '1681112688870096897', '青啤', 'R010104', 1000.00, '2023-07-11 00:00:00', '2023-10-15 00:00:00', '大青蛙', '大青蛙', '2023-07-18 09:27:23', 'frog', 'frog', '2023-07-18 09:27:23', NULL, '武铁', 'R0203#wutie'),
('1681113515106041858', '2023070006', '奥古特', '1666449794696273922', '啤酒', '1681112688870096897', '青啤', 'R010104', 1000.00, '2023-07-11 00:00:00', '2023-09-23 00:00:01', '大青蛙', '大青蛙', '2023-07-18 09:27:50', 'frog', 'frog', '2023-07-18 09:27:50', NULL, '武铁', 'R0203#wutie'),
('1681113693863084034', '2023070007', '雪花啤酒', '1666449794696273922', '啤酒', '1681112881325735938', '雪花啤酒', 'R010104', 1000.00, '2023-07-12 00:00:00', '2023-09-24 00:00:00', '大青蛙', '大青蛙', '2023-07-18 09:28:33', 'frog', 'frog', '2023-07-18 09:28:33', NULL, '武铁', 'R0203#wutie'),
('1681113833432743937', '2023070008', '哈尔滨啤酒', '1666449794696273922', '啤酒', '1681113231113912321', '哈啤', 'R010104', 1000.00, '2023-07-18 00:00:00', '2023-09-24 00:00:01', '大青蛙', '大青蛙', '2023-07-18 09:29:06', 'frog', 'frog', '2023-07-18 09:29:06', NULL, '武铁', 'R0203#wutie');

INSERT INTO `wms_order` (`id`, `code`, `seller_code`, `seller`, `service_code`, `service`, `item_id`, `item_name`, `quantity`, `price`, `money`, `buyer`, `buyer_address`, `buyer_tel`, `create_user_cn_name`, `update_user_cn_name`, `create_time`, `create_user`, `update_user`, `update_time`, `note`, `group_id`, `unit`) VALUES
('1681846797082832897', 'O2023070001', 'R010201#wanglei', '王雷', 'R0103#xiaona', '小娜', '1679483178452287490', '百事可乐', 100.00, 2.50, 250.00, '刘星', NULL, '13986541122', '大青蛙', '大青蛙', '2023-07-20 10:01:38', 'frog', 'frog', '2023-05-03 15:36:54', NULL, 'R010104', NULL),
('1681847788666630146', 'O2023070002', 'R010201#wangfeng', '王凤', 'R0103#xiaojie', '小杰', '1681110917078646785', '雪碧', 100.00, 3.00, 300.00, '刘宇', NULL, '13865538716', '大青蛙', '大青蛙', '2023-07-20 10:05:35', 'frog', 'frog', '2023-07-20 10:05:35', NULL, 'R010104', NULL),
('1681848098743136257', 'O2023070003', 'R010202#wangdian', '王点', 'R0103#xiaoxin', '小欣', '1681111267185590273', '芬达', 100.00, 3.00, 300.00, '李秋', NULL, '13865538761', '大青蛙', '大青蛙', '2023-07-20 10:06:49', 'frog', 'frog', '2023-07-20 10:06:49', NULL, 'R010104', NULL),
('1681848282390736897', 'O2023070004', 'R010202#wangyu', '王雨', 'R0103#xiaoxin', '小欣', '1681111385850839041', '红牛', 200.00, 5.00, 1000.00, '赵迪', NULL, '13755432313', '大青蛙', '大青蛙', '2023-07-20 10:07:32', 'frog', 'frog', '2023-07-20 10:07:32', NULL, 'R010104', NULL),
('1681865196269764609', 'O2023070005', 'R020101#wangchun', '王春', 'R0202#xiaocui', '小翠', '1681113399917871106', '青岛啤酒经典', 100.00, 3.00, 300.00, '李艳', NULL, '13897651123', '大青蛙', '大青蛙', '2023-07-20 11:14:45', 'frog', 'frog', '2023-07-20 11:14:45', NULL, 'R010104', NULL),
('1682027747874230273', 'O2023070006', 'R020101#sunxia', '孙霞', 'R0202#xiaoru', '小如', '1681113515106041858', '奥古特', 100.00, 4.50, 450.00, '王冰', NULL, '13765539817', '大青蛙', '大青蛙', '2023-07-20 22:00:40', 'frog', 'frog', '2023-05-04 00:25:38', NULL, 'R010104', NULL),
('1682028203820240897', 'O2023070007', 'R020101#liqiu', '李秋', 'R0202#xiaolei', '小磊', '1681113693863084034', '雪花啤酒', 20.00, 3.00, 60.00, '李丽', NULL, '13865539817', '大青蛙', '大青蛙', '2023-07-20 22:02:29', 'frog', 'frog', '2023-05-04 00:25:38', NULL, 'R010104', NULL),
('1682028599145975809', 'O2023070008', 'R020101#zhaodong', '赵东', 'R0202#xiaocui', '小翠', '1681113833432743937', '哈尔滨啤酒', 30.00, 2.50, 75.00, '李杰', NULL, '13765539817', '大青蛙', '大青蛙', '2023-07-20 22:04:03', 'frog', 'frog', '2023-05-04 00:25:38', NULL, 'R010104', NULL),
('1682028832684822530', 'O2023070009', 'R020102#liri', '吴日', 'R0202#xiaolei', '小磊', '1681111385850839041', '红牛', 40.00, 5.00, 200.00, '刘佳丽', NULL, '13666532716', '大青蛙', '大青蛙', '2023-07-20 22:04:59', 'frog', 'frog', '2023-05-04 00:25:38', NULL, 'R010104', NULL),
('1682029012939231234', 'O2023070010', 'R020102#liuyue', '刘月', 'R0202#xiaocui', '小翠', '1681111267185590273', '芬达', 30.00, 3.00, 90.00, '韩立', NULL, '13965539817', '大青蛙', '大青蛙', '2023-07-20 22:05:42', 'frog', 'frog', '2023-05-04 00:25:38', NULL, 'R010104', NULL),
('1682029204438568962', 'O2023070011', 'R0201#hankai', '韩凯', 'R0202#xiaoru', '小如', '1679483178452287490', '百事可乐', 55.00, 2.50, 137.50, '王刚', NULL, '13865538717', '大青蛙', '大青蛙', '2023-07-20 22:06:28', 'frog', 'frog', '2023-05-04 00:25:38', NULL, 'R010104', NULL);

INSERT INTO `wms_provider` (`id`, `code`, `name`, `simple_name`, `link_man`, `link_phone`, `group_id`, `create_user_cn_name`, `update_user_cn_name`, `create_time`, `create_user`, `update_user`, `update_time`, `note`) VALUES
('1666450136515272706', 'PESI', '百事可乐有限公司', '百事可乐', '王雷雷', '13698761234', 'R010104', '大青蛙', '大青蛙', '2023-06-07 22:20:48', 'frog', 'frog', '2023-06-07 22:26:27', '这是百事可乐'),
('1680557991572852738', 'HONGNIU', '红牛集团', '红牛', '王旺', '13965531090', 'R010104', '大青蛙', '大青蛙', '2023-07-16 20:40:23', 'frog', 'frog', '2023-07-16 20:40:23', NULL),
('1680558156371251202', 'NONGFU', '农夫山泉集团', '农夫山泉', '李丽', '13876673435', 'R010104', '大青蛙', '大青蛙', '2023-07-16 20:41:02', 'frog', 'frog', '2023-07-16 20:41:02', NULL),
('1680558321404530689', 'WAHAHA', '娃哈哈集团', '娃哈哈', '刘洋', '13876651918', 'R010104', '大青蛙', '大青蛙', '2023-07-16 20:41:42', 'frog', 'frog', '2023-07-16 20:41:42', NULL),
('1681112688870096897', 'TSINGTAO', '青岛啤酒集团', '青啤', '孙一', '13987441122', 'R010104', '大青蛙', '大青蛙', '2023-07-18 09:24:33', 'frog', 'frog', '2023-07-18 09:24:33', NULL),
('1681112881325735938', 'SNOW', '华润集团', '雪花啤酒', '赵丽', '13987882323', 'R010104', '大青蛙', '大青蛙', '2023-07-18 09:25:19', 'frog', 'frog', '2023-07-18 09:25:19', NULL),
('1681113052465922050', 'YANJING', '燕京集团', '燕京', '秦双双', '13965539813', 'R010104', '大青蛙', '大青蛙', '2023-07-18 09:26:00', 'frog', 'frog', '2023-07-18 09:26:00', NULL),
('1681113231113912321', 'HAERBIN', '哈尔滨啤酒有限公司', '哈啤', '王自力', '13088113333', 'R010104', '大青蛙', '大青蛙', '2023-07-18 09:26:43', 'frog', 'frog', '2023-07-18 09:26:43', NULL);



/*!40101 SET SQL_MODE=@OLD_SQL_MODE */;
/*!40014 SET FOREIGN_KEY_CHECKS=@OLD_FOREIGN_KEY_CHECKS */;
/*!40014 SET UNIQUE_CHECKS=@OLD_UNIQUE_CHECKS */;
/*!40101 SET CHARACTER_SET_CLIENT=@OLD_CHARACTER_SET_CLIENT */;
/*!40101 SET CHARACTER_SET_RESULTS=@OLD_CHARACTER_SET_RESULTS */;
/*!40101 SET COLLATION_CONNECTION=@OLD_COLLATION_CONNECTION */;
/*!40111 SET SQL_NOTES=@OLD_SQL_NOTES */;